Movie Name,Storyline,Rating,Voting Count,Image URL,Duration,Year,Cleaned_Storyline
We Bury the Dead,"After a catastrophic military disaster, the dead don't just rise - they hunt. Ava searches for her missing husband, but what she finds is far more terrifying.",5.6, (7.6K,"https://m.media-amazon.com/images/M/MV5BNzQwZDIzMWEtZDNkOS00ODI5LWI1YmYtNDU3MTM0NWQ0MDVmXkEyXkFqcGc@._V1_QL75_UX90_CR0,0,90,133_.jpg",1h 34m,2024.0,After a catastrophic military disaster the dead dont just rise  they hunt ava searches for her missing husband but what she finds is far more terrifying
The Substance,"A fading celebrity takes a black-market drug: a cell-replicating substance that helps her create a younger, better version of herself.",7.2, (405K,"https://m.media-amazon.com/images/M/MV5BZDQ1NGE5MGMtYzdlZC00ODExLWJlMDMtNWU4NjA5OWYwMDEwXkEyXkFqcGc@._V1_QL75_UY133_CR1,0,90,133_.jpg",2h 21m,2024.0,A fading celebrity takes a blackmarket drug a cellreplicating substance that helps her create a younger better version of herself
The Life of Chuck,"A life-affirming, genre-bending story about three chapters in the life of an ordinary man named Charles Krantz.",7.3, (60K,"https://m.media-amazon.com/images/M/MV5BZDhlMzJhMTgtN2FhZS00OWQ1LTk3Y2ItZGNiNTQ0ZmUzYmIzXkEyXkFqcGc@._V1_QL75_UX90_CR0,0,90,133_.jpg",1h 51m,2024.0,A lifeaffirming genrebending story about three chapters in the life of an ordinary man named charles krantz
Eden,"Based on a factual account of a group of outsiders who settle on a remote island only to discover their greatest threat isn't the brutal climate or deadly wildlife, but each other.",6.5, (40K,"https://m.media-amazon.com/images/M/MV5BMmU3YjQ1YzAtMGU4OS00MWJkLTg2NGMtM2NmMmQ3NTM3NjNjXkEyXkFqcGc@._V1_QL75_UX90_CR0,0,90,133_.jpg",2h 9m,2024.0,Based on a factual account of a group of outsiders who settle on a remote island only to discover their greatest threat isnt the brutal climate or deadly wildlife but each other
I Was a Stranger,"Five strangers are pulled together, colliding on a single night where survival is uncertain.",8.7, (11K,"https://m.media-amazon.com/images/M/MV5BZGEwOTRmYmYtMzIyZS00YjQ1LThiNmYtYWJjZDg3NTU0NzQ5XkEyXkFqcGc@._V1_QL75_UX90_CR0,0,90,133_.jpg",1h 44m,2024.0,Five strangers are pulled together colliding on a single night where survival is uncertain
Bone Lake,"A couple's vacation at a secluded estate is upended when they're forced to share the mansion with a mysterious couple. A dream getaway spirals into a nightmarish maze of sex, lies, and manipulation, triggering a battle for survival.",5.6, (11K,"https://m.media-amazon.com/images/M/MV5BMzUzODVlYTItMDFlNC00ODM2LTg0ZDYtZjRlZWI2ZGMzMTljXkEyXkFqcGc@._V1_QL75_UX90_CR0,0,90,133_.jpg",1h 34m,2024.0,A couples vacation at a secluded estate is upended when theyre forced to share the mansion with a mysterious couple a dream getaway spirals into a nightmarish maze of sex lies and manipulation triggering a battle for survival
Anora,"A young stripper from Brooklyn meets and impulsively marries the son of a Russian oligarch. Once the news reaches Russia, her fairy tale is threatened as his parents set out for New York to get the marriage annulled.",7.4, (264K,"https://m.media-amazon.com/images/M/MV5BYThiN2M0NTItODRmNC00NDhlLWFiYTgtMWM2YTEyYzI3ZTY1XkEyXkFqcGc@._V1_QL75_UX90_CR0,0,90,133_.jpg",2h 19m,2024.0,A young stripper from brooklyn meets and impulsively marries the son of a russian oligarch once the news reaches russia her fairy tale is threatened as his parents set out for new york to get the marriage annulled
Longlegs,"In pursuit of a serial killer, an FBI agent uncovers a series of occult clues that she must solve to end his terrifying killing spree.",6.5, (219K,"https://m.media-amazon.com/images/M/MV5BMmJkNGNiNjgtMzFlYy00ZDI5LWI2YzktZGVjYjI5MjQyMGU3XkEyXkFqcGc@._V1_QL75_UX90_CR0,0,90,133_.jpg",1h 41m,2024.0,In pursuit of a serial killer an fbi agent uncovers a series of occult clues that she must solve to end his terrifying killing spree
Dune: Part Two,"Paul Atreides unites with the Fremen while on a warpath of revenge against the conspirators who destroyed his family. Facing a choice between the love of his life and the fate of the universe, he endeavors to prevent a terrible future.",8.4, (717K,"https://m.media-amazon.com/images/M/MV5BNTc0YmQxMjEtODI5MC00NjFiLTlkMWUtOGQ5NjFmYWUyZGJhXkEyXkFqcGc@._V1_QL75_UX90_CR0,0,90,133_.jpg",2h 46m,2024.0,Paul atreides unites with the fremen while on a warpath of revenge against the conspirators who destroyed his family facing a choice between the love of his life and the fate of the universe he endeavors to prevent a terrible future
Nosferatu,"A gothic tale of obsession between a haunted young woman and the terrifying vampire infatuated with her, causing untold horror in its wake.",7.1, (260K,"https://m.media-amazon.com/images/M/MV5BY2FhZGE3NmEtNWJjOC00NDI1LWFhMTQtMjcxNmQzZmEwNGIzXkEyXkFqcGc@._V1_QL75_UX90_CR0,0,90,133_.jpg",2h 12m,2024.0,A gothic tale of obsession between a haunted young woman and the terrifying vampire infatuated with her causing untold horror in its wake
Blink Twice,"When tech billionaire Slater King meets cocktail waitress Frida at his fundraising gala, he invites her to join him and his friends on a dream vacation on his private island. As strange things start to happen, Frida questions her reality.",6.5, (126K,"https://m.media-amazon.com/images/M/MV5BMzczYmQ0NTUtMTM5OS00Mzc4LWExZDYtOWE4YjRkOWJkYWRlXkEyXkFqcGc@._V1_QL75_UX90_CR0,1,90,133_.jpg",1h 42m,2024.0,When tech billionaire slater king meets cocktail waitress frida at his fundraising gala he invites her to join him and his friends on a dream vacation on his private island as strange things start to happen frida questions her reality
Relay,A broker of lucrative payoffs between corrupt corporations and the individuals who threaten them breaks his own rules when a new client seeks his protection to stay alive.,7.0, (30K,"https://m.media-amazon.com/images/M/MV5BYzFhMjljODMtYTY3MS00NmFiLWEzOTAtNTczZjQ1NGMwMjE4XkEyXkFqcGc@._V1_QL75_UX90_CR0,0,90,133_.jpg",1h 52m,2024.0,A broker of lucrative payoffs between corrupt corporations and the individuals who threaten them breaks his own rules when a new client seeks his protection to stay alive
IF,A young girl who goes through a difficult experience begins to see everyone's imaginary friends who have been left behind as their real-life friends have grown up.,6.4, (65K,"https://m.media-amazon.com/images/M/MV5BYjFiY2U2NjUtMWIxMy00NjJkLWI3OTItYzM3MzBlZDkyMDNkXkEyXkFqcGc@._V1_QL75_UY133_CR0,0,90,133_.jpg",1h 44m,2024.0,A young girl who goes through a difficult experience begins to see everyones imaginary friends who have been left behind as their reallife friends have grown up
The Fall Guy,"A stuntman, fresh off an almost career-ending accident, has to track down a missing movie star, solve a conspiracy and try to win back the love of his life while still doing his day job.",6.8, (252K,"https://m.media-amazon.com/images/M/MV5BM2U0MTJiYTItMjNiZS00MzU4LTkxYTAtYTU0ZGY1ODJhMjRhXkEyXkFqcGc@._V1_QL75_UX90_CR0,4,90,133_.jpg",2h 6m,2024.0,A stuntman fresh off an almost careerending accident has to track down a missing movie star solve a conspiracy and try to win back the love of his life while still doing his day job
Babygirl,A high-powered CEO puts her career and family on the line when she begins a torrid affair with her much-younger intern.,5.8, (79K,"https://m.media-amazon.com/images/M/MV5BMmUwODYwODAtYWZkZS00YmUwLWFmMWEtOGNjMjE2NDk3OWIwXkEyXkFqcGc@._V1_QL75_UX90_CR0,3,90,133_.jpg",1h 54m,2024.0,A highpowered ceo puts her career and family on the line when she begins a torrid affair with her muchyounger intern
Heretic,Two young religious women are drawn into a game of cat-and-mouse in the house of a strange man.,7.0, (218K,"https://m.media-amazon.com/images/M/MV5BMzFiMWM4YjAtY2Y3Yi00MDIzLTk0N2MtYTAwNGM3ZmMwODhlXkEyXkFqcGc@._V1_QL75_UX90_CR0,0,90,133_.jpg",1h 51m,2024.0,Two young religious women are drawn into a game of catandmouse in the house of a strange man
A Complete Unknown,"In 1961, an unknown 19-year-old Bob Dylan arrives in New York City with his guitar and forges relationships with musical icons on his meteoric rise, culminating in a groundbreaking performance that reverberates around the world.",7.3, (114K,"https://m.media-amazon.com/images/M/MV5BYTA2NTA5NDYtMzlkOC00MTQxLWI0NDQtMzk2M2YzMGE4MTkxXkEyXkFqcGc@._V1_QL75_UX90_CR0,1,90,133_.jpg",2h 21m,2024.0,In  an unknown yearold bob dylan arrives in new york city with his guitar and forges relationships with musical icons on his meteoric rise culminating in a groundbreaking performance that reverberates around the world
Deadpool & Wolverine,"Deadpool is offered a place in the Marvel Cinematic Universe by the Time Variance Authority, but instead recruits a variant of Wolverine to save his universe from extinction.",7.5, (556K,"https://m.media-amazon.com/images/M/MV5BZTk5ODY0MmQtMzA3Ni00NGY1LThiYzItZThiNjFiNDM4MTM3XkEyXkFqcGc@._V1_QL75_UX90_CR0,0,90,133_.jpg",2h 8m,2024.0,Deadpool is offered a place in the marvel cinematic universe by the time variance authority but instead recruits a variant of wolverine to save his universe from extinction
The Brutalist,A visionary architect flees post-war Europe in 1947 for a brighter future in the United States and finds his life forever changed by a wealthy client.,7.2, (133K,"https://m.media-amazon.com/images/M/MV5BM2U0MWRjZTMtMDVhNC00MzY4LTgwOTktZGQ2MDdiYTI4OWMxXkEyXkFqcGc@._V1_QL75_UX90_CR0,3,90,133_.jpg",3h 36m,2024.0,A visionary architect flees postwar europe in  for a brighter future in the united states and finds his life forever changed by a wealthy client
Wicked,"Elphaba, a young woman ridiculed for her green skin, and Galinda, a popular girl, become friends at Shiz University in the Land of Oz. After an encounter with the Wonderful Wizard of Oz, their friendship reaches a crossroads.",7.3, (225K,"https://m.media-amazon.com/images/M/MV5BOWMwYjYzYmMtMWQ2Ni00NWUwLTg2MzAtYzkzMDBiZDIwOTMwXkEyXkFqcGc@._V1_QL75_UX90_CR0,4,90,133_.jpg",2h 40m,2024.0,Elphaba a young woman ridiculed for her green skin and galinda a popular girl become friends at shiz university in the land of oz after an encounter with the wonderful wizard of oz their friendship reaches a crossroads
Civil War,"In a dystopian future, four journalists travel across the United States during a nation-wide conflict. While trying to survive, they aim to reach the White House to interview the president before he is overthrown.",7.0, (264K,"https://m.media-amazon.com/images/M/MV5BYTkzMjc0YzgtY2E0Yi00NDBlLWI0MWUtODY1ZjExMDAyOWZiXkEyXkFqcGc@._V1_QL75_UX90_CR0,0,90,133_.jpg",1h 49m,2024.0,In a dystopian future four journalists travel across the united states during a nationwide conflict while trying to survive they aim to reach the white house to interview the president before he is overthrown
The Wild Robot,"After a shipwreck, an intelligent robot called Roz is stranded on an uninhabited island. To survive the harsh environment, Roz bonds with the island's animals and cares for an orphaned baby goose.",8.2, (215K,"https://m.media-amazon.com/images/M/MV5BZWNiZjVlZTUtNGUwYi00MjJmLTg2MDctNWEzYTJiMzY1ODc4XkEyXkFqcGc@._V1_QL75_UX90_CR0,4,90,133_.jpg",1h 42m,2024.0,After a shipwreck an intelligent robot called roz is stranded on an uninhabited island to survive the harsh environment roz bonds with the islands animals and cares for an orphaned baby goose
Gladiator II,"After his home is conquered by the tyrannical emperors who now lead Rome, Lucius is forced to enter the Colosseum and must look to his past to find strength to return the glory of Rome to its people.",6.5, (289K,"https://m.media-amazon.com/images/M/MV5BMWYzZTM5ZGQtOGE5My00NmM2LWFlMDEtMGNjYjdmOWM1MzA1XkEyXkFqcGc@._V1_QL75_UX90_CR0,0,90,133_.jpg",2h 28m,2024.0,After his home is conquered by the tyrannical emperors who now lead rome lucius is forced to enter the colosseum and must look to his past to find strength to return the glory of rome to its people
The Ministry of Ungentlemanly Warfare,The British military recruits a small group of highly skilled soldiers to strike against German forces behind enemy lines during World War II.,6.8, (154K,"https://m.media-amazon.com/images/M/MV5BYmIxODc5ZjMtYzZmZS00OTE5LThkZDktNWNmODNiZjFhMDgyXkEyXkFqcGc@._V1_QL75_UX90_CR0,0,90,133_.jpg",2h 2m,2024.0,The british military recruits a small group of highly skilled soldiers to strike against german forces behind enemy lines during world war ii
It Ends with Us,"When a woman's first love suddenly reenters her life, her relationship with a charming, but abusive neurosurgeon is upended and she realizes she must learn to rely on her own strength to make an impossible choice for her future.",6.3, (98K,"https://m.media-amazon.com/images/M/MV5BYzM2NGMzNGQtZjNhMi00MTVkLTg2ZGQtN2M4OTllYzU1Y2Y0XkEyXkFqcGc@._V1_QL75_UX90_CR0,0,90,133_.jpg",2h 10m,2024.0,When a womans first love suddenly reenters her life her relationship with a charming but abusive neurosurgeon is upended and she realizes she must learn to rely on her own strength to make an impossible choice for her future
We Live in Time,"After an unusual encounter, a talented chef and a recently divorcée fall in love and build the home and family they've always dreamed of, until a painful truth puts their love story to the test.",7.0, (70K,"https://m.media-amazon.com/images/M/MV5BYmQwNzRiNmItODc4Ny00Mjk4LThmYWQtNjI5OGU4OGUxMmY0XkEyXkFqcGc@._V1_QL75_UY133_CR1,0,90,133_.jpg",1h 48m,2024.0,After an unusual encounter a talented chef and a recently divorce fall in love and build the home and family theyve always dreamed of until a painful truth puts their love story to the test
Challengers,"Tashi, a former tennis prodigy turned coach, transformed her husband into a champion. But to overcome a recent losing streak and redeem himself, he'll need to face off against his former best friend and Tashi's ex-boyfriend.",7.0, (175K,"https://m.media-amazon.com/images/M/MV5BZTcyZGIyODctZGJhOS00MWUyLWI5ZWEtMjg4YzhkMDczMDBhXkEyXkFqcGc@._V1_QL75_UX90_CR0,0,90,133_.jpg",2h 11m,2024.0,Tashi a former tennis prodigy turned coach transformed her husband into a champion but to overcome a recent losing streak and redeem himself hell need to face off against his former best friend and tashis exboyfriend
Kinds of Kindness,"A man seeks to break free from his predetermined path, a cop questions his wife's demeanor after her return from a supposed drowning, and a woman searches for an extraordinary individual prophesied to become a renowned spiritual guide.",6.4, (70K,"https://m.media-amazon.com/images/M/MV5BMjZmZGY1MzMtNDVkNi00NjE2LTlkMzMtMmUzNWExY2ExZWI2XkEyXkFqcGc@._V1_QL75_UX90_CR0,1,90,133_.jpg",2h 44m,2024.0,A man seeks to break free from his predetermined path a cop questions his wifes demeanor after her return from a supposed drowning and a woman searches for an extraordinary individual prophesied to become a renowned spiritual guide
Alien: Romulus,"While scavenging the deep ends of a derelict space station, a group of young space colonists come face to face with the most terrifying life form in the universe.",7.1, (281K,"https://m.media-amazon.com/images/M/MV5BMDU0NjcwOGQtNjNjOS00NzQ3LWIwM2YtYWVmODZjMzQzN2ExXkEyXkFqcGc@._V1_QL75_UX90_CR0,0,90,133_.jpg",1h 59m,2024.0,While scavenging the deep ends of a derelict space station a group of young space colonists come face to face with the most terrifying life form in the universe
Twisters,"Kate Carter, a retired tornado-chaser and meteorologist, is persuaded to return to Oklahoma to work with a new team and new technologies.",6.5, (192K,"https://m.media-amazon.com/images/M/MV5BNjM4MWEwMTEtNTcwYi00ZDI4LWEwMzUtNDMzODBhZmI5MWE1XkEyXkFqcGc@._V1_QL75_UX90_CR0,0,90,133_.jpg",2h 2m,2024.0,Kate carter a retired tornadochaser and meteorologist is persuaded to return to oklahoma to work with a new team and new technologies
Your Monster,"After her life falls apart, soft-spoken actress Laura Franco finds her voice again when she meets a terrifying, yet weirdly charming Monster living in her closet. A romantic-comedy-horror film about falling in love with your inner rage.",6.4, (8K,"https://m.media-amazon.com/images/M/MV5BNjNmMjU0MDAtYTQ4Ni00ODdjLWFlNjMtNDk2ZmNkMjE2Y2ZiXkEyXkFqcGc@._V1_QL75_UX90_CR0,0,90,133_.jpg",1h 43m,2024.0,After her life falls apart softspoken actress laura franco finds her voice again when she meets a terrifying yet weirdly charming monster living in her closet a romanticcomedyhorror film about falling in love with your inner rage
The Idea of You,"Solène, a 40-year-old single mom, begins an unexpected romance with 24-year-old Hayes Campbell, the lead singer of August Moon, the hottest boy band on the planet.",6.3, (83K,"https://m.media-amazon.com/images/M/MV5BY2RkZmZjYTQtOGExMS00YTljLWJmNzQtMzI0ZDU3YzFjNzJkXkEyXkFqcGc@._V1_QL75_UX90_CR0,0,90,133_.jpg",1h 55m,2024.0,Solne a yearold single mom begins an unexpected romance with yearold hayes campbell the lead singer of august moon the hottest boy band on the planet
Trap,A father and his teen daughter attend a pop concert only to realize they've entered the center of a dark and sinister event.,5.8, (161K,"https://m.media-amazon.com/images/M/MV5BMzJiN2UyZjgtMjQ3MS00MDhhLTg5ZDItZmVjMTU3MTcwNzE4XkEyXkFqcGc@._V1_QL75_UX90_CR0,0,90,133_.jpg",1h 45m,2024.0,A father and his teen daughter attend a pop concert only to realize theyve entered the center of a dark and sinister event
The Beekeeper,A former operative of a powerful organization embarks on a brutal campaign for vengeance.,6.3, (177K,"https://m.media-amazon.com/images/M/MV5BNzg3YjVmZGYtOTc5MC00MDdiLTllOTYtZWQ0ODQ1MmMyNTExXkEyXkFqcGc@._V1_QL75_UX90_CR0,0,90,133_.jpg",1h 45m,2024.0,A former operative of a powerful organization embarks on a brutal campaign for vengeance
Speak No Evil,"A family is invited to spend a whole weekend in a lonely home in the countryside, but as the weekend progresses, they realize that a dark side lies within the family who invited them.",6.8, (129K,"https://m.media-amazon.com/images/M/MV5BMWI2OWFjNjgtOTQ2Zi00MjlmLTg2MGYtNmE4MjMyZjIzMDA0XkEyXkFqcGc@._V1_QL75_UX90_CR0,4,90,133_.jpg",1h 50m,2024.0,A family is invited to spend a whole weekend in a lonely home in the countryside but as the weekend progresses they realize that a dark side lies within the family who invited them
Conclave,"When Cardinal Lawrence is tasked with leading the selection of a new Pope, he finds himself in a web of conspiracy and intrigue that could shake the very foundations of the Catholic Church.",7.4, (252K,"https://m.media-amazon.com/images/M/MV5BYjgxMDI5NmMtNTU3OS00ZDQxLTgxZmEtNzY1ZTBmMDY4NDRkXkEyXkFqcGc@._V1_QL75_UX90_CR0,0,90,133_.jpg",2h,2024.0,When cardinal lawrence is tasked with leading the selection of a new pope he finds himself in a web of conspiracy and intrigue that could shake the very foundations of the catholic church
Friendship,A suburban dad falls hard for his charismatic new neighbor.,6.6, (38K,"https://m.media-amazon.com/images/M/MV5BMzljN2M1MWMtYmUwMi00YWM5LTllMGItNzZlMmU1NWM2NTY5XkEyXkFqcGc@._V1_QL75_UX90_CR0,0,90,133_.jpg",1h 40m,2024.0,A suburban dad falls hard for his charismatic new neighbor
Fly Me to the Moon,"Marketing maven Kelly Jones wreaks havoc on NASA launch director Cole Davis's already difficult task. When the White House deems the mission too important to fail, the countdown truly begins.",6.6, (57K,"https://m.media-amazon.com/images/M/MV5BYzI4MzRlMGYtYWUwMC00M2FkLTliN2ItNDA1MDJhOTgwMzY5XkEyXkFqcGc@._V1_QL75_UX90_CR0,1,90,133_.jpg",2h 12m,2024.0,Marketing maven kelly jones wreaks havoc on nasa launch director cole daviss already difficult task when the white house deems the mission too important to fail the countdown truly begins
Furiosa: A Mad Max Saga,"After being snatched from the Green Place of Many Mothers, while the tyrants Dementus and Immortan Joe fight for power and control, the young Furiosa must survive many trials as she puts together the means to find her way home.",7.5, (315K,"https://m.media-amazon.com/images/M/MV5BNTcwYWE1NTYtOWNiYy00NzY3LWIwY2MtNjJmZDkxNDNmOWE1XkEyXkFqcGc@._V1_QL75_UX90_CR0,0,90,133_.jpg",2h 28m,2024.0,After being snatched from the green place of many mothers while the tyrants dementus and immortan joe fight for power and control the young furiosa must survive many trials as she puts together the means to find her way home
Small Things Like These,In 1985 devoted father Bill Furlong discovers disturbing secrets kept by the local convent and uncovers shocking truths of his own.,6.7, (36K,"https://m.media-amazon.com/images/M/MV5BYzM2MmVkY2QtMTdmOS00YmNhLTg3NjktNmY1YTQ3ODQ0MTAxXkEyXkFqcGc@._V1_QL75_UY133_CR4,0,90,133_.jpg",1h 38m,2024.0,In  devoted father bill furlong discovers disturbing secrets kept by the local convent and uncovers shocking truths of his own
Abigail,"After a group of criminals kidnap the ballerina daughter of a powerful underworld figure, they retreat to an isolated mansion, unaware that they're locked inside with no normal little girl.",6.5, (114K,"https://m.media-amazon.com/images/M/MV5BNmUxMDRiNjQtYjE0NS00OWZkLTlhZjktYjQ1MmNjNDlhNDdkXkEyXkFqcGc@._V1_QL75_UX90_CR0,4,90,133_.jpg",1h 49m,2024.0,After a group of criminals kidnap the ballerina daughter of a powerful underworld figure they retreat to an isolated mansion unaware that theyre locked inside with no normal little girl
Kraven the Hunter,"Kraven's complex relationship with his ruthless father, Nikolai Kravinoff, starts him down a path of vengeance with brutal consequences, motivating him to become not only the greatest hunter in the world, but also one of its most feared.",5.5, (79K,"https://m.media-amazon.com/images/M/MV5BZDU0YTI5ODAtN2NmMS00YTg3LTgyNDItN2RmOWEzOTkzZjcyXkEyXkFqcGc@._V1_QL75_UX90_CR0,0,90,133_.jpg",2h 7m,2024.0,Kravens complex relationship with his ruthless father nikolai kravinoff starts him down a path of vengeance with brutal consequences motivating him to become not only the greatest hunter in the world but also one of its most feared
Road House,"Ex-UFC fighter Dalton takes a job as a bouncer at a Florida Keys roadhouse, only to discover that this paradise is not all it seems.",6.2, (182K,"https://m.media-amazon.com/images/M/MV5BODVkYjlkM2UtNWVlMS00N2U1LTgxOTYtODlmNmE1YTgzMjczXkEyXkFqcGc@._V1_QL75_UX90_CR0,0,90,133_.jpg",2h 1m,2024.0,Exufc fighter dalton takes a job as a bouncer at a florida keys roadhouse only to discover that this paradise is not all it seems
I'm Still Here,A woman married to a former politician during the military dictatorship in Brazil is forced to reinvent herself and chart a new course for her family after a violent and arbitrary act.,8.1, (145K,"https://m.media-amazon.com/images/M/MV5BM2FjMjBiZjgtZDkyYy00YTRlLTk5N2QtODE2ZWIyYWE0Yzg0XkEyXkFqcGc@._V1_QL75_UX90_CR0,0,90,133_.jpg",2h 17m,2024.0,A woman married to a former politician during the military dictatorship in brazil is forced to reinvent herself and chart a new course for her family after a violent and arbitrary act
Freaky Tales,"Four interconnected stories set in 1987 Oakland, CA. will tell about the love of music, movies, people, places and memories beyond our knowable universe.",6.2, (17K,"https://m.media-amazon.com/images/M/MV5BOTYyNmYyN2EtYTFjNS00ZWY5LWJiZmMtNTk5N2MyYzkzMDhmXkEyXkFqcGc@._V1_QL75_UX90_CR0,1,90,133_.jpg",1h 47m,2024.0,Four interconnected stories set in  oakland ca will tell about the love of music movies people places and memories beyond our knowable universe
Flow,"Cat is a solitary animal, but as its home is devastated by a great flood, he finds refuge on a boat populated by various species, and will have to team up with them despite their differences.",7.9, (123K,"https://m.media-amazon.com/images/M/MV5BOTM5ODBlOTAtYjcwZi00YzkzLWIzODEtMTM2MTZlNDFmMWU2XkEyXkFqcGc@._V1_QL75_UX90_CR0,1,90,133_.jpg",1h 25m,2024.0,Cat is a solitary animal but as its home is devastated by a great flood he finds refuge on a boat populated by various species and will have to team up with them despite their differences
A Quiet Place: Day One,A young woman named Sam finds herself trapped in New York City during the early stages of an invasion by alien creatures with ultra-sensitive hearing.,6.3, (172K,"https://m.media-amazon.com/images/M/MV5BMDdjZTljZWMtMDIwNi00MTA5LTkxZmItNmY0NDA3ZDM0N2M2XkEyXkFqcGc@._V1_QL75_UX90_CR0,0,90,133_.jpg",1h 39m,2024.0,A young woman named sam finds herself trapped in new york city during the early stages of an invasion by alien creatures with ultrasensitive hearing
Madame Web,"Forced to confront her past, Cassandra Webb, a Manhattan paramedic that may have clairvoyant abilities, forms a relationship with three young women destined for powerful futures, if they can survive their threatening present.",4.1, (113K,"https://m.media-amazon.com/images/M/MV5BODViOTZiOTQtOTc4ZC00ZjUxLWEzMjItY2ExMmNlNDliNjE4XkEyXkFqcGc@._V1_QL75_UX90_CR0,0,90,133_.jpg",1h 56m,2024.0,Forced to confront her past cassandra webb a manhattan paramedic that may have clairvoyant abilities forms a relationship with three young women destined for powerful futures if they can survive their threatening present
Wolfs,"Two rival fixers cross paths when they're both called in to help cover up a prominent New York official's misstep. Over one explosive night, they'll have to set aside their petty grievances and their egos to finish the job.",6.5, (101K,"https://m.media-amazon.com/images/M/MV5BNWI2MzdiM2ItMTg2Zi00MTYwLThlZmItM2FkNWI4NjE3ZjRhXkEyXkFqcGc@._V1_QL75_UY133_CR8,0,90,133_.jpg",1h 48m,2024.0,Two rival fixers cross paths when theyre both called in to help cover up a prominent new york officials misstep over one explosive night theyll have to set aside their petty grievances and their egos to finish the job
Ghostbusters: Frozen Empire,"When the discovery of an ancient artifact unleashes an evil force, Ghostbusters new and old must join forces to protect their home and save the world from a second ice age.",6.1, (104K,"https://m.media-amazon.com/images/M/MV5BOWI5NGUyMzUtMGFiNi00ZTc3LTk1YTQtMDU0NGRjNGIxZTZmXkEyXkFqcGc@._V1_QL75_UX90_CR0,0,90,133_.jpg",1h 55m,2024.0,When the discovery of an ancient artifact unleashes an evil force ghostbusters new and old must join forces to protect their home and save the world from a second ice age
The Order,A series of bank robberies and car heists frightens communities in the Pacific Northwest. A lone FBI agent believes that the crimes were not the work of financially motivated criminals but rather a group of dangerous domestic terrorists.,6.8, (60K,"https://m.media-amazon.com/images/M/MV5BZWIxOGQyYjYtOGEwOC00YWNjLWJmNTktZjJlM2RmNTdjMmVlXkEyXkFqcGc@._V1_QL75_UX90_CR0,0,90,133_.jpg",1h 56m,2024.0,A series of bank robberies and car heists frightens communities in the pacific northwest a lone fbi agent believes that the crimes were not the work of financially motivated criminals but rather a group of dangerous domestic terrorists
The Instigators,Follows two robbers who must go on the run with the help of one of their therapists after a theft doesn't go as planned.,6.2, (42K,"https://m.media-amazon.com/images/M/MV5BYTExNzBhOTAtOGIyYy00MzY5LWFjOWYtZDE2NDE0ZmI3Y2Q3XkEyXkFqcGc@._V1_QL75_UX90_CR0,1,90,133_.jpg",1h 41m,2024.0,Follows two robbers who must go on the run with the help of one of their therapists after a theft doesnt go as planned
MaXXXine,"In 1980s Hollywood, adult film star and aspiring actress Maxine Minx finally gets her big break. But as a mysterious killer stalks the starlets of Hollywood, a trail of blood threatens to reveal her sinister past.",6.2, (84K,"https://m.media-amazon.com/images/M/MV5BNjBmYzFmODktNDIyZC00NWFmLTk2NTctYmZiY2E2OTA2OTc0XkEyXkFqcGc@._V1_QL75_UX90_CR0,0,90,133_.jpg",1h 43m,2024.0,In s hollywood adult film star and aspiring actress maxine minx finally gets her big break but as a mysterious killer stalks the starlets of hollywood a trail of blood threatens to reveal her sinister past
The Strangers: Chapter 1,"After their car breaks down in an eerie small town, a young couple is forced to spend the night in a remote cabin. Panic ensues as they are terrorized by three masked strangers who strike with no mercy and seemingly no motive.",4.7, (28K,"https://m.media-amazon.com/images/M/MV5BMjkxMDFlNjctZmEzYS00NjA3LWExNDUtNmI4ZDM2ZGQyNzYzXkEyXkFqcGc@._V1_QL75_UX90_CR0,0,90,133_.jpg",1h 31m,2024.0,After their car breaks down in an eerie small town a young couple is forced to spend the night in a remote cabin panic ensues as they are terrorized by three masked strangers who strike with no mercy and seemingly no motive
The Apprentice,"A young man took over his father's real-estate business in 1970s and '80s New York, and got the helping hand of an infamous closeted gay lawyer who helped him turn this young man into a notorious legend. Based on true events.",7.1, (71K,"https://m.media-amazon.com/images/M/MV5BZjI3MWUwOTMtOTY1YS00NzE0LWE1OTYtYmQ0Mjg2NDEyMzMxXkEyXkFqcGc@._V1_QL75_UY133_CR2,0,90,133_.jpg",2h 2m,2024.0,A young man took over his fathers realestate business in s and s new york and got the helping hand of an infamous closeted gay lawyer who helped him turn this young man into a notorious legend based on true events
Smile 2,"About to embark on a world tour, global pop sensation Skye Riley begins experiencing increasingly terrifying and inexplicable events. Overwhelmed by the escalating horrors and the pressures of fame, Skye is forced to face her past.",6.7, (136K,"https://m.media-amazon.com/images/M/MV5BYTg5OTMyMGMtYzMwNC00NDMyLWE0OGUtMTQ1ODcwM2FjOTM4XkEyXkFqcGc@._V1_QL75_UX90_CR0,0,90,133_.jpg",2h 7m,2024.0,About to embark on a world tour global pop sensation skye riley begins experiencing increasingly terrifying and inexplicable events overwhelmed by the escalating horrors and the pressures of fame skye is forced to face her past
Tell Me What You Want,"After his father's death, Eric Zimmerman travels to Spain to oversee his company's branches. In Madrid, he falls for Judith and engage in an intense, erotic relationship full of exploration. Eric fears his secret may end their affair.",4.0, (2.2K,"https://m.media-amazon.com/images/M/MV5BNWE0OTZkMjItNTU5MS00ZGRjLThkOTEtMjdjZGJjZjUxOTVkXkEyXkFqcGc@._V1_QL75_UY133_CR5,0,90,133_.jpg",1h 54m,2024.0,After his fathers death eric zimmerman travels to spain to oversee his companys branches in madrid he falls for judith and engage in an intense erotic relationship full of exploration eric fears his secret may end their affair
Queer,"In 1950s Mexico City, an American immigrant in his late forties leads a solitary life amidst a small American community. However, the arrival of a young student stirs the man into finally establishing a meaningful connection with someone.",6.4, (29K,"https://m.media-amazon.com/images/M/MV5BMjE5YjAyOWYtMDk2Zi00NjFmLWE3OGMtMjc0ZjNmYjQxMmEzXkEyXkFqcGc@._V1_QL75_UX90_CR0,0,90,133_.jpg",2h 17m,2024.0,In s mexico city an american immigrant in his late forties leads a solitary life amidst a small american community however the arrival of a young student stirs the man into finally establishing a meaningful connection with someone
The Count of Monte-Cristo,"After escaping from an island prison where he spent 14 years for being wrongly accused of state treason, Edmond Dantès returns as the count of Monte Cristo to exact revenge on the men who betrayed him.",7.6, (47K,"https://m.media-amazon.com/images/M/MV5BMTY4NTA3ZDYtMWVkYy00MGNkLTlmYzUtODQ5YjZlZTA3YjA5XkEyXkFqcGc@._V1_QL75_UY133_CR4,0,90,133_.jpg",2h 58m,2024.0,After escaping from an island prison where he spent  years for being wrongly accused of state treason edmond dants returns as the count of monte cristo to exact revenge on the men who betrayed him
Bad Boys: Ride or Die,"When their late police captain gets linked to drug cartels, wisecracking Miami cops Mike Lowrey and Marcus Burnett embark on a dangerous mission to clear his name.",6.5, (111K,"https://m.media-amazon.com/images/M/MV5BZWNjZWUwNDgtYTM4ZC00Zjk0LTg3ZWItNGEyZmVkZTIxZDk0XkEyXkFqcGc@._V1_QL75_UX90_CR0,1,90,133_.jpg",1h 55m,2024.0,When their late police captain gets linked to drug cartels wisecracking miami cops mike lowrey and marcus burnett embark on a dangerous mission to clear his name
Carry-On,A mysterious traveler blackmails a young TSA agent into letting a dangerous package slip through security and onto a Christmas Eve flight.,6.5, (190K,"https://m.media-amazon.com/images/M/MV5BNTNkMjQzNmQtNzE4ZC00NDlmLTkyYjAtZDZkYTQ5NjBmYThlXkEyXkFqcGc@._V1_QL75_UX90_CR0,0,90,133_.jpg",1h 59m,2024.0,A mysterious traveler blackmails a young tsa agent into letting a dangerous package slip through security and onto a christmas eve flight
The Watchers,"A young artist gets stranded in an extensive, immaculate forest in western Ireland, where, after finding shelter, she becomes trapped alongside three strangers, stalked by mysterious creatures each night.",5.7, (68K,"https://m.media-amazon.com/images/M/MV5BN2I3MjIzYzMtNDkxNS00ZDIzLWEzZjktNDJlZDZlOGZlMTMxXkEyXkFqcGc@._V1_QL75_UX90_CR0,0,90,133_.jpg",1h 42m,2024.0,A young artist gets stranded in an extensive immaculate forest in western ireland where after finding shelter she becomes trapped alongside three strangers stalked by mysterious creatures each night
Venom: The Last Dance,Eddie Brock and Venom must make a devastating decision as they're pursued by a mysterious military man and alien monsters from Venom's home world.,6.0, (151K,"https://m.media-amazon.com/images/M/MV5BZDMyYWU4NzItZDY0MC00ODE2LTkyYTMtMzNkNDdmYmFhZDg0XkEyXkFqcGc@._V1_QL75_UX90_CR0,1,90,133_.jpg",1h 50m,2024.0,Eddie brock and venom must make a devastating decision as theyre pursued by a mysterious military man and alien monsters from venoms home world
Subservience,"A struggling father purchases a domestic SIM to help care for his family, unaware she will gain self-awareness.",5.4, (35K,"https://m.media-amazon.com/images/M/MV5BMjdlNjNlODEtYjA1OS00MDgzLWJiNTMtMDVlMWMyOGM5ZDhkXkEyXkFqcGc@._V1_QL75_UX90_CR0,0,90,133_.jpg",1h 46m,2024.0,A struggling father purchases a domestic sim to help care for his family unaware she will gain selfawareness
Caddo Lake,"When an 8-year-old girl disappears on Caddo Lake, a series of past deaths and disappearances begin to link together, altering a broken family's history.",6.8, (53K,"https://m.media-amazon.com/images/M/MV5BZmIyOGI3NjgtZWJlYS00NzQ0LWJkMDUtNjhlYmFkYjI3NTM5XkEyXkFqcGc@._V1_QL75_UY133_CR8,0,90,133_.jpg",1h 43m,2024.0,When an yearold girl disappears on caddo lake a series of past deaths and disappearances begin to link together altering a broken familys history
Juror #2,"While serving as a juror in a high-profile murder trial, a family man finds himself struggling with a serious moral dilemma, one he could use to sway the jury verdict and potentially convict or free the wrong killer.",7.0, (122K,"https://m.media-amazon.com/images/M/MV5BMjM4YjA1NTItOWI3Ni00MzAwLThmMjMtNmM2MWY2Y2ZmOGIzXkEyXkFqcGc@._V1_QL75_UX90_CR0,2,90,133_.jpg",1h 54m,2024.0,While serving as a juror in a highprofile murder trial a family man finds himself struggling with a serious moral dilemma one he could use to sway the jury verdict and potentially convict or free the wrong killer
Inside Out 2,"A sequel that features Riley entering puberty and experiencing brand new, more complex emotions as a result. As Riley tries to adapt to her teenage years, her old emotions try to adapt to the possibility of being replaced.",7.5, (245K,"https://m.media-amazon.com/images/M/MV5BYWY3MDE2Y2UtOTE3Zi00MGUzLTg2MTItZjE1ZWVkMGVlODRmXkEyXkFqcGc@._V1_QL75_UX90_CR0,0,90,133_.jpg",1h 36m,2024.0,A sequel that features riley entering puberty and experiencing brand new more complex emotions as a result as riley tries to adapt to her teenage years her old emotions try to adapt to the possibility of being replaced
Old Guy,"Follows a contract killer facing the end of his career who is thrilled when The Company pulls him back into the field training Gen Z newcomer Wihlborg, a prodigy assassin with an attitude.",5.3, (5.7K,"https://m.media-amazon.com/images/M/MV5BOGM4NzRiNTAtNDQxNy00YjBmLTg3NjMtNDE4MjVlYzUyMmIwXkEyXkFqcGc@._V1_QL75_UX90_CR0,1,90,133_.jpg",1h 34m,2024.0,Follows a contract killer facing the end of his career who is thrilled when the company pulls him back into the field training gen z newcomer wihlborg a prodigy assassin with an attitude
Rebel Ridge,A former Marine grapples his way through a web of small-town corruption when an attempt to post bail for his cousin escalates into a violent standoff with the local police chief.,6.8, (101K,"https://m.media-amazon.com/images/M/MV5BYTE4ZDE5ZTktZWZkMC00MGY4LWFkZDUtZTc5YWU3NzM2YmM3XkEyXkFqcGc@._V1_QL75_UY133_CR8,0,90,133_.jpg",2h 11m,2024.0,A former marine grapples his way through a web of smalltown corruption when an attempt to post bail for his cousin escalates into a violent standoff with the local police chief
Joker: Folie à Deux,"Struggling with his dual identity, failed comedian Arthur Fleck meets the love of his life, Harley Quinn, while incarcerated at Arkham State Hospital.",5.2, (179K,"https://m.media-amazon.com/images/M/MV5BNTRlNmU1NzEtODNkNC00ZGM3LWFmNzQtMjBlMWRiYTcyMGRhXkEyXkFqcGc@._V1_QL75_UX90_CR0,0,90,133_.jpg",2h 18m,2024.0,Struggling with his dual identity failed comedian arthur fleck meets the love of his life harley quinn while incarcerated at arkham state hospital
Kung Fu Panda 4,"After Po is tapped to become the Spiritual Leader of the Valley of Peace, he needs to find and train a new Dragon Warrior, while a wicked sorceress plans to re-summon all the master villains whom Po has vanquished to the spirit realm.",6.3, (79K,"https://m.media-amazon.com/images/M/MV5BMzJlNGYxYzQtOTg4MC00OTMyLTkwYzMtZDRlNTgwY2YwOWYxXkEyXkFqcGc@._V1_QL75_UX90_CR0,4,90,133_.jpg",1h 34m,2024.0,After po is tapped to become the spiritual leader of the valley of peace he needs to find and train a new dragon warrior while a wicked sorceress plans to resummon all the master villains whom po has vanquished to the spirit realm
Borderlands,"An infamous bounty hunter returns to her childhood home, the chaotic planet Pandora, and forms an unlikely alliance with a team of misfits to find the missing daughter of the most powerful man in the universe.",4.7, (56K,"https://m.media-amazon.com/images/M/MV5BMDhkMzQzZmQtOGQ1NS00Y2FhLTkzYjAtNWE1MmRiOWM1MjUzXkEyXkFqcGc@._V1_QL75_UX90_CR0,3,90,133_.jpg",1h 41m,2024.0,An infamous bounty hunter returns to her childhood home the chaotic planet pandora and forms an unlikely alliance with a team of misfits to find the missing daughter of the most powerful man in the universe
A Real Pain,"Mismatched cousins reunite for a tour through Poland to honor their beloved grandmother, but their old tensions resurface against the backdrop of their family history.",7.0, (138K,"https://m.media-amazon.com/images/M/MV5BODY2YWYwM2YtZTVlNC00MjgyLTgzYTgtNmFmYWE5ZmY1MDM5XkEyXkFqcGc@._V1_QL75_UX90_CR0,0,90,133_.jpg",1h 30m,2024.0,Mismatched cousins reunite for a tour through poland to honor their beloved grandmother but their old tensions resurface against the backdrop of their family history
Despicable Me 4,"Gru, Lucy, Margo, Edith, and Agnes welcome a new member to the family, Gru Jr., who is intent on tormenting his dad. Gru faces a new nemesis in Maxime Le Mal and his girlfriend Valentina, and the family is forced to go on the run.",6.2, (76K,"https://m.media-amazon.com/images/M/MV5BNzY0ZTlhYzgtOTgzZC00ZTg2LTk4NTEtZDllM2E2NGE5Njg2XkEyXkFqcGc@._V1_QL75_UX90_CR0,1,90,133_.jpg",1h 34m,2024.0,Gru lucy margo edith and agnes welcome a new member to the family gru jr who is intent on tormenting his dad gru faces a new nemesis in maxime le mal and his girlfriend valentina and the family is forced to go on the run
On Swift Horses,"Muriel and her husband Lee are about to begin a bright new life, which is upended by the arrival of Lee's brother. Muriel embarks on a secret life, gambling on racehorses and discovering a love she never thought possible.",6.0, (5.7K,"https://m.media-amazon.com/images/M/MV5BOWFiNTA2MzItNzY1Mi00YzRlLTljY2MtMTQ2MDJhMmUzOTM3XkEyXkFqcGc@._V1_QL75_UX90_CR0,0,90,133_.jpg",1h 59m,2024.0,Muriel and her husband lee are about to begin a bright new life which is upended by the arrival of lees brother muriel embarks on a secret life gambling on racehorses and discovering a love she never thought possible
Beetlejuice Beetlejuice,"After a family tragedy, three generations of the Deetz family return home to Winter River. Still haunted by Beetlejuice, Lydia's life is turned upside down when her teenage daughter, Astrid, accidentally opens the portal to the Afterlife.",6.6, (171K,"https://m.media-amazon.com/images/M/MV5BNTQ4Y2MzY2MtYzQyMS00ZTQ3LWIzZGQtNjVjYzgwYzA1MDkzXkEyXkFqcGc@._V1_QL75_UX90_CR0,0,90,133_.jpg",1h 45m,2024.0,After a family tragedy three generations of the deetz family return home to winter river still haunted by beetlejuice lydias life is turned upside down when her teenage daughter astrid accidentally opens the portal to the afterlife
Moana 2,"After receiving an unexpected call from her wayfinding ancestors, Moana must journey to the far seas of Oceania and into dangerous, long-lost waters for an adventure unlike anything she's ever faced.",6.3, (123K,"https://m.media-amazon.com/images/M/MV5BZDUxNThhYTUtYjgxNy00MGQ4LTgzOTEtZjg1YTU5NTcwNThlXkEyXkFqcGc@._V1_QL75_UX90_CR0,0,90,133_.jpg",1h 40m,2024.0,After receiving an unexpected call from her wayfinding ancestors moana must journey to the far seas of oceania and into dangerous longlost waters for an adventure unlike anything shes ever faced
Sidelined: The QB and Me,A headstrong dancer and a cocky quarterback fight against their feelings for each other as their post-grad future threatens to keep them apart.,5.8, (5.7K,"https://m.media-amazon.com/images/M/MV5BMTk2ZmRhNmUtMjA0ZC00M2QyLTkxNDItMmNjMzFjNDE5YzU5XkEyXkFqcGc@._V1_QL75_UX90_CR0,0,90,133_.jpg",1h 39m,2024.0,A headstrong dancer and a cocky quarterback fight against their feelings for each other as their postgrad future threatens to keep them apart
Sonic the Hedgehog 3,"Sonic, Knuckles, and Tails reunite against a powerful new adversary, Shadow, a mysterious villain with powers unlike anything they have faced before. With their abilities outmatched, Team Sonic must seek out an unlikely alliance.",6.9, (77K,"https://m.media-amazon.com/images/M/MV5BMjZjNjE5NDEtOWJjYS00Mjk2LWI1ZDYtOWI1ZWI3MzRjM2UzXkEyXkFqcGc@._V1_QL75_UX90_CR0,2,90,133_.jpg",1h 50m,2024.0,Sonic knuckles and tails reunite against a powerful new adversary shadow a mysterious villain with powers unlike anything they have faced before with their abilities outmatched team sonic must seek out an unlikely alliance
All of You,A stirring near-futuristic romance of two best friends who harbor an unspoken love for one another even after a test matches one of them up with their supposed soulmate.,6.3, (8.9K,"https://m.media-amazon.com/images/M/MV5BNjA3N2Q2Y2UtNzljMC00NDhhLWI3ODQtZGQ2ZmMxNTIwNTFkXkEyXkFqcGc@._V1_QL75_UX90_CR0,14,90,133_.jpg",1h 38m,2024.0,A stirring nearfuturistic romance of two best friends who harbor an unspoken love for one another even after a test matches one of them up with their supposed soulmate
Immaculate,"Cecilia, a woman of devout faith, is warmly welcomed to the picture-perfect Italian countryside where she is offered a new role at an illustrious convent. But it becomes clear to Cecilia that her new home harbors dark and horrifying secrets.",5.8, (60K,"https://m.media-amazon.com/images/M/MV5BMWEzYjYyMjQtNTJjYi00ZDQ5LWE4N2MtNWY2ZTgxODNhYWM4XkEyXkFqcGc@._V1_QL75_UX90_CR0,0,90,133_.jpg",1h 29m,2024.0,Cecilia a woman of devout faith is warmly welcomed to the pictureperfect italian countryside where she is offered a new role at an illustrious convent but it becomes clear to cecilia that her new home harbors dark and horrifying secrets
Back to Black,"The life and music of Amy Winehouse, through the journey of adolescence to adulthood and the creation of one of the best-selling albums of our time.",6.3, (30K,"https://m.media-amazon.com/images/M/MV5BOWMyZTJmMTUtNDNiYy00ZGE2LWIzZjAtZmQyZWQ0NjdiMjI5XkEyXkFqcGc@._V1_QL75_UX90_CR0,0,90,133_.jpg",2h 2m,2024.0,The life and music of amy winehouse through the journey of adolescence to adulthood and the creation of one of the bestselling albums of our time
Love Lies Bleeding,"Reclusive gym manager Lou falls hard for Jackie, an ambitious bodybuilder headed through town to Vegas in pursuit of her dream. But their love ignites violence, pulling them deep into the web of Lou's criminal family.",6.6, (63K,"https://m.media-amazon.com/images/M/MV5BNWUxZTliMDgtOWVkZS00MjkwLWI5ZWUtNTZmMjhlYTFlN2I5XkEyXkFqcGc@._V1_QL75_UX90_CR0,0,90,133_.jpg",1h 44m,2024.0,Reclusive gym manager lou falls hard for jackie an ambitious bodybuilder headed through town to vegas in pursuit of her dream but their love ignites violence pulling them deep into the web of lous criminal family
The Friend,"When a solitary writer adopts and bonds with a Great Dane that belonged to a late friend, she begins to come to terms with her past and her own creative inner life.",6.4, (6.7K,"https://m.media-amazon.com/images/M/MV5BNTNjODBhNTEtNzJkMC00ZjY1LTkyOWItNzA2NTYxZTY4ZTYwXkEyXkFqcGc@._V1_QL75_UX90_CR0,0,90,133_.jpg",1h 59m,2024.0,When a solitary writer adopts and bonds with a great dane that belonged to a late friend she begins to come to terms with her past and her own creative inner life
Damsel,"A dutiful damsel agrees to marry a handsome prince, only to find the royal family has recruited her as a sacrifice to repay an ancient debt.",6.1, (118K,"https://m.media-amazon.com/images/M/MV5BZTAzODc1ZjUtNGQwZS00YTc2LTliNzQtMDdlNzllNmU5Yzk4XkEyXkFqcGc@._V1_QL75_UY133_CR8,0,90,133_.jpg",1h 50m,2024.0,A dutiful damsel agrees to marry a handsome prince only to find the royal family has recruited her as a sacrifice to repay an ancient debt
Argylle,A reclusive author who writes espionage novels about a secret agent and a global spy syndicate realizes that the plot of the new book she's writing starts to mirror real-world events in real time.,5.6, (99K,"https://m.media-amazon.com/images/M/MV5BNDkzMTU2OWUtZjA2ZS00ZmYxLWE2MzgtZDlhZDc1YjM4Yjk5XkEyXkFqcGc@._V1_QL75_UX90_CR0,4,90,133_.jpg",2h 19m,2024.0,A reclusive author who writes espionage novels about a secret agent and a global spy syndicate realizes that the plot of the new book shes writing starts to mirror realworld events in real time
Megalopolis,"The city of New Rome faces the duel between Cesar Catilina, a brilliant artist in favor of a Utopian future, and the greedy mayor Franklyn Cicero. Between them is Julia Cicero, with her loyalty divided between her father and her beloved.",4.7, (41K,"https://m.media-amazon.com/images/M/MV5BOTQ2MTcwODgtOTg3Yi00M2RmLWEyMDQtY2IzZmRlYzM3YzhjXkEyXkFqcGc@._V1_QL75_UX90_CR0,0,90,133_.jpg",2h 18m,2024.0,The city of new rome faces the duel between cesar catilina a brilliant artist in favor of a utopian future and the greedy mayor franklyn cicero between them is julia cicero with her loyalty divided between her father and her beloved
Kingdom of the Planet of the Apes,"Many years after the reign of Caesar, a young ape goes on a journey that will lead him to question everything he's been taught about the past and make choices that will define a future for apes and humans alike.",6.8, (166K,"https://m.media-amazon.com/images/M/MV5BZDRlZTc3YTItOTk3Yi00NmU4LWFiOGUtNjgwMDZjNjIzNTU1XkEyXkFqcGc@._V1_QL75_UX90_CR0,0,90,133_.jpg",2h 25m,2024.0,Many years after the reign of caesar a young ape goes on a journey that will lead him to question everything hes been taught about the past and make choices that will define a future for apes and humans alike
Strange Harvest,"Detectives are thrust into a chilling hunt for ""Mr. Shiny""-a sadistic serial killer from the past whose return marks the beginning of a new wave of grotesque, otherworldly crimes tied to a dark cosmic force.",6.3, (4.9K,"https://m.media-amazon.com/images/M/MV5BZTM2ZjVmMjAtZWVlMC00NzdjLTg4NWEtYTE5ODU3NmM0NGFjXkEyXkFqcGc@._V1_QL75_UX90_CR0,0,90,133_.jpg",1h 34m,2024.0,Detectives are thrust into a chilling hunt for mr shinya sadistic serial killer from the past whose return marks the beginning of a new wave of grotesque otherworldly crimes tied to a dark cosmic force
Four Letters of Love,"Based on Niall Williams' best-selling novel. Nicholas and Isabel were made for each other but how will they ever know it? As ghosts, fate and the sheer power of true love pull them together, so too does life threaten to tear them apart.",6.0, (1.2K,"https://m.media-amazon.com/images/M/MV5BZmUxNTYxN2ItYWU2ZC00NGRmLTgxMmUtZTc5NjVlM2UyZWY1XkEyXkFqcGc@._V1_QL75_UX90_CR0,0,90,133_.jpg",2h 5m,2024.0,Based on niall williams bestselling novel nicholas and isabel were made for each other but how will they ever know it as ghosts fate and the sheer power of true love pull them together so too does life threaten to tear them apart
Emmanuelle,"In search of a lost pleasure, Emmanuelle travels alone to Hong Kong on a business mission. In the vibrant and sensual global city, she indulges in intense encounters and new experiences.",4.1, (3K,"https://m.media-amazon.com/images/M/MV5BYTBiNmM2ZTctN2UyZC00ZmM4LWFjMGYtNmZkNzY4ZmZlZGM1XkEyXkFqcGc@._V1_QL75_UY133_CR4,0,90,133_.jpg",1h 47m,2024.0,In search of a lost pleasure emmanuelle travels alone to hong kong on a business mission in the vibrant and sensual global city she indulges in intense encounters and new experiences
Horizon: An American Saga - Chapter 1,"Chronicles a multi-faceted, 15-year span of pre-and post-Civil War expansion and settlement of the American west.",6.6, (45K,"https://m.media-amazon.com/images/M/MV5BMzZlMTRkNTEtOWU2MS00NWNlLWE3M2QtMGNlNDc2ZGMyOWYzXkEyXkFqcGc@._V1_QL75_UY133_CR8,0,90,133_.jpg",3h 1m,2024.0,Chronicles a multifaceted year span of preand postcivil war expansion and settlement of the american west
Shell,"Desperate to reclaim her career, once-beloved actress Samantha Lake is drawn into the glamorous world of wellness mogul Zoe Shannon -only to uncover a monstrous truth beneath its flawless surface.",4.9, (3.3K,"https://m.media-amazon.com/images/M/MV5BNWJkY2QxODEtZWM0Ni00NGM0LWExMTktZWFmMDdjMDFjZTE5XkEyXkFqcGc@._V1_QL75_UX90_CR0,0,90,133_.jpg",1h 40m,2024.0,Desperate to reclaim her career oncebeloved actress samantha lake is drawn into the glamorous world of wellness mogul zoe shannon only to uncover a monstrous truth beneath its flawless surface
It's What's Inside,"A group of friends gather for a pre-wedding party that descends into an existential nightmare when an estranged friend arrives with a mysterious game that awakens long-hidden secrets, desires and grudges.",6.6, (50K,"https://m.media-amazon.com/images/M/MV5BNDkxOTZmZTYtYTNmNS00MDk3LWE0MDAtMzY5M2Y5YmU1MmI2XkEyXkFqcGc@._V1_QL75_UX90_CR0,0,90,133_.jpg",1h 43m,2024.0,A group of friends gather for a prewedding party that descends into an existential nightmare when an estranged friend arrives with a mysterious game that awakens longhidden secrets desires and grudges
Transformers One,"The untold origin story of Optimus Prime and Megatron, better known as sworn enemies, but who once were friends bonded like brothers who changed the fate of Cybertron forever.",7.6, (63K,"https://m.media-amazon.com/images/M/MV5BZWI1ZDY1YTQtMjRkNy00ZDZhLWE3OTItMTIwNzliY2Y1MTZhXkEyXkFqcGc@._V1_QL75_UX90_CR0,0,90,133_.jpg",1h 44m,2024.0,The untold origin story of optimus prime and megatron better known as sworn enemies but who once were friends bonded like brothers who changed the fate of cybertron forever
Homestead,"Amid chaos, ex-Green Beret joins prepper compound; love grows, truths arise, and a community unites.",5.2, (5.2K,"https://m.media-amazon.com/images/M/MV5BYjA2Y2IzMGQtMzY3Zi00YzI2LWIyOGUtMzkwYzVkYmU5ZWY5XkEyXkFqcGc@._V1_QL75_UX90_CR0,0,90,133_.jpg",1h 52m,2024.0,Amid chaos exgreen beret joins prepper compound love grows truths arise and a community unites
Godzilla x Kong: The New Empire,"Two ancient titans, Godzilla and Kong, clash in an epic battle as humans unravel their intertwined origins and connection to Skull Island's mysteries.",6.0, (133K,"https://m.media-amazon.com/images/M/MV5BMTY0N2MzODctY2ExYy00OWYxLTkyNDItMTVhZGIxZjliZjU5XkEyXkFqcGc@._V1_QL75_UX90_CR0,1,90,133_.jpg",1h 55m,2024.0,Two ancient titans godzilla and kong clash in an epic battle as humans unravel their intertwined origins and connection to skull islands mysteries
Shelby Oaks,A woman's obsessive search for her missing sister leads her into a terrifying mystery at the hands of an unknown evil.,5.4, (11K,"https://m.media-amazon.com/images/M/MV5BOWQ1MjA5YzItMmE2NC00YWZkLWEwZjMtOTIxMDgyYmU2MTRmXkEyXkFqcGc@._V1_QL75_UX90_CR0,0,90,133_.jpg",1h 31m,2024.0,A womans obsessive search for her missing sister leads her into a terrifying mystery at the hands of an unknown evil
Nightbitch,"A woman pauses her career to be a stay-at-home mom, but soon her domesticity takes a surreal turn.",5.5, (24K,"https://m.media-amazon.com/images/M/MV5BNjI2NzNjMDAtMjI3NC00YzJhLWIyYTktNzZhMzg0MmRkNDM3XkEyXkFqcGc@._V1_QL75_UX90_CR0,1,90,133_.jpg",1h 39m,2024.0,A woman pauses her career to be a stayathome mom but soon her domesticity takes a surreal turn
William Tell,"The narrative unfolds in the 14th Century amidst the days of the Holy Roman Empire where Europe's nations fiercely vie for supremacy and the ambitious Austrians, desiring more land, encroach upon Switzerland, a serene and pastoral nation.",5.7, (7.2K,"https://m.media-amazon.com/images/M/MV5BMjBhMDQwZTItYTk3Mi00MDc3LWEwMTEtMGE4YmZkMjJlODY4XkEyXkFqcGc@._V1_QL75_UY133_CR1,0,90,133_.jpg",2h 14m,2024.0,The narrative unfolds in the th century amidst the days of the holy roman empire where europes nations fiercely vie for supremacy and the ambitious austrians desiring more land encroach upon switzerland a serene and pastoral nation
Parthenope,"A woman born in the sea of Naples in 1950 searches for happiness over the long summers of her youth, falling in love with her home city and its many memorable characters.",6.5, (20K,"https://m.media-amazon.com/images/M/MV5BMzE2NGQ1MTYtZWJlYi00ZTgyLWI0ZjMtOWQ2OGQ3NTNlM2QzXkEyXkFqcGc@._V1_QL75_UX90_CR0,0,90,133_.jpg",2h 17m,2024.0,A woman born in the sea of naples in  searches for happiness over the long summers of her youth falling in love with her home city and its many memorable characters
Red One,"After Santa Claus is kidnapped, the North Pole's Head of Security must team up with a notorious hacker in a globe-trotting, action-packed mission to save Christmas.",6.2, (158K,"https://m.media-amazon.com/images/M/MV5BZmFkMjE4NjQtZTVmZS00MDZjLWE2ZmEtZTkzODljNjhlNWUxXkEyXkFqcGc@._V1_QL75_UX90_CR0,0,90,133_.jpg",2h 3m,2024.0,After santa claus is kidnapped the north poles head of security must team up with a notorious hacker in a globetrotting actionpacked mission to save christmas
Ordinary Angels,Inspired by the incredible true story of a hairdresser who single-handedly rallies an entire community to help a widowed father save the life of his critically ill young daughter.,7.4, (19K,"https://m.media-amazon.com/images/M/MV5BMzg3OTliZDMtNTBhYy00OGMzLTlhZmUtMDMyNjQ4NDc4MDk5XkEyXkFqcGc@._V1_QL75_UX90_CR0,1,90,133_.jpg",1h 58m,2024.0,Inspired by the incredible true story of a hairdresser who singlehandedly rallies an entire community to help a widowed father save the life of his critically ill young daughter
40 Acres,"In a post-apocalyptic world with food scarcity, a Black family of Canadian farmers descended from American Civil War migrants defend their homestead against cannibals trying to seize their resources.",6.5, (6.1K,"https://m.media-amazon.com/images/M/MV5BOTRmZTIzMzQtZDQwOS00NGM5LWI1YTItMTc0MjE0NjczMDhlXkEyXkFqcGc@._V1_QL75_UX90_CR0,0,90,133_.jpg",1h 53m,2024.0,In a postapocalyptic world with food scarcity a black family of canadian farmers descended from american civil war migrants defend their homestead against cannibals trying to seize their resources
The Return,"After 20 years Odysseus finally returns to Ithaca, where he finds his wife held prisoner by suitors vying to be king and his son facing death at their hands. To win back his family and all he has lost, Odysseus must rediscover his strength.",6.3, (14K,"https://m.media-amazon.com/images/M/MV5BMDNlNzQ5NDAtYTdlZC00YTRiLTg0ZWUtMmY5NWYyNzdiYTYyXkEyXkFqcGc@._V1_QL75_UX90_CR0,0,90,133_.jpg",1h 56m,2024.0,After  years odysseus finally returns to ithaca where he finds his wife held prisoner by suitors vying to be king and his son facing death at their hands to win back his family and all he has lost odysseus must rediscover his strength
Fight or Flight,A mercenary takes on the job of tracking down a target on a plane but must protect that target when they're surrounded by people trying to kill both of them.,6.4, (25K,"https://m.media-amazon.com/images/M/MV5BMmE4YTQxMjctMWFlZC00OTY5LWJiNTctZjFhNTJlMmIxMmViXkEyXkFqcGc@._V1_QL75_UX90_CR0,0,90,133_.jpg",1h 42m,2024.0,A mercenary takes on the job of tracking down a target on a plane but must protect that target when theyre surrounded by people trying to kill both of them
I Saw the TV Glow,A teenager just trying to make it through life in the suburbs is introduced by a classmate to a mysterious late-night TV show.,5.8, (43K,"https://m.media-amazon.com/images/M/MV5BZTA2MGM5M2ItNDBjYi00OWJhLTk1MTMtMGIzMDZlYzg1N2Q3XkEyXkFqcGc@._V1_QL75_UY133_CR0,0,90,133_.jpg",1h 40m,2024.0,A teenager just trying to make it through life in the suburbs is introduced by a classmate to a mysterious latenight tv show
Maharaja,"A barber seeks vengeance after his home is burglarized, cryptically telling police his ""lakshmi"" has been taken, leaving them uncertain if it's a person or object. His quest to recover the elusive ""lakshmi"" unfolds.",8.3, (80K,"https://m.media-amazon.com/images/M/MV5BOTFlMTIxOGItZTk0Zi00MTk2LWJiM2UtMzlhZWYzNjQ4N2Y3XkEyXkFqcGc@._V1_QL75_UY133_CR5,0,90,133_.jpg",2h 21m,2024.0,A barber seeks vengeance after his home is burglarized cryptically telling police his lakshmi has been taken leaving them uncertain if its a person or object his quest to recover the elusive lakshmi unfolds
Amber Alert,A ride-share turns into a high-stakes game of cat and mouse after it follows a car fitting the description of an AMBER ALERT.,6.1, (7.7K,"https://m.media-amazon.com/images/M/MV5BMjVkYjgyNWItYmRlZC00MjQ1LTljMTktMWQzNTI1YWM4ZGI5XkEyXkFqcGc@._V1_QL75_UX90_CR0,0,90,133_.jpg",1h 30m,2024.0,A rideshare turns into a highstakes game of cat and mouse after it follows a car fitting the description of an amber alert
Young Hearts,Elias develops feelings for his new neighbor Alexander. He soon realizes he's falling in love for the first time.,7.9, (8.3K,"https://m.media-amazon.com/images/M/MV5BNzI2NWQyYTctMDNhOC00OTBkLTk4MTktMTAzNGNkZDM0MjI1XkEyXkFqcGc@._V1_QL75_UY133_CR2,0,90,133_.jpg",1h 39m,2024.0,Elias develops feelings for his new neighbor alexander he soon realizes hes falling in love for the first time
Here,"A generational story about families and the special place they inhabit, sharing in love, loss, laughter, and life.",6.3, (27K,"https://m.media-amazon.com/images/M/MV5BYWQ5ZDQ5YWQtMThiMS00MGM4LTk2NjktYTllYzg2NTRiNTMxXkEyXkFqcGc@._V1_QL75_UX90_CR0,1,90,133_.jpg",1h 44m,2024.0,A generational story about families and the special place they inhabit sharing in love loss laughter and life
Oddity,A psychic medium attempts to uncover the truth behind her sister's murder at the site of the crime.,6.7, (56K,"https://m.media-amazon.com/images/M/MV5BMWU5Yjc0N2MtZjhlYS00MTM3LWI5YWUtZDg5MzcxZjEyZWJmXkEyXkFqcGc@._V1_QL75_UX90_CR0,0,90,133_.jpg",1h 38m,2024.0,A psychic medium attempts to uncover the truth behind her sisters murder at the site of the crime
Don't Move,"A seasoned killer injects a grieving woman with a paralytic agent. She must run, fight and hide before her body shuts down.",5.8, (45K,"https://m.media-amazon.com/images/M/MV5BZmFlMTMyMzQtNmI4NC00YTcyLTgwOGUtMzc4YjcyNDUyOGY3XkEyXkFqcGc@._V1_QL75_UX90_CR0,0,90,133_.jpg",1h 32m,2024.0,A seasoned killer injects a grieving woman with a paralytic agent she must run fight and hide before her body shuts down
Saturday Night,"At 11:30pm on October 11th, 1975, a ferocious troupe of young comedians and writers changed television forever. Find out what happened behind the scenes in the 90 minutes leading up to the first broadcast of Saturday Night Live (1975).",6.9, (38K,"https://m.media-amazon.com/images/M/MV5BNWI0N2VlMTAtZGFhYS00YzdhLWEzM2EtMWUwMzBkYWQ5NTMwXkEyXkFqcGc@._V1_QL75_UX90_CR0,1,90,133_.jpg",1h 49m,2024.0,At pm on october th  a ferocious troupe of young comedians and writers changed television forever find out what happened behind the scenes in the  minutes leading up to the first broadcast of saturday night live 
Hellboy: The Crooked Man,"Hellboy and a rookie B.P.R.D. agent in the 1950s are sent to the Appalachians, where they discover a remote community dominated by witches and led by the sinister local demon, the Crooked Man.",4.5, (17K,"https://m.media-amazon.com/images/M/MV5BOWNmZTQ0Y2UtNDJhZC00Y2MwLWFjOWQtM2ZmNjFmMTU5Mjg5XkEyXkFqcGc@._V1_QL75_UX90_CR0,0,90,133_.jpg",1h 39m,2024.0,Hellboy and a rookie bprd agent in the s are sent to the appalachians where they discover a remote community dominated by witches and led by the sinister local demon the crooked man
The Killer's Game,"When a hitman is diagnosed with a terminal illness, he decides to take a hit out on himself. But when the very hitmen he hired also target his ex-girlfriend, he must fend off an army of assassin colleagues.",5.8, (21K,"https://m.media-amazon.com/images/M/MV5BODg4MTBiOGQtN2I5Yi00MWY2LWI1ODktZTUzZjhlYmZjMjFkXkEyXkFqcGc@._V1_QL75_UY133_CR8,0,90,133_.jpg",1h 44m,2024.0,When a hitman is diagnosed with a terminal illness he decides to take a hit out on himself but when the very hitmen he hired also target his exgirlfriend he must fend off an army of assassin colleagues
Sleeping Dogs,"An ex-homicide detective with memory loss is forced to solve a brutal murder, only to uncover chilling secrets from his forgotten past.",6.2, (26K,"https://m.media-amazon.com/images/M/MV5BOTViZDg5MTQtNzA3MC00OTlkLWEwYzAtODY2MWVlY2Y4NGY3XkEyXkFqcGc@._V1_QL75_UX90_CR0,0,90,133_.jpg",1h 50m,2024.0,An exhomicide detective with memory loss is forced to solve a brutal murder only to uncover chilling secrets from his forgotten past
The Assessment,"In the near future where parenthood is strictly controlled, a couple's seven-day assessment for the right to have a child unravels into a psychological nightmare.",6.6, (22K,"https://m.media-amazon.com/images/M/MV5BOWFjMGIwNDgtODE5MS00ZWVkLTlhNzgtMDI1ZDM1OWMyYzY4XkEyXkFqcGc@._V1_QL75_UX90_CR0,0,90,133_.jpg",1h 54m,2024.0,In the near future where parenthood is strictly controlled a couples sevenday assessment for the right to have a child unravels into a psychological nightmare
Land of Bad,A Delta Force team fights for survival as an Air Force drone pilot becomes its eyes in the sky.,6.6, (57K,"https://m.media-amazon.com/images/M/MV5BOWI2YjMwMGEtZDJlZC00NGVkLTk2OTktMjhjNTZiNTIxOTg3XkEyXkFqcGc@._V1_QL75_UY133_CR0,0,90,133_.jpg",1h 53m,2024.0,A delta force team fights for survival as an air force drone pilot becomes its eyes in the sky
Spaceman,"Half a year into his solo mission on the edge of the solar system, an astronaut concerned with the state of his life back on Earth is helped by an ancient creature he discovers in the bowels of his ship.",5.7, (47K,"https://m.media-amazon.com/images/M/MV5BNGY0NDk5YjYtMTI0Zi00ZDc4LTk3NzEtYmUyNDNlN2U1ZmYwXkEyXkFqcGc@._V1_QL75_UX90_CR0,1,90,133_.jpg",1h 47m,2024.0,Half a year into his solo mission on the edge of the solar system an astronaut concerned with the state of his life back on earth is helped by an ancient creature he discovers in the bowels of his ship
Mufasa: The Lion King,"Mufasa, a cub lost and alone, meets a sympathetic lion named Taka, the heir to a royal bloodline. The chance meeting sets in motion an expansive journey of a group of misfits searching for their destiny.",6.6, (81K,"https://m.media-amazon.com/images/M/MV5BYjBkOWUwODYtYWI3YS00N2I0LWEyYTktOTJjM2YzOTc3ZDNlXkEyXkFqcGc@._V1_QL75_UX90_CR0,0,90,133_.jpg",1h 58m,2024.0,Mufasa a cub lost and alone meets a sympathetic lion named taka the heir to a royal bloodline the chance meeting sets in motion an expansive journey of a group of misfits searching for their destiny
Exhuma,The process of excavating an ominous grave unleashes dreadful consequences buried underneath.,6.9, (28K,"https://m.media-amazon.com/images/M/MV5BOTA1OTY1NTYtNDEzZS00OTgyLWI1NWEtNDI5NjBhOTIwNzIyXkEyXkFqcGc@._V1_QL75_UY133_CR2,0,90,133_.jpg",2h 14m,2024.0,The process of excavating an ominous grave unleashes dreadful consequences buried underneath
The Surfer,"A man returns to the idyllic beach of his childhood to surf with his son. When he is humiliated by a group of locals, the man is drawn into a conflict that keeps rising and pushes him to his breaking point.",5.9, (19K,"https://m.media-amazon.com/images/M/MV5BMmNjNTZiNTEtMWQ1NC00YmQ4LWFhYjktMzZhOGM2MDhmMTAxXkEyXkFqcGc@._V1_QL75_UX90_CR0,4,90,133_.jpg",1h 40m,2024.0,A man returns to the idyllic beach of his childhood to surf with his son when he is humiliated by a group of locals the man is drawn into a conflict that keeps rising and pushes him to his breaking point
The Last Showgirl,A seasoned showgirl must plan for her future when her show abruptly closes after a 30-year run.,6.5, (21K,"https://m.media-amazon.com/images/M/MV5BOThhYjMwZmItYmY4My00OGMxLTgxYWMtZTk0NGQwNTRmOWY1XkEyXkFqcGc@._V1_QL75_UY133_CR1,0,90,133_.jpg",1h 28m,2024.0,A seasoned showgirl must plan for her future when her show abruptly closes after a year run
A Family Affair,"A surprising romance kicks off comic consequences for a young woman, her mother, and her movie-star boss as they face the complications of love, sex, and identity.",5.4, (39K,"https://m.media-amazon.com/images/M/MV5BMDQyMWFkMGMtNjhiMS00MzgyLWFmOGYtNzA3MGNjNGVhMGI4XkEyXkFqcGc@._V1_QL75_UX90_CR0,0,90,133_.jpg",1h 51m,2024.0,A surprising romance kicks off comic consequences for a young woman her mother and her moviestar boss as they face the complications of love sex and identity
Culpa tuya,"Despite their parents' efforts to separate them, Noah and Nick's love seems unbreakable. However, work and college open their lives to new relationships.",5.3, (18K,"https://m.media-amazon.com/images/M/MV5BYTE0NDkwM2YtZmYwMS00NTRmLWI3YWYtMzY5Njc5NDk4YWFlXkEyXkFqcGc@._V1_QL75_UX90_CR0,1,90,133_.jpg",1h 58m,2024.0,Despite their parents efforts to separate them noah and nicks love seems unbreakable however work and college open their lives to new relationships
September 5,"During the 1972 Summer Olympics in Munich, Germany, an American sports broadcasting team must adapt to live coverage of the Israeli athletes being held hostage by a terrorist group.",7.1, (35K,"https://m.media-amazon.com/images/M/MV5BOWUxY2YyYzctYWY3Yi00ZGJjLTkzMDktZjYzMTIzZjNhNmM2XkEyXkFqcGc@._V1_QL75_UX90_CR0,0,90,133_.jpg",1h 35m,2024.0,During the  summer olympics in munich germany an american sports broadcasting team must adapt to live coverage of the israeli athletes being held hostage by a terrorist group
Better Man,"A singular profile of pop superstar Robbie Williams, chronicling his meteoric rise, dramatic fall, and remarkable resurgence.",7.5, (44K,"https://m.media-amazon.com/images/M/MV5BYWU3YzU0NTItMGVlYi00YTFmLWE5MmQtNjg4ODQ3ZWYyNjRkXkEyXkFqcGc@._V1_QL75_UX90_CR0,0,90,133_.jpg",2h 15m,2024.0,A singular profile of pop superstar robbie williams chronicling his meteoric rise dramatic fall and remarkable resurgence
The Lord of the Rings: The War of the Rohirrim,"A sudden attack by Wulf, a clever and traitorous lord of Rohan seeking vengeance for the death of his father, forces Helm Hammerhand, the King of Rohan, and his people to make a daring last stand in the ancient stronghold of the Hornburg.",6.3, (39K,"https://m.media-amazon.com/images/M/MV5BOTg4OTgyMDYtMDA0NC00ZjJhLWJiOGMtMjlkM2ZjNTgxNGI0XkEyXkFqcGc@._V1_QL75_UX90_CR0,0,90,133_.jpg",2h 14m,2024.0,A sudden attack by wulf a clever and traitorous lord of rohan seeking vengeance for the death of his father forces helm hammerhand the king of rohan and his people to make a daring last stand in the ancient stronghold of the hornburg
Drive-Away Dolls,"Jamie regrets her breakup with her girlfriend, while Marian needs to relax. In search of a fresh start, they embark on an unexpected road trip to Tallahassee. Things quickly go awry when they cross paths with a group of inept criminals.",5.4, (28K,"https://m.media-amazon.com/images/M/MV5BNDFmNzc4OGItNWRiZS00Mzc0LWE4MjgtNjMzZTEzN2ZjNWY5XkEyXkFqcGc@._V1_QL75_UX90_CR0,0,90,133_.jpg",1h 24m,2024.0,Jamie regrets her breakup with her girlfriend while marian needs to relax in search of a fresh start they embark on an unexpected road trip to tallahassee things quickly go awry when they cross paths with a group of inept criminals
Presence,A family becomes convinced they are not alone after moving into their new home in the suburbs.,6.1, (42K,"https://m.media-amazon.com/images/M/MV5BZWRmNzM1YjktM2YyMi00M2YwLWE2YjMtNjgwNTQ3MGU3MzczXkEyXkFqcGc@._V1_QL75_UX90_CR0,0,90,133_.jpg",1h 24m,2024.0,A family becomes convinced they are not alone after moving into their new home in the suburbs
The Unholy Trinity,Buried secrets of an 1870s Montana town spark violence when a young man returns to reclaim his legacy and is caught between a sheriff determined to maintain order and a mysterious stranger hell-bent on destroying it.,5.5, (6K,"https://m.media-amazon.com/images/M/MV5BODU0MjBkNmEtNGVkZi00MjcwLWJlY2EtMGFlN2I1ODY2YzVkXkEyXkFqcGc@._V1_QL75_UX90_CR0,0,90,133_.jpg",1h 35m,2024.0,Buried secrets of an s montana town spark violence when a young man returns to reclaim his legacy and is caught between a sheriff determined to maintain order and a mysterious stranger hellbent on destroying it
A Different Man,"An aspiring actor undergoes a radical medical procedure to drastically transform his appearance, but his new dream face quickly turns into a nightmare.",6.9, (37K,"https://m.media-amazon.com/images/M/MV5BYTQ0NDI2NzItZjNiOC00ZDc0LWJiNGMtMzZmMGM2NmVjMmJkXkEyXkFqcGc@._V1_QL75_UX90_CR0,0,90,133_.jpg",1h 52m,2024.0,An aspiring actor undergoes a radical medical procedure to drastically transform his appearance but his new dream face quickly turns into a nightmare
Snack Shack,"Nebraska City, 1991, two best friends get the chance to run the swimming pool snack shack, that later comes to be the perfect scenario for transgression, fun, personal discovery and romance.",7.0, (16K,"https://m.media-amazon.com/images/M/MV5BYzhjM2NhMzAtY2M1Zi00NDJiLWFjMWItODhjYTI0N2E4NjFmXkEyXkFqcGc@._V1_QL75_UX90_CR0,0,90,133_.jpg",1h 52m,2024.0,Nebraska city  two best friends get the chance to run the swimming pool snack shack that later comes to be the perfect scenario for transgression fun personal discovery and romance
Elevation,A single father and two women venture from the safety of their homes to face monstrous creatures to save the life of a young boy.,5.6, (30K,"https://m.media-amazon.com/images/M/MV5BY2NiNDM0NWYtNzQxNi00NmY1LTg1YmYtMDE5ZmQzMGJlMGQzXkEyXkFqcGc@._V1_QL75_UY133_CR1,0,90,133_.jpg",1h 31m,2024.0,A single father and two women venture from the safety of their homes to face monstrous creatures to save the life of a young boy
Emilia Pérez,"It follows three remarkable women in Mexico, each pursuing their own happiness. Cartel leader Emilia enlists unappreciated lawyer Rita to help fake her death so that she can finally live authentically as her true self.",5.3, (112K,"https://m.media-amazon.com/images/M/MV5BNjBhMWVmYjQtYmI2NC00NjdiLTliMjQtODliYjI5OTZmMzczXkEyXkFqcGc@._V1_QL75_UX90_CR0,0,90,133_.jpg",2h 12m,2024.0,It follows three remarkable women in mexico each pursuing their own happiness cartel leader emilia enlists unappreciated lawyer rita to help fake her death so that she can finally live authentically as her true self
Tarot,"When a group of friends recklessly violates the sacred rule of Tarot readings, they unknowingly unleash an unspeakable evil trapped within the cursed cards. One by one, they come face to face with fate and end up in a race against death.",4.8, (38K,"https://m.media-amazon.com/images/M/MV5BNjY3NTkxMjQtZWNjNy00NGU2LTlhOTMtMmRhZGEwNzRmMDcyXkEyXkFqcGc@._V1_QL75_UX90_CR0,0,90,133_.jpg",1h 32m,2024.0,When a group of friends recklessly violates the sacred rule of tarot readings they unknowingly unleash an unspeakable evil trapped within the cursed cards one by one they come face to face with fate and end up in a race against death
Rob Peace,"Based on a true story, a brilliant young man puts his bright future at risk to help his father.",6.6, (2.8K,"https://m.media-amazon.com/images/M/MV5BZDNjZDI4YTktNWIwMS00YzFmLWJjMmYtODNiM2QwNzFmZWFlXkEyXkFqcGc@._V1_QL75_UX90_CR0,0,90,133_.jpg",2h,2024.0,Based on a true story a brilliant young man puts his bright future at risk to help his father
My Old Ass,"A mushroom trip brings free-spirited Elliott face-to-face with her 39-year-old self. But when Elliott's ""old ass"" delivers warnings to her younger self, Elliott realizes she has to rethink everything about her family, life and love.",6.9, (46K,"https://m.media-amazon.com/images/M/MV5BNDhiYjE1ZTAtMjM2My00OGZhLWE4MGMtMDI1YzRiYWYzMTdkXkEyXkFqcGc@._V1_QL75_UX90_CR0,1,90,133_.jpg",1h 29m,2024.0,A mushroom trip brings freespirited elliott facetoface with her yearold self but when elliotts old ass delivers warnings to her younger self elliott realizes she has to rethink everything about her family life and love
The Six Triple Eight,"During World War II, 855 women joined the fight to fix the three-year backlog of undelivered mail. Faced with discrimination and a country devastated by war, they managed to sort more than 17 million pieces of mail ahead of time.",6.7, (31K,"https://m.media-amazon.com/images/M/MV5BNDdhYTY4ZTEtZTlhZS00ZWI1LWFjYzQtMWRkMjIzN2E5NjBjXkEyXkFqcGc@._V1_QL75_UX90_CR0,1,90,133_.jpg",2h 7m,2024.0,During world war ii  women joined the fight to fix the threeyear backlog of undelivered mail faced with discrimination and a country devastated by war they managed to sort more than  million pieces of mail ahead of time
The Luckiest Man in America,May 1984. An unemployed ice cream truck driver steps onto the game show Press Your Luck harboring a secret: the key to endless money. But his winning streak is threatened when the bewildered executives uncover his real motivations.,6.2, (7.6K,"https://m.media-amazon.com/images/M/MV5BNWI2MmZmZjUtYTRhYi00ZWVhLWEwZjYtYjgwMGI4NDg2YzMxXkEyXkFqcGc@._V1_QL75_UX90_CR0,0,90,133_.jpg",1h 31m,2024.0,May  an unemployed ice cream truck driver steps onto the game show press your luck harboring a secret the key to endless money but his winning streak is threatened when the bewildered executives uncover his real motivations
Terrifier 3,Art the Clown is set to unleash chaos on the unsuspecting residents of Miles County as they peacefully drift off to sleep on Christmas Eve.,6.2, (61K,"https://m.media-amazon.com/images/M/MV5BNzc2MWUyYzctY2E4Ny00ZTlmLThjNTMtMTViZGI5NjcyN2EzXkEyXkFqcGc@._V1_QL75_UX90_CR0,0,90,133_.jpg",2h 5m,2024.0,Art the clown is set to unleash chaos on the unsuspecting residents of miles county as they peacefully drift off to sleep on christmas eve
Lisa Frankenstein,"A coming of RAGE love story about a teenager and her crush, who happens to be a corpse. After a set of horrific circumstances bring him back to life, the two embark on a journey to find love, happiness - and a few missing body parts.",6.1, (32K,"https://m.media-amazon.com/images/M/MV5BZGFhNGNiNTEtMjNiNC00MjE5LTk3OTYtYmNiY2IxMTNjNjczXkEyXkFqcGc@._V1_QL75_UX90_CR0,0,90,133_.jpg",1h 41m,2024.0,A coming of rage love story about a teenager and her crush who happens to be a corpse after a set of horrific circumstances bring him back to life the two embark on a journey to find love happiness  and a few missing body parts
Checkmate,"In a tangled web of power and love, the lives of a pharmaceutical company CEO, a failed Don, a grieving widower, and a shrewd lawyer intersect when a mysterious woman is kidnapped, sparking a chain of events in New York City's underbelly.",6.6, (2.7K,"https://m.media-amazon.com/images/M/MV5BYWU4YzA1NDMtMmZjMy00YmExLTllNTgtMTUyMWNmOWVmZWE2XkEyXkFqcGc@._V1_QL75_UX90_CR0,13,90,133_.jpg",2h 5m,2024.0,In a tangled web of power and love the lives of a pharmaceutical company ceo a failed don a grieving widower and a shrewd lawyer intersect when a mysterious woman is kidnapped sparking a chain of events in new york citys underbelly
Mahavatar Narsimha,The demon Hiranyakashyap seeks revenge on Vishnu and declares himself a god. His son Prahlad remains devoted to Vishnu. Vishnu manifests as Narsimha to defeat the demon and restore balance.,8.5, (45K,"https://m.media-amazon.com/images/M/MV5BNzhkMjFhOTItMTczNi00YWM1LTlhZjItOTc4OTA0OWVhZTIzXkEyXkFqcGc@._V1_QL75_UY133_CR8,0,90,133_.jpg",2h 10m,2024.0,The demon hiranyakashyap seeks revenge on vishnu and declares himself a god his son prahlad remains devoted to vishnu vishnu manifests as narsimha to defeat the demon and restore balance
Incoming,Four freshmen navigate the terrors of adolescence at their first-ever high school party.,5.8, (16K,"https://m.media-amazon.com/images/M/MV5BYWMyYmFhMzMtYjMwYS00Zjg0LWE0NmYtNzZmZWQ5MjkwZTJkXkEyXkFqcGc@._V1_QL75_UX90_CR0,0,90,133_.jpg",1h 31m,2024.0,Four freshmen navigate the terrors of adolescence at their firstever high school party
The Union,"Construction worker Mike is thrust into the world of espionage when his high school sweetheart, Roxanne, recruits him for a high-stakes intelligence mission.",5.5, (58K,"https://m.media-amazon.com/images/M/MV5BY2I0YmNiNmEtNWI2My00NDU5LWIwZWItNWNkNjFmYWJjNTMxXkEyXkFqcGc@._V1_QL75_UX90_CR0,0,90,133_.jpg",1h 47m,2024.0,Construction worker mike is thrust into the world of espionage when his high school sweetheart roxanne recruits him for a highstakes intelligence mission
Scared to Death,"Jasper, a young filmmaker, seizes a chance to direct when his crew attends a seance in a haunted children's shelter. Trapped inside, they're haunted by ghostly orphans and a sinister force.",6.0, (56,"https://m.media-amazon.com/images/M/MV5BZjQ2NjYyYzItMTE2MC00ZmQwLTlkZWMtMmNjZGU2MTk1NDEyXkEyXkFqcGc@._V1_QL75_UX90_CR0,0,90,133_.jpg",1h 38m,,Jasper a young filmmaker seizes a chance to direct when his crew attends a seance in a haunted childrens shelter trapped inside theyre haunted by ghostly orphans and a sinister force
Horizon: An American Saga - Chapter 2,The continuation of one story of the settlement of the American west. It follows the further adventures of characters first featured in Horizon: An American Saga.,7.0, (1.7K,"https://m.media-amazon.com/images/M/MV5BMDg1OWI3NTYtY2IwMy00NmQ4LTk5YWUtZmViNmU5YTFkNGU5XkEyXkFqcGc@._V1_QL75_UY133_CR8,0,90,133_.jpg",3h 10m,2024.0,The continuation of one story of the settlement of the american west it follows the further adventures of characters first featured in horizon an american saga
Upgraded,"Ana, an ambitious intern at an art auction house in New York City, misrepresents herself to a handsome wealthy man as the director. As their romance develops, her deception creates challenges that threaten her career and relationship.",6.1, (33K,"https://m.media-amazon.com/images/M/MV5BNjA0MGE3M2YtY2E0Yi00NmFlLWJmNjctNDcyZDk4NWUxYjExXkEyXkFqcGc@._V1_QL75_UX90_CR0,0,90,133_.jpg",1h 44m,2024.0,Ana an ambitious intern at an art auction house in new york city misrepresents herself to a handsome wealthy man as the director as their romance develops her deception creates challenges that threaten her career and relationship
Lift,A female master thief and her ex-boyfriend who works for the FBI team up to steal $100M worth of gold bullion being transported on a 777 passenger flight from London to Zurich.,5.6, (52K,"https://m.media-amazon.com/images/M/MV5BOWRkYmNiNDUtYTY0OC00YTZlLTlmMTYtMTJhMTU4OTBkMDY5XkEyXkFqcGc@._V1_QL75_UY133_CR0,0,90,133_.jpg",1h 47m,2024.0,A female master thief and her exboyfriend who works for the fbi team up to steal m worth of gold bullion being transported on a  passenger flight from london to zurich
Mean Girls,"Cady Heron is a hit with the Plastics, an A-list girl clique at her new school. But everything changes when she makes the mistake of falling for Aaron Samuels, the ex-boyfriend of alpha Plastic Regina George.",5.5, (41K,"https://m.media-amazon.com/images/M/MV5BYzlhMTkxZWMtYzQwNi00OWI4LWI2ZGQtOWQ0OGM4NDlkYTdiXkEyXkFqcGc@._V1_QL75_UY133_CR4,0,90,133_.jpg",1h 52m,2024.0,Cady heron is a hit with the plastics an alist girl clique at her new school but everything changes when she makes the mistake of falling for aaron samuels the exboyfriend of alpha plastic regina george
The Wonderful Story of Henry Sugar and Three More,Four tales unfold in writer-director Wes Anderson's anthology of short films adapted from Roald Dahl's beloved stories.,7.1, (12K,"https://m.media-amazon.com/images/M/MV5BN2UwOWVlZWQtMmM0YS00Njc2LTlhOWYtYTA1ZTMwY2NjNmM1XkEyXkFqcGc@._V1_QL75_UY133_CR3,0,90,133_.jpg",1h 28m,2024.0,Four tales unfold in writerdirector wes andersons anthology of short films adapted from roald dahls beloved stories
He's Watching You,A teenager investigating mysterious murders in his small town discovers a collection of VHS tapes that could reveal the identity of a notorious serial killer.,4.7, (332,"https://m.media-amazon.com/images/M/MV5BYzM3OWJjMzYtOTZmZC00MDExLWFiZjktMmQxNmZhYWRjZDliXkEyXkFqcGc@._V1_QL75_UY133_CR0,0,90,133_.jpg",1h 42m,,A teenager investigating mysterious murders in his small town discovers a collection of vhs tapes that could reveal the identity of a notorious serial killer
A Nice Indian Boy,"When Naveen brings his fiancé Jay home to meet his traditional Indian family, they must contend with accepting his white-orphan-artist boyfriend and helping them plan the Indian wedding of their dreams.",7.3, (7.3K,"https://m.media-amazon.com/images/M/MV5BM2UwMDlhZDktMTc4ZS00MWRhLWE5OTEtNGVkNDdiM2U3NzU4XkEyXkFqcGc@._V1_QL75_UX90_CR0,0,90,133_.jpg",1h 36m,2024.0,When naveen brings his fianc jay home to meet his traditional indian family they must contend with accepting his whiteorphanartist boyfriend and helping them plan the indian wedding of their dreams
Riff Raff,A former criminal's ordinary life is turned upside down when his old family shows up for a long-awaited reunion.,5.7, (8.4K,"https://m.media-amazon.com/images/M/MV5BN2FiYzNhNTItN2M4Mi00MDRjLTk2NTMtYmQxODk4ZTMzN2E5XkEyXkFqcGc@._V1_QL75_UX90_CR0,0,90,133_.jpg",1h 43m,2024.0,A former criminals ordinary life is turned upside down when his old family shows up for a longawaited reunion
The Outrun,"After living life on the edge in London, Rona attempts to come to terms with her troubled past. Hoping to heal, she returns to the wild beauty of Scotland's Orkney Islands where she grew up.",6.9, (21K,"https://m.media-amazon.com/images/M/MV5BM2Q0YTliNDMtYjRiNC00ZWE2LTg5ZjktNGZhNWRiYTk2ZTFlXkEyXkFqcGc@._V1_QL75_UX90_CR0,0,90,133_.jpg",1h 58m,2024.0,After living life on the edge in london rona attempts to come to terms with her troubled past hoping to heal she returns to the wild beauty of scotlands orkney islands where she grew up
Cellar Door,"Looking for a fresh start after a miscarriage, a couple find themselves being gifted the house of their dreams with one caveat - they can never open the cellar door. Whether they can live without knowing triggers shocking consequences.",5.2, (6.2K,"https://m.media-amazon.com/images/M/MV5BYmIyNDdkMWUtNmU3MC00MzAyLWIxZTMtNDk5MjgwMTRjNzcyXkEyXkFqcGc@._V1_QL75_UX90_CR0,1,90,133_.jpg",1h 37m,2024.0,Looking for a fresh start after a miscarriage a couple find themselves being gifted the house of their dreams with one caveat  they can never open the cellar door whether they can live without knowing triggers shocking consequences
Paddington in Peru,"Paddington returns to Peru to visit his beloved Aunt Lucy, who now resides at the Home for Retired Bears. With the Brown family in tow, a thrilling adventure ensues when a mystery plunges them into an unexpected journey.",6.6, (34K,"https://m.media-amazon.com/images/M/MV5BNzMyNWZlYmYtZDgxMC00ZTU3LWFiYzctNGE0ZDc0OTlhZTRlXkEyXkFqcGc@._V1_QL75_UX90_CR0,0,90,133_.jpg",1h 46m,2024.0,Paddington returns to peru to visit his beloved aunt lucy who now resides at the home for retired bears with the brown family in tow a thrilling adventure ensues when a mystery plunges them into an unexpected journey
The Girl with the Needle,"Copenhagen 1919: A young worker finds herself unemployed and pregnant. She meets Dagmar, who runs an underground adoption agency. A strong connection grows but her world shatters when she stumbles on the shocking truth behind her work.",7.5, (19K,"https://m.media-amazon.com/images/M/MV5BNzdhMzMzMjMtOWVmYy00MWExLTlhZTAtYjQyNzY3YTY2ZWJkXkEyXkFqcGc@._V1_QL75_UX90_CR0,0,90,133_.jpg",2h 3m,2024.0,Copenhagen  a young worker finds herself unemployed and pregnant she meets dagmar who runs an underground adoption agency a strong connection grows but her world shatters when she stumbles on the shocking truth behind her work
Nickel Boys,A powerful friendship develops between two young Black men as they navigate the harrowing trials of reform school together.,6.9, (24K,"https://m.media-amazon.com/images/M/MV5BMGRkMzIyY2QtMjc5My00NGRjLWE5ZGUtYjRiMDNjMzAwOTU0XkEyXkFqcGc@._V1_QL75_UX90_CR0,0,90,133_.jpg",2h 20m,2024.0,A powerful friendship develops between two young black men as they navigate the harrowing trials of reform school together
Salem's Lot,"An author returns to his hometown of Jerusalem's Lot in search of inspiration for his next book, only to discover that the townspeople are being attacked by a bloodthirsty vampire.",5.6, (40K,"https://m.media-amazon.com/images/M/MV5BMTVhN2Y4NDAtYjFmMC00YjI3LTgyMTctYmNmZDhjZmU0MGQ0XkEyXkFqcGc@._V1_QL75_UX90_CR0,0,90,133_.jpg",1h 54m,2024.0,An author returns to his hometown of jerusalems lot in search of inspiration for his next book only to discover that the townspeople are being attacked by a bloodthirsty vampire
Longing,A business mogul runs into his old small town girlfriend while she is visiting the big city only to find out that they had a child together that he was unaware of. Based on an award-winning foreign language film.,4.8, (1.3K,"https://m.media-amazon.com/images/M/MV5BODYzYWYwYzEtMTY0NC00ZGUzLTljMTYtYmE4NTJlNzAzNDdiXkEyXkFqcGc@._V1_QL75_UX90_CR0,0,90,133_.jpg",1h 51m,2024.0,A business mogul runs into his old small town girlfriend while she is visiting the big city only to find out that they had a child together that he was unaware of based on an awardwinning foreign language film
Last Night on Earth,"Faced with impending doom from a planet-killing asteroid, a couple flee to the hills of Tennessee to spend their last days together - but the chaotic breakdown of society disrupts their peaceful plans.",4.7, (644,"https://m.media-amazon.com/images/M/MV5BNmY3NDAxYWItYWJmNy00MTgwLTgxNzctZWQ3OTgzZWM4ZGQ1XkEyXkFqcGc@._V1_QL75_UY133_CR1,0,90,133_.jpg",1h 26m,2024.0,Faced with impending doom from a planetkilling asteroid a couple flee to the hills of tennessee to spend their last days together  but the chaotic breakdown of society disrupts their peaceful plans
Arcadian,A father and his twin teenage sons fight to survive in a remote farmhouse at the end of the world.,5.5, (27K,"https://m.media-amazon.com/images/M/MV5BYmQ0OTU4MDUtOTM5Yi00Y2QwLThhYTMtZGFmOWU2ZTU0Y2VlXkEyXkFqcGc@._V1_QL75_UX90_CR0,0,90,133_.jpg",1h 32m,2024.0,A father and his twin teenage sons fight to survive in a remote farmhouse at the end of the world
Cuckoo,A 17-year-old is forced to move with her family to a resort where things are not what they seem.,5.7, (33K,"https://m.media-amazon.com/images/M/MV5BMTBhMjVkOTQtYWUyOS00ZDVmLWJmMDMtYTg3MTBlMGIzNzkxXkEyXkFqcGc@._V1_QL75_UY133_CR1,0,90,133_.jpg",1h 42m,2024.0,A yearold is forced to move with her family to a resort where things are not what they seem
Bird,"Bailey lives with her brother Hunter and her father Bug, who raises them alone in a squat in northern Kent. Bug doesn't have much time to devote to them. Bailey looks for attention and adventure elsewhere.",7.0, (12K,"https://m.media-amazon.com/images/M/MV5BMGYzZDI4OTktZWJkZC00NjdiLTlkMjYtMzA1ZTVjMDU2M2FhXkEyXkFqcGc@._V1_QL75_UX90_CR0,0,90,133_.jpg",1h 59m,2024.0,Bailey lives with her brother hunter and her father bug who raises them alone in a squat in northern kent bug doesnt have much time to devote to them bailey looks for attention and adventure elsewhere
Thelma,"When 93-year-old Thelma Post gets duped by a phone scammer pretending to be her grandson, she sets out on a treacherous quest across the city to reclaim what was taken from her.",7.0, (27K,"https://m.media-amazon.com/images/M/MV5BNmE4OTc5ODAtMmEyOC00NTY5LWE5MGEtMDhkZjhiNzNhY2VjXkEyXkFqcGc@._V1_QL75_UX90_CR0,0,90,133_.jpg",1h 38m,2024.0,When yearold thelma post gets duped by a phone scammer pretending to be her grandson she sets out on a treacherous quest across the city to reclaim what was taken from her
Mothers' Instinct,"Alice and Celine live a traditional lifestyle with successful husbands and sons of the same age. Life's perfect harmony is suddenly shattered after a tragic accident. Guilt, suspicion and paranoia combine to unravel their sisterly bond.",6.3, (24K,"https://m.media-amazon.com/images/M/MV5BMDcwMDRhZjQtNTU0YS00YmZlLTk4ZWEtNWMyOTE2ZDI0NWUyXkEyXkFqcGc@._V1_QL75_UY133_CR2,0,90,133_.jpg",1h 34m,2024.0,Alice and celine live a traditional lifestyle with successful husbands and sons of the same age lifes perfect harmony is suddenly shattered after a tragic accident guilt suspicion and paranoia combine to unravel their sisterly bond
In a Violent Nature,"When a locket is removed from a collapsed fire tower in the woods that entombs the rotting corpse of Johnny, a vengeful spirit spurred on by a horrific 70-year old crime, his body is resurrected and becomes hellbent on retrieving it.",5.5, (30K,"https://m.media-amazon.com/images/M/MV5BNDA4M2MyM2MtNmNkMy00NmJkLTg0ZDctOWY5ZGU1ZjUxMjcxXkEyXkFqcGc@._V1_QL75_UY133_CR0,0,90,133_.jpg",1h 34m,2024.0,When a locket is removed from a collapsed fire tower in the woods that entombs the rotting corpse of johnny a vengeful spirit spurred on by a horrific year old crime his body is resurrected and becomes hellbent on retrieving it
The Rule of Jenny Pen,"Confined to a secluded rest home and trapped within his stroke-ridden body, a former Judge must stop an elderly psychopath who employs a child's puppet to abuse the home's residents with deadly consequences.",6.1, (10K,"https://m.media-amazon.com/images/M/MV5BMTJiMzg2ODgtNDhhMi00YmE3LWI3ZmEtOGUwYjFlOTFjYTZmXkEyXkFqcGc@._V1_QL75_UX90_CR0,0,90,133_.jpg",1h 44m,2024.0,Confined to a secluded rest home and trapped within his strokeridden body a former judge must stop an elderly psychopath who employs a childs puppet to abuse the homes residents with deadly consequences
Scoop,"An insider account of how BBC Newsnight obtained the bombshell interview with Prince Andrew about his friendship with convicted sex offender, Jeffrey Epstein.",6.5, (22K,"https://m.media-amazon.com/images/M/MV5BMDY1ZmQ1YTAtMzk1OC00ZGFmLWEwMDYtYjQxNjQ4NGRkMWQ4XkEyXkFqcGc@._V1_QL75_UY133_CR8,0,90,133_.jpg",1h 42m,2024.0,An insider account of how bbc newsnight obtained the bombshell interview with prince andrew about his friendship with convicted sex offender jeffrey epstein
No Other Land,This film made by a Palestinian-Israeli collective shows the destruction of the occupied West Bank's Masafer Yatta by Israeli soldiers and the alliance which develops between the Palestinian activist Basel and Israeli journalist Yuval.,8.2, (34K,"https://m.media-amazon.com/images/M/MV5BMzdhODkyYmUtMzE3ZS00YmQxLThlMGItNTQwNGJmYTk3ZjE3XkEyXkFqcGc@._V1_QL75_UY133_CR4,0,90,133_.jpg",1h 32m,2024.0,This film made by a palestinianisraeli collective shows the destruction of the occupied west banks masafer yatta by israeli soldiers and the alliance which develops between the palestinian activist basel and israeli journalist yuval
Apartment 7A,"A struggling young dancer finds herself drawn in by dark forces when a peculiar, well-connected older couple promise her a shot at fame.",5.9, (20K,"https://m.media-amazon.com/images/M/MV5BNTFiZGQzZjUtN2ZjZi00ZGQ0LWI4YWMtNDM5MGFjZTRmZjM4XkEyXkFqcGc@._V1_QL75_UX90_CR0,0,90,133_.jpg",1h 47m,2024.0,A struggling young dancer finds herself drawn in by dark forces when a peculiar wellconnected older couple promise her a shot at fame
The Penguin Lessons,A disillusioned Englishman who goes to work in a school in a divided Argentina in 1976 finds his life transformed when he rescues an orphaned penguin from the beach.,7.1, (11K,"https://m.media-amazon.com/images/M/MV5BYTU1MmE0NDEtNjM0OC00MjExLThmNjUtNTE4ZGU0NjRmY2NlXkEyXkFqcGc@._V1_QL75_UX90_CR0,0,90,133_.jpg",1h 51m,2024.0,A disillusioned englishman who goes to work in a school in a divided argentina in  finds his life transformed when he rescues an orphaned penguin from the beach
Shook,"After a run-in with his estranged father, an aspiring writer learns a secret that will force him to balance family, love, and success while navigating the divide between the exciting city life he wants and his suburban reality.",6.0, (156,"https://m.media-amazon.com/images/M/MV5BMzI1YjViOGUtZjg2Yi00YjZlLWI3NDUtNjk1ZDhiNjQwNTg2XkEyXkFqcGc@._V1_QL75_UX90_CR0,1,90,133_.jpg",1h 53m,2024.0,After a runin with his estranged father an aspiring writer learns a secret that will force him to balance family love and success while navigating the divide between the exciting city life he wants and his suburban reality
The Fable,"After discovering burned trees in his orchards, a wealthy landowner grows suspicious of his workers and nomads passing through his vast estate.",6.4, (21K,"https://m.media-amazon.com/images/M/MV5BYzdkY2NiZGItYzBiZS00NGZmLWEzY2QtYmFmZTdlMmUwY2QwXkEyXkFqcGc@._V1_QL75_UY133_CR8,0,90,133_.jpg",1h 59m,2024.0,After discovering burned trees in his orchards a wealthy landowner grows suspicious of his workers and nomads passing through his vast estate
Secret Mall Apartment,"In 2003, eight Rhode Islanders created a secret apartment inside a busy mall and lived there for four years, filming everything along the way. Far more than a prank, the secret apartment became a deeply meaningful place for all involved.",7.0, (2.5K,"https://m.media-amazon.com/images/M/MV5BOGQ4ZDg4NjEtMjhkYi00MjhhLTg3ZTAtNDdjMjkyZTdiOTc0XkEyXkFqcGc@._V1_QL75_UY133_CR0,0,90,133_.jpg",1h 32m,2024.0,In  eight rhode islanders created a secret apartment inside a busy mall and lived there for four years filming everything along the way far more than a prank the secret apartment became a deeply meaningful place for all involved
The Crow,"Soulmates Eric and Shelly are brutally murdered. Given a chance to save the love of his life, Eric must sacrifice himself and traverse the worlds of the living and the dead, seeking revenge.",4.7, (41K,"https://m.media-amazon.com/images/M/MV5BMjEyOWJjMWQtZTY4Yi00ZjYyLWJhNDktZmRkNzEwMjlhZjQ3XkEyXkFqcGc@._V1_QL75_UX90_CR0,0,90,133_.jpg",1h 51m,2024.0,Soulmates eric and shelly are brutally murdered given a chance to save the love of his life eric must sacrifice himself and traverse the worlds of the living and the dead seeking revenge
Monkey Man,An anonymous young man unleashes a campaign of vengeance against the corrupt leaders who murdered his mother and continue to systematically victimize the poor and powerless.,6.8, (99K,"https://m.media-amazon.com/images/M/MV5BODM2ZmZjYmQtNTA3NC00MmYzLWEwOTItMDNjYzc3MzI1NWNmXkEyXkFqcGc@._V1_QL75_UY133_CR0,0,90,133_.jpg",2h 1m,2024.0,An anonymous young man unleashes a campaign of vengeance against the corrupt leaders who murdered his mother and continue to systematically victimize the poor and powerless
Rebel Moon - Part Two: The Scargiver,"Kora and surviving warriors prepare to defend Veldt, their new home, alongside its people against the Realm. The warriors face their pasts, revealing their motivations before the Realm's forces arrive to crush the growing rebellion.",5.3, (63K,"https://m.media-amazon.com/images/M/MV5BOGYzMDQ1ZWItNjMyYi00ZjM4LWE5YTctYTJhNTYxZDI4OTU0XkEyXkFqcGc@._V1_QL75_UX90_CR0,0,90,133_.jpg",2h 2m,2024.0,Kora and surviving warriors prepare to defend veldt their new home alongside its people against the realm the warriors face their pasts revealing their motivations before the realms forces arrive to crush the growing rebellion
MadS,"A teenager stops off to see his dealer to test a new drug before heading off for a night of partying. On the way home, he picks up an injured woman and the night takes a surreal turn.",6.4, (12K,"https://m.media-amazon.com/images/M/MV5BNTg2Yzk1NGQtYzhhYS00YWI4LWFmYTAtNmI5ZmM5MzczNWY5XkEyXkFqcGc@._V1_QL75_UX90_CR0,1,90,133_.jpg",1h 29m,2024.0,A teenager stops off to see his dealer to test a new drug before heading off for a night of partying on the way home he picks up an injured woman and the night takes a surreal turn
The Salt Path,A couple lose their home and later discover the husband has been diagnosed with a terminal illness as they embark on a year long coastal trek.,6.6, (6.6K,"https://m.media-amazon.com/images/M/MV5BY2E3MDcxNGQtZDQ4OS00YmJiLTljYjEtNTM3YjlkOTgyMDk4XkEyXkFqcGc@._V1_QL75_UY133_CR8,0,90,133_.jpg",1h 55m,2024.0,A couple lose their home and later discover the husband has been diagnosed with a terminal illness as they embark on a year long coastal trek
Ricky Stanicky,"When three childhood best friends pull a prank that goes wrong, they invent the imaginary Ricky Stanicky to get them out of trouble. Twenty years later, they still use the nonexistent Ricky as a handy alibi for their immature behavior.",6.2, (61K,"https://m.media-amazon.com/images/M/MV5BMTFhNmRlN2YtMDBhNC00NjJiLTk5NmUtN2MwNmIwNjEwNzQ0XkEyXkFqcGc@._V1_QL75_UX90_CR0,0,90,133_.jpg",1h 53m,2024.0,When three childhood best friends pull a prank that goes wrong they invent the imaginary ricky stanicky to get them out of trouble twenty years later they still use the nonexistent ricky as a handy alibi for their immature behavior
Sew Torn,"A seamstress gets tangled in her own thread after stealing a briefcase from a drug deal gone bad. In an escalating game of cat and mouse, her different choices lead to drastically different outcomes along the way.",6.0, (2.7K,"https://m.media-amazon.com/images/M/MV5BYzk3MmFiNzYtY2VlYi00YzlkLTlkOWQtMTFmYjYxYzdhODgyXkEyXkFqcGc@._V1_QL75_UX90_CR0,1,90,133_.jpg",1h 40m,2024.0,A seamstress gets tangled in her own thread after stealing a briefcase from a drug deal gone bad in an escalating game of cat and mouse her different choices lead to drastically different outcomes along the way
Queen of the Ring,"In a time when pro wrestling for women was illegal all over the United States, a small town single mother embraces the danger as she dominates a peculiar American niche entertainment industry & becomes the first millionaire female athlete.",6.4, (3.1K,"https://m.media-amazon.com/images/M/MV5BYTc2Y2U5MGUtODI4NS00YWRjLTk2OTUtYjA1NDdlMjNlYmYxXkEyXkFqcGc@._V1_QL75_UX90_CR0,0,90,133_.jpg",2h 20m,2024.0,In a time when pro wrestling for women was illegal all over the united states a small town single mother embraces the danger as she dominates a peculiar american niche entertainment industry  becomes the first millionaire female athlete
How to Make Millions Before Grandma Dies,"A man, driven by his desire for a multi-million dollar inheritance, begins to care for his terminally ill grandmother. However, winning her favor will not be an easy task and he is not the only one with an eye on the money.",7.9, (21K,"https://m.media-amazon.com/images/M/MV5BMTc5NjYxZWQtZGRmYi00NTBlLThlMTMtYWI1NjEwMjMyN2Q2XkEyXkFqcGc@._V1_QL75_UY133_CR2,0,90,133_.jpg",2h 5m,2024.0,A man driven by his desire for a multimillion dollar inheritance begins to care for his terminally ill grandmother however winning her favor will not be an easy task and he is not the only one with an eye on the money
Maria,"Maria Callas, the world's greatest opera singer, lives the last days of her life in 1970s Paris, as she confronts her identity.",6.4, (25K,"https://m.media-amazon.com/images/M/MV5BMmJlZTkzOWMtYjBmMi00MWY2LTg0YTUtNGUzZjI0MzgxYTY4XkEyXkFqcGc@._V1_QL75_UX90_CR0,0,90,133_.jpg",2h 4m,2024.0,Maria callas the worlds greatest opera singer lives the last days of her life in s paris as she confronts her identity
Dreams,"Johanne documents her intense crush on her french teacher. Her mother, grandmother end up reading these intimate writings. They're both horrified by the contents but taken by the powerful writing and story. Johanne navigates romantic ideals vs reality, exploring emotions of self-discovery, love, sexuality.",7.3, (3.2K,"https://m.media-amazon.com/images/M/MV5BOGYxMDVjNGUtNGI0Zi00MjRiLThiOGEtZDVkMjQ4NzdlMTM3XkEyXkFqcGc@._V1_QL75_UX90_CR0,0,90,133_.jpg",1h 50m,2024.0,Johanne documents her intense crush on her french teacher her mother grandmother end up reading these intimate writings theyre both horrified by the contents but taken by the powerful writing and story johanne navigates romantic ideals vs reality exploring emotions of selfdiscovery love sexuality
The Seed of the Sacred Fig,"An investigating judge struggles with paranoia amid political unrest in Tehran caused by the death of a young woman. When his gun goes missing, he suspects his wife and daughters, imposing harsh measures that fray family ties.",7.5, (19K,"https://m.media-amazon.com/images/M/MV5BMmYxMTlmODQtZTUyOS00YWE3LWFjYTktOWU4ZjU3ZGYwZDk2XkEyXkFqcGc@._V1_QL75_UX90_CR0,2,90,133_.jpg",2h 47m,2024.0,An investigating judge struggles with paranoia amid political unrest in tehran caused by the death of a young woman when his gun goes missing he suspects his wife and daughters imposing harsh measures that fray family ties
Hunting Matthew Nichols,"Two decades after her brother mysteriously disappeared on Vancouver Island, a documentary filmmaker sets out to solve his missing person's case. When a disturbing piece of evidence is revealed, she comes to believe he might still be alive.",8.3, (95,"https://m.media-amazon.com/images/M/MV5BYzEzNDM4MTYtMDFkNy00YTNlLTkxYjEtNzJlYmMwYTk5OGJmXkEyXkFqcGc@._V1_QL75_UX90_CR0,1,90,133_.jpg",1h 29m,,Two decades after her brother mysteriously disappeared on vancouver island a documentary filmmaker sets out to solve his missing persons case when a disturbing piece of evidence is revealed she comes to believe he might still be alive
F*** Marry Kill,"As a serial killer targets women on dating apps, a true-crime junkie must figure out which of her three dates is a f-boy, marriage material, or is trying to kill her.",5.3, (5.3K,"https://m.media-amazon.com/images/M/MV5BM2M2Nzg2YTEtM2FiNS00NjY5LWE3NTktZmJlMDMxM2YzMTNiXkEyXkFqcGc@._V1_QL75_UX90_CR0,0,90,133_.jpg",1h 37m,2024.0,As a serial killer targets women on dating apps a truecrime junkie must figure out which of her three dates is a fboy marriage material or is trying to kill her
Sketch,"When a young girl's sketchbook falls into a strange pond, her drawings come to life-chaotic, real and on the loose. As the town descends into chaos, her family must reunite and stop the monsters they never meant to unleash.",6.6, (5.6K,"https://m.media-amazon.com/images/M/MV5BMTk4OTkzNGEtYWU1Yy00ZGM5LWE0ZDMtYzY3NjU1NjIwOGY2XkEyXkFqcGc@._V1_QL75_UX90_CR0,0,90,133_.jpg",1h 33m,2024.0,When a young girls sketchbook falls into a strange pond her drawings come to lifechaotic real and on the loose as the town descends into chaos her family must reunite and stop the monsters they never meant to unleash
Marmalade,"Baron teams up with his cellmate Otis to plan an escape, all while remembering how he fell for Marmalade and joined her in a risky bank robbery to support his sick mother and pursue a better future.",6.3, (4.4K,"https://m.media-amazon.com/images/M/MV5BNzlhNTYzM2UtZDI3Ni00ODRiLThiNWYtN2NmYzg2OGNiMGQ4XkEyXkFqcGc@._V1_QL75_UX90_CR0,1,90,133_.jpg",1h 39m,2024.0,Baron teams up with his cellmate otis to plan an escape all while remembering how he fell for marmalade and joined her in a risky bank robbery to support his sick mother and pursue a better future
The First Omen,"A young American woman is sent to Rome to begin a life of service to the church, but encounters a darkness that causes her to question her faith and uncovers a terrifying conspiracy that hopes to bring about the birth of evil incarnate.",6.5, (70K,"https://m.media-amazon.com/images/M/MV5BNWU0ZjM1YjYtMGZkZi00NTBiLTgxMGItMzVhZDgyZTkyY2ZhXkEyXkFqcGc@._V1_QL75_UX90_CR0,0,90,133_.jpg",1h 59m,2024.0,A young american woman is sent to rome to begin a life of service to the church but encounters a darkness that causes her to question her faith and uncovers a terrifying conspiracy that hopes to bring about the birth of evil incarnate
The Day the Earth Blew Up: A Looney Tunes Movie,Porky Pig and Daffy Duck are Earth's only hope when facing the threat of alien invasion.,6.8, (8.5K,"https://m.media-amazon.com/images/M/MV5BOTgxODk4OTQtMjc2MC00NGRmLWJlMmMtNTdlZjI1NDE0NzE0XkEyXkFqcGc@._V1_QL75_UX90_CR0,0,90,133_.jpg",1h 31m,2024.0,Porky pig and daffy duck are earths only hope when facing the threat of alien invasion
Arthur the King,An adventure racer adopts a stray dog named Arthur to join him in an epic endurance race.,7.0, (38K,"https://m.media-amazon.com/images/M/MV5BNDIyN2JjOTQtYTY3MS00OTQwLWJmNjAtYzVmNTU1MWNjNzYyXkEyXkFqcGc@._V1_QL75_UX90_CR0,0,90,133_.jpg",1h 47m,2024.0,An adventure racer adopts a stray dog named arthur to join him in an epic endurance race
Kneecap,"When fate brings Belfast teacher JJ into the orbit of self-confessed ""low life scum"" Naoise and Liam Óg, the needle drops on a hip hop act like no other. Rapping in their native Irish, they lead a movement to save their mother tongue.",7.6, (24K,"https://m.media-amazon.com/images/M/MV5BZjI3MTQ3OGMtYjU5My00NDA3LWE1Y2UtZDFmZmExYTNjZWYwXkEyXkFqcGc@._V1_QL75_UX90_CR0,0,90,133_.jpg",1h 45m,2024.0,When fate brings belfast teacher jj into the orbit of selfconfessed low life scum naoise and liam g the needle drops on a hip hop act like no other rapping in their native irish they lead a movement to save their mother tongue
Big World,"Liu Chunhe, a young man with cerebral palsy, overcomes physical and mental barriers while fulfilling his grandmother's dream and discovering his life's purpose, leading to transformation and a fresh start.",7.4, (2K,"https://m.media-amazon.com/images/M/MV5BN2UzMTVmYTItNmNhMC00NWI0LTkwYjQtNjVlNGZmN2UzZTBiXkEyXkFqcGc@._V1_QL75_UY133_CR3,0,90,133_.jpg",2h 11m,2024.0,Liu chunhe a young man with cerebral palsy overcomes physical and mental barriers while fulfilling his grandmothers dream and discovering his lifes purpose leading to transformation and a fresh start
Memoir of a Snail,"A bittersweet memoir of a melancholic woman called Grace Pudel - a hoarder of snails, romance novels, and guinea pigs.",7.8, (25K,"https://m.media-amazon.com/images/M/MV5BMWQzMzE3ZTUtZmYxMy00NzAyLWIyMzEtZDFlNDgwNzI3MGJjXkEyXkFqcGc@._V1_QL75_UY133_CR2,0,90,133_.jpg",1h 35m,2024.0,A bittersweet memoir of a melancholic woman called grace pudel  a hoarder of snails romance novels and guinea pigs
Nr. 24,"Young apprentice Gunnar Sønsteby from Rjukan decides to resist Nazi-Germany on the day of the invasion to later become the leader of the ""Oslo-gang"" carrying out countless daring acts of sabotage making him Norway's greatest war hero.",7.5, (20K,"https://m.media-amazon.com/images/M/MV5BYjYxZTIzNDEtZWY1OC00ODg4LTkxN2YtZmEwOTIzYzBiYmU5XkEyXkFqcGc@._V1_QL75_UY133_CR8,0,90,133_.jpg",1h 51m,2024.0,Young apprentice gunnar snsteby from rjukan decides to resist nazigermany on the day of the invasion to later become the leader of the oslogang carrying out countless daring acts of sabotage making him norways greatest war hero
The Killer,"After being betrayed by her master, a disillusioned assassin takes one final shot with the intention of using the money to help a musician she accidentally blinded regain vision.",5.7, (17K,"https://m.media-amazon.com/images/M/MV5BYjQ1MWNkNGQtMzI2ZC00OTJiLTljZDMtZTUxNDljNTI1MTk0XkEyXkFqcGc@._V1_QL75_UX90_CR0,0,90,133_.jpg",2h 6m,2024.0,After being betrayed by her master a disillusioned assassin takes one final shot with the intention of using the money to help a musician she accidentally blinded regain vision
The Damned,"A 19th-century widow has to make an impossible choice when, during an especially cruel winter, a foreign ship sinks off the coast of her Icelandic fishing village.",5.7, (8.2K,"https://m.media-amazon.com/images/M/MV5BMTRhZTdlNjEtNTk0NC00NWI3LThkYmEtY2YyMzdjODg1M2ZkXkEyXkFqcGc@._V1_QL75_UY133_CR0,0,90,133_.jpg",1h 29m,2024.0,A thcentury widow has to make an impossible choice when during an especially cruel winter a foreign ship sinks off the coast of her icelandic fishing village
The Beldham,"A struggling new mother fights a generations-old presence lurking within her family home, threatening her safety, her sanity, and the life of her infant child.",5.1, (915,"https://m.media-amazon.com/images/M/MV5BMDMxNzg3YzUtMTc4OC00NDNhLWFmZWItMTE3Zjk4YTRiZmFiXkEyXkFqcGc@._V1_QL75_UY133_CR5,0,90,133_.jpg",1h 25m,2024.0,A struggling new mother fights a generationsold presence lurking within her family home threatening her safety her sanity and the life of her infant child
Beverly Hills Cop: Axel F,Axel Foley returns to Beverly Hills after his daughter's life is threatened for a family reunion that includes old pals John Taggart and Billy Rosewood to uncover a conspiracy.,6.4, (86K,"https://m.media-amazon.com/images/M/MV5BMDVhYWNkNTUtZWVjMC00Y2M1LWEzNmItZjFiMzA4ZjNiODI4XkEyXkFqcGc@._V1_QL75_UX90_CR0,0,90,133_.jpg",1h 58m,2024.0,Axel foley returns to beverly hills after his daughters life is threatened for a family reunion that includes old pals john taggart and billy rosewood to uncover a conspiracy
The Deliverance,"An Indiana family discovers strange, demonic occurrences that convince them and their community that the house is a portal to hell.",5.1, (25K,"https://m.media-amazon.com/images/M/MV5BNWI2ZWFkNTAtYjA0NS00NzZkLWE1NzMtNGRkMmY2MzEwZWRkXkEyXkFqcGc@._V1_QL75_UX90_CR0,0,90,133_.jpg",1h 52m,2024.0,An indiana family discovers strange demonic occurrences that convince them and their community that the house is a portal to hell
The Garfield Movie,"After Garfield's unexpected reunion with his long-lost father, ragged alley cat Vic, he and his canine friend Odie are forced from their perfectly pampered lives to join Vic on a risky heist.",5.7, (27K,"https://m.media-amazon.com/images/M/MV5BYjY2NDZhN2EtZmYwNS00NDU2LThiODAtNmY4OWY2ODNmZWRmXkEyXkFqcGc@._V1_QL75_UX90_CR0,1,90,133_.jpg",1h 41m,2024.0,After garfields unexpected reunion with his longlost father ragged alley cat vic he and his canine friend odie are forced from their perfectly pampered lives to join vic on a risky heist
The Shrouds,"Karsh, an innovative businessman and grieving widower, builds a device to connect with the dead inside a burial shroud.",5.7, (8.5K,"https://m.media-amazon.com/images/M/MV5BMTk4ODIyOGEtZjk0MS00MGZmLTkxNGItMjgxZDRjZDUzMGFlXkEyXkFqcGc@._V1_QL75_UX90_CR0,0,90,133_.jpg",2h,2024.0,Karsh an innovative businessman and grieving widower builds a device to connect with the dead inside a burial shroud
Rust,An orphaned boy of 13 left to fend for himself and his younger brother in 1880s Wyoming is sentenced to hang for the accidental killing of a local rancher. His estranged grandfather breaks him out of jail and they go on the run to Mexico.,5.7, (4.7K,"https://m.media-amazon.com/images/M/MV5BYzkzMzVmMGItYjFmOC00MzU2LThmNDItMzY4MDRkYzM1MDZjXkEyXkFqcGc@._V1_QL75_UX90_CR0,0,90,133_.jpg",2h 19m,2024.0,An orphaned boy of  left to fend for himself and his younger brother in s wyoming is sentenced to hang for the accidental killing of a local rancher his estranged grandfather breaks him out of jail and they go on the run to mexico
Brothers,"Two criminal twin brothers, one who is trying to reform, embark on a dangerous heist road trip. Facing legal troubles, gunfights, and family drama, they must reconcile their differences before their mission leads to self-destruction.",5.4, (15K,"https://m.media-amazon.com/images/M/MV5BYWJhMmQ3YzEtMGQyMS00ODI3LWFmYjgtOWNhZDkzMjk5MzFjXkEyXkFqcGc@._V1_QL75_UX90_CR0,1,90,133_.jpg",1h 29m,2024.0,Two criminal twin brothers one who is trying to reform embark on a dangerous heist road trip facing legal troubles gunfights and family drama they must reconcile their differences before their mission leads to selfdestruction
King Ivory,"Based upon extensive research with law enforcement, gangs, inmates, migrants, and addicts, an exposé on fentanyl trafficking, and its effect on all walks of life.",6.2, (1.2K,"https://m.media-amazon.com/images/M/MV5BMzYxMTZkYzItNjAxYi00ZDUzLWI5N2YtNWQ1MzI5YTg4N2UwXkEyXkFqcGc@._V1_QL75_UX90_CR0,0,90,133_.jpg",2h 10m,2024.0,Based upon extensive research with law enforcement gangs inmates migrants and addicts an expos on fentanyl trafficking and its effect on all walks of life
Girl Haunts Boy,"Follows Bea, a teenager ghost who forms a special friendship with Cole, the new guy in town, whose house she has been inhabiting for over 100 years.",6.3, (3.9K,"https://m.media-amazon.com/images/M/MV5BOGVlNTc2OTQtYmJiNC00MzJlLWIwZWYtNjllMDcyOTM2ZjBmXkEyXkFqcGc@._V1_QL75_UX90_CR0,1,90,133_.jpg",1h 40m,2024.0,Follows bea a teenager ghost who forms a special friendship with cole the new guy in town whose house she has been inhabiting for over  years
Bang Bang,"Follows 'Bang Bang' Rozyski, an eccentric retired pugilist obsessed with rectifying the sins of his past.",6.1, (555,"https://m.media-amazon.com/images/M/MV5BMTY1MDZiYzAtNmQ2MS00YmExLWE5MWMtMTUxZjg1YzYzMWY5XkEyXkFqcGc@._V1_QL75_UX90_CR0,0,90,133_.jpg",1h 43m,2024.0,Follows bang bang rozyski an eccentric retired pugilist obsessed with rectifying the sins of his past
Attack on Titan the Movie: The Last Attack,"The fate of the world hangs in the balance as Eren unleashes the ultimate power of the Titans. With a burning determination to eliminate all who threaten Eldia, he leads an unstoppable army of Colossal Titans towards Marley.",9.2, (25K,"https://m.media-amazon.com/images/M/MV5BNzVjOWEwYjEtNDJhOC00YjUyLThjMWItMDQwZGY1ODM4YzI3XkEyXkFqcGc@._V1_QL75_UY133_CR2,0,90,133_.jpg",2h 25m,2024.0,The fate of the world hangs in the balance as eren unleashes the ultimate power of the titans with a burning determination to eliminate all who threaten eldia he leads an unstoppable army of colossal titans towards marley
Miller's Girl,A creative writing assignment yields complex results between a teacher and his talented student.,5.2, (27K,"https://m.media-amazon.com/images/M/MV5BZTM0NWEyYjItYjYzNy00MzY5LTg0ZDQtNjFhMzViYzdhY2FkXkEyXkFqcGc@._V1_QL75_UX90_CR0,1,90,133_.jpg",1h 33m,2024.0,A creative writing assignment yields complex results between a teacher and his talented student
Atlas,"In a bleak-sounding future, an A.I. soldier has determined that the only way to end war is to end humanity.",5.6, (59K,"https://m.media-amazon.com/images/M/MV5BNDUwNTFkNzYtMGM5NS00NTc4LWEwMDUtMmE5MzgyMjcwOWM4XkEyXkFqcGc@._V1_QL75_UY133_CR8,0,90,133_.jpg",1h 58m,2024.0,In a bleaksounding future an ai soldier has determined that the only way to end war is to end humanity
Ick,"Science teacher Hank's life changes when he reconnects with his first love and suspects a new student is his daughter, all while facing an alien threat in their town.",5.2, (1.9K,"https://m.media-amazon.com/images/M/MV5BNTQ4ZWM4MTAtNjMwZS00MTBiLWFlOGItODNjM2NkY2I4NTJmXkEyXkFqcGc@._V1_QL75_UX90_CR0,1,90,133_.jpg",1h 33m,2024.0,Science teacher hanks life changes when he reconnects with his first love and suspects a new student is his daughter all while facing an alien threat in their town
Long Distance,"It follows an asteroid miner who, after crash-landing on an alien planet, must make his way across the harsh terrain, running out of oxygen, hunted by strange creatures, to the only other survivor.",5.7, (6.3K,"https://m.media-amazon.com/images/M/MV5BY2ViYmExZjAtMzE5Ni00NGYwLWJjYzctZmMwNWRjNGRlYjU4XkEyXkFqcGc@._V1_QL75_UY133_CR2,0,90,133_.jpg",1h 26m,2024.0,It follows an asteroid miner who after crashlanding on an alien planet must make his way across the harsh terrain running out of oxygen hunted by strange creatures to the only other survivor
Winter Spring Summer or Fall,"Remi and Barnes, two very different teenagers, meet by chance in the winter of their senior year, then spend four days together over the course of a year that will change their lives forever.",6.1, (5.8K,"https://m.media-amazon.com/images/M/MV5BZmQ2MGRhYWQtZjQ4Ni00Y2EyLWI2OGQtOTYzNDkwZGU1NmI4XkEyXkFqcGc@._V1_QL75_UX90_CR0,0,90,133_.jpg",1h 37m,2024.0,Remi and barnes two very different teenagers meet by chance in the winter of their senior year then spend four days together over the course of a year that will change their lives forever
Empire Waist,Follows a group of teens learning to love their bodies through inclusive fashion design and friendship.,6.1, (529,"https://m.media-amazon.com/images/M/MV5BNTBhZGFiMjctZDM4MC00YWUxLWIxOTctNWE2ZDY1MDVjZTIyXkEyXkFqcGc@._V1_QL75_UY133_CR1,0,90,133_.jpg",1h 37m,2024.0,Follows a group of teens learning to love their bodies through inclusive fashion design and friendship
Rich Flu,Explores how far people would go to save themselves when the wealth that made the world go round then becomes its most dangerous commodity after a strange disease threatens to kill anyone with any sort of fortune.,5.0, (7.6K,"https://m.media-amazon.com/images/M/MV5BMTQwYjMyMzItZWNkMC00OTBmLTliNzYtNTE1ZmRjMDQ1ZjU2XkEyXkFqcGc@._V1_QL75_UY133_CR2,0,90,133_.jpg",1h 56m,2024.0,Explores how far people would go to save themselves when the wealth that made the world go round then becomes its most dangerous commodity after a strange disease threatens to kill anyone with any sort of fortune
Look Back,"The overly confident Fujino and the shut-in Kyomoto couldn't be more different, but a love of drawing manga brings these two small-town girls together.",7.8, (21K,"https://m.media-amazon.com/images/M/MV5BOWU3YTkxMjYtYTdlMi00NDQ1LThiMjQtNzhmMTFlZmE2ZTU0XkEyXkFqcGc@._V1_QL75_UY133_CR3,0,90,133_.jpg",58m,2024.0,The overly confident fujino and the shutin kyomoto couldnt be more different but a love of drawing manga brings these two smalltown girls together
Unfrosted,"In 1963 Michigan, business rivals Kellogg's and Post compete to create a cake that could change breakfast forever.",5.5, (37K,"https://m.media-amazon.com/images/M/MV5BZjE1NzA1MWMtZTIyZi00ZDYxLWJlMTYtZjNjMmM4ZWMxNGRkXkEyXkFqcGc@._V1_QL75_UX90_CR0,0,90,133_.jpg",1h 37m,2024.0,In  michigan business rivals kelloggs and post compete to create a cake that could change breakfast forever
Monster Summer,"When a mysterious force begins to disrupt their big summer fun, a group of friends team up with a retired police detective to embark on an adventure to save their island.",5.7, (7K,"https://m.media-amazon.com/images/M/MV5BNzA2Njg1NmMtYzZjMC00ZmIyLThmMzUtNzIyZjIxODVkZWQwXkEyXkFqcGc@._V1_QL75_UX90_CR0,0,90,133_.jpg",1h 37m,2024.0,When a mysterious force begins to disrupt their big summer fun a group of friends team up with a retired police detective to embark on an adventure to save their island
Bob Trevino Likes It,"When lonely 20-something Lily Trevino accidentally befriends a stranger online who shares the same name as her own self-centered father, encouragement and support from this new Bob Trevino could change her life.",7.4, (7.1K,"https://m.media-amazon.com/images/M/MV5BOGI2Yzg2MmYtMmI0Mi00ZWYwLThjMGItZTQ3MmExODFiMjI3XkEyXkFqcGc@._V1_QL75_UX90_CR0,0,90,133_.jpg",1h 41m,2024.0,When lonely something lily trevino accidentally befriends a stranger online who shares the same name as her own selfcentered father encouragement and support from this new bob trevino could change her life
My Spy: The Eternal City,"JJ, a veteran CIA agent, reunites with his protégé Sophie, in order to prevent a catastrophic nuclear scheme threatening Vatican City, which disrupts a high school choir trip to Italy.",5.7, (12K,"https://m.media-amazon.com/images/M/MV5BMjVhMTBlN2QtMWJmOS00OTliLWEwZTUtZjI3NWM2NjdmZjI3XkEyXkFqcGc@._V1_QL75_UX90_CR0,1,90,133_.jpg",1h 52m,2024.0,Jj a veteran cia agent reunites with his protg sophie in order to prevent a catastrophic nuclear scheme threatening vatican city which disrupts a high school choir trip to italy
Young Woman and the Sea,"The story of competitive swimmer Gertrude Ederle, who, in 1926, was the first woman to ever swim across the English Channel.",7.5, (20K,"https://m.media-amazon.com/images/M/MV5BNjYxOThhYzMtMjVlOS00MjkzLTlkZmQtZTJiN2JhNDg5OGJkXkEyXkFqcGc@._V1_QL75_UX90_CR0,0,90,133_.jpg",2h 9m,2024.0,The story of competitive swimmer gertrude ederle who in  was the first woman to ever swim across the english channel
Turtles All the Way Down,A teenager with OCD tries to solve a mystery surrounding a fugitive billionaire.,6.6, (8.6K,"https://m.media-amazon.com/images/M/MV5BMTI3NjZlZGMtOWE4ZC00ZWQ3LTgwMWEtYWFlOWE2ZTcwZjY5XkEyXkFqcGc@._V1_QL75_UX90_CR0,0,90,133_.jpg",1h 51m,2024.0,A teenager with ocd tries to solve a mystery surrounding a fugitive billionaire
No Way Up,Characters from different backgrounds are thrown together when the plane they're travelling on crashes into the Pacific Ocean. A nightmare fight for survival ensues with the air supply running out and dangers creeping in from all sides.,4.6, (12K,"https://m.media-amazon.com/images/M/MV5BNGFiZmZmNDEtZGRkNC00MDkxLTljNTMtMWI2ZDA1MzBjYzY2XkEyXkFqcGc@._V1_QL75_UY133_CR0,0,90,133_.jpg",1h 30m,2024.0,Characters from different backgrounds are thrown together when the plane theyre travelling on crashes into the pacific ocean a nightmare fight for survival ensues with the air supply running out and dangers creeping in from all sides
The Room Next Door,"Ingrid and Martha were close friends in their youth, when they worked together at the same magazine. After years of being out of touch, they meet again in an extreme but strangely sweet situation.",6.8, (27K,"https://m.media-amazon.com/images/M/MV5BYzk2MjI1YTgtOTcxYS00OTUyLTgyOTAtMGE0OGYyMjc0MTc3XkEyXkFqcGc@._V1_QL75_UX90_CR0,0,90,133_.jpg",1h 47m,2024.0,Ingrid and martha were close friends in their youth when they worked together at the same magazine after years of being out of touch they meet again in an extreme but strangely sweet situation
Trigger Warning,"A special forces commando returns to her hometown after her father's sudden death, only to run afoul of a violent gang when she starts asking questions.",4.6, (20K,"https://m.media-amazon.com/images/M/MV5BOWZjMTkyMGUtYjQyZS00MzA0LThlZGItZTIxN2I1YjI3ZjkxXkEyXkFqcGc@._V1_QL75_UY133_CR8,0,90,133_.jpg",1h 46m,2024.0,A special forces commando returns to her hometown after her fathers sudden death only to run afoul of a violent gang when she starts asking questions
Witchboard,"A cursed Witchboard awakens dark forces, dragging a young couple into a deadly game of possession and deception",5.1, (2.8K,"https://m.media-amazon.com/images/M/MV5BOTliNzk4ZWItYTkzZS00MGQzLWIzOGYtNjU5OTRkYjZkMzE1XkEyXkFqcGc@._V1_QL75_UX90_CR0,0,90,133_.jpg",1h 52m,2024.0,A cursed witchboard awakens dark forces dragging a young couple into a deadly game of possession and deception
Bob Marley: One Love,"The story of how reggae icon Bob Marley overcame adversity, and the journey behind his revolutionary music.",6.2, (38K,"https://m.media-amazon.com/images/M/MV5BYmYwODViNzUtZmZiNy00M2IwLWI4ZDEtMWMyOTc4ZjliZjI0XkEyXkFqcGc@._V1_QL75_UX90_CR0,0,90,133_.jpg",1h 47m,2024.0,The story of how reggae icon bob marley overcame adversity and the journey behind his revolutionary music
Blitz,The stories of a group of Londoners during the German bombing campaign of the British capital during World War II.,6.2, (18K,"https://m.media-amazon.com/images/M/MV5BOWUyZTE3NjctZDM2Ny00ZmU5LTg1NDYtOTM0ODIyMjNlNWQ2XkEyXkFqcGc@._V1_QL75_UX90_CR0,1,90,133_.jpg",2h,2024.0,The stories of a group of londoners during the german bombing campaign of the british capital during world war ii
Night Swim,"A family moves into a new home, unaware that a dark secret from the house's past will unleash a malevolent force in the backyard pool.",4.7, (31K,"https://m.media-amazon.com/images/M/MV5BMDIyNThiMjgtMTgwYS00YzU1LTkwZDMtODFkMzg0MzVjZGMwXkEyXkFqcGc@._V1_QL75_UX90_CR0,4,90,133_.jpg",1h 38m,2024.0,A family moves into a new home unaware that a dark secret from the houses past will unleash a malevolent force in the backyard pool
The Silent Hour,A detective with hearing loss and a deaf witness to a murder must lean on each other to outsmart killers they can't hear coming when cornered in an abandoned apartment block.,6.1, (10K,"https://m.media-amazon.com/images/M/MV5BOWE5NDg3NTYtZWEyNS00YjBlLTljZDYtOTVkN2Q4MDZjYWIyXkEyXkFqcGc@._V1_QL75_UX90_CR0,0,90,133_.jpg",1h 39m,2024.0,A detective with hearing loss and a deaf witness to a murder must lean on each other to outsmart killers they cant hear coming when cornered in an abandoned apartment block
Bring Them Down,"An Irish shepherding family thrust into battle on several fronts: internal strife, hostility within the family, rivalry with another farmer. Paternalism, heritage, and the generational trauma cycle through the cultural prism of Ireland.",6.4, (5.7K,"https://m.media-amazon.com/images/M/MV5BNWVhMGNlODgtYzAyMS00OGJhLTkyOGItNDY3MjA4NjVjYzMzXkEyXkFqcGc@._V1_QL75_UX90_CR0,0,90,133_.jpg",1h 46m,2024.0,An irish shepherding family thrust into battle on several fronts internal strife hostility within the family rivalry with another farmer paternalism heritage and the generational trauma cycle through the cultural prism of ireland
Misgivings,"A suburban woman's solo road trip reveals shocking truths about her life and husband, with authentic storytelling and immersive character development in 'Misgivings'.",5.3, (111,"https://m.media-amazon.com/images/M/MV5BYjZlNTVmMTAtNGFhMi00YWQ2LTg1OTgtMjUxYjBmMjNjYjc4XkEyXkFqcGc@._V1_QL75_UX90_CR0,1,90,133_.jpg",1h 30m,2024.0,A suburban womans solo road trip reveals shocking truths about her life and husband with authentic storytelling and immersive character development in misgivings
"My Wife, My Abuser: The Secret Footage","Exposes the disturbing story of Richard Spencer's harrowing experience as he endured two decades of abuse at the hands of his wife, Sheree Spencer.",7.1, (1.1K,"https://m.media-amazon.com/images/M/MV5BOTY5ZDQ0YjAtZmM1ZC00NDJjLWI5MjMtYWE5NmYxOTA5OTAxXkEyXkFqcGc@._V1_QL75_UY133_CR73,0,90,133_.jpg",55m,2024.0,Exposes the disturbing story of richard spencers harrowing experience as he endured two decades of abuse at the hands of his wife sheree spencer
Jane Austen Wrecked My Life,"A desperately single bookseller, lost in a fantasy world, finds herself forced to fulfill her dreams of becoming a writer in order to stop messing up her love life.",6.2, (2.8K,"https://m.media-amazon.com/images/M/MV5BYzBkMTdhMzMtMTgwNS00NDkwLWEwOGEtMTQyNmVmOTk1YWMxXkEyXkFqcGc@._V1_QL75_UX90_CR0,0,90,133_.jpg",1h 38m,2024.0,A desperately single bookseller lost in a fantasy world finds herself forced to fulfill her dreams of becoming a writer in order to stop messing up her love life
The Apocalypse of St. John,"Watch 'The Apocalypse of Saint John, ' a visually stunning film that explores prophecy and the power of faith.",7.0, (257,"https://m.media-amazon.com/images/M/MV5BOTk3NGZlYjQtY2U2Ni00ZDk1LWE3MTQtM2ZlNzUzOTM1OTk1XkEyXkFqcGc@._V1_QL75_UY133_CR0,0,90,133_.jpg",1h 56m,2024.0,Watch the apocalypse of saint john  a visually stunning film that explores prophecy and the power of faith
Souleymane's Story,A Paris food delivery cyclist and asylum seeker named Souleymane has two days to prepare his story for a make-or-break interview to secure legal residency.,7.6, (6.4K,"https://m.media-amazon.com/images/M/MV5BMzY0ZjFiNzQtYTcxMC00NzdjLTg4YmItMzcxOTQ3Zjg2NmRiXkEyXkFqcGc@._V1_QL75_UX90_CR0,0,90,133_.jpg",1h 33m,2024.0,A paris food delivery cyclist and asylum seeker named souleymane has two days to prepare his story for a makeorbreak interview to secure legal residency
"Oh, Canada","Leonard Fife, one of sixty thousand draft evaders and deserters who fled to Canada to avoid serving in Vietnam, shares all his secrets to de-mythologize his mythologized life.",5.6, (2.9K,"https://m.media-amazon.com/images/M/MV5BYjYwYmZmODEtYjVjZC00NGI3LWFhMjEtM2QxYWMyMDdiNjc0XkEyXkFqcGc@._V1_QL75_UX90_CR0,0,90,133_.jpg",1h 31m,2024.0,Leonard fife one of sixty thousand draft evaders and deserters who fled to canada to avoid serving in vietnam shares all his secrets to demythologize his mythologized life
Bramayugam,"Thevan, a folk singer of the Paanan caste, has a fateful encounter when escaping slavery, leading to him discovering an ancient traditional mansion altering his destiny.",7.7, (17K,"https://m.media-amazon.com/images/M/MV5BNmZkZjQ5YzItOGQ0MC00ZmVlLWIxNjgtYzU2MmYzYjFmZWI2XkEyXkFqcGc@._V1_QL75_UY133_CR8,0,90,133_.jpg",2h 19m,2024.0,Thevan a folk singer of the paanan caste has a fateful encounter when escaping slavery leading to him discovering an ancient traditional mansion altering his destiny
U Are the Universe,"After Earth explodes, Ukrainian space trucker Andriy Melnyk becomes the last person in the universe until he receives a call from Catherine, a French woman on a distant space station. Despite the obstacles, Andriy decides to find her.",7.9, (4.1K,"https://m.media-amazon.com/images/M/MV5BMWI2NGY4OTQtYmYxOC00MjZmLWJmZmMtNDRkMzUwM2RlOTc3XkEyXkFqcGc@._V1_QL75_UY133_CR2,0,90,133_.jpg",1h 30m,2024.0,After earth explodes ukrainian space trucker andriy melnyk becomes the last person in the universe until he receives a call from catherine a french woman on a distant space station despite the obstacles andriy decides to find her
Anaconda,"A re-interpretation of the iconic '90s creature feature, in which a group of circus athletes - having found themselves stranded in a rain forest - come face-to-face with the elements, a bloodthirsty poacher, and a formidable giant snake.",4.8, (1.2K,"https://m.media-amazon.com/images/M/MV5BZjAxNWI5YzgtNjJjOC00YTZhLTgwOTAtMjJlYmI4ZWIwNGM5XkEyXkFqcGc@._V1_QL75_UY133_CR3,0,90,133_.jpg",1h 24m,2024.0,A reinterpretation of the iconic s creature feature in which a group of circus athletes  having found themselves stranded in a rain forest  come facetoface with the elements a bloodthirsty poacher and a formidable giant snake
Uglies,A world in which a compulsory operation wipes out physical differences and makes everyone pretty.,4.7, (36K,"https://m.media-amazon.com/images/M/MV5BOGEyYmQxNjQtNDlkYy00MDlkLTgyNDUtZDA0NGY3ZTNlZWU0XkEyXkFqcGc@._V1_QL75_UX90_CR0,0,90,133_.jpg",1h 40m,2024.0,A world in which a compulsory operation wipes out physical differences and makes everyone pretty
Y2K,Two high-school nobodies make the decision to crash a Y2K party. The night becomes even crazier than they could have ever dreamed when the clock strikes midnight.,4.7, (20K,"https://m.media-amazon.com/images/M/MV5BYTQxNWJmYTEtZTMzMS00MDk1LTlkMTgtYmRhOTRmMjdkOGRiXkEyXkFqcGc@._V1_QL75_UY133_CR0,0,90,133_.jpg",1h 31m,2024.0,Two highschool nobodies make the decision to crash a yk party the night becomes even crazier than they could have ever dreamed when the clock strikes midnight
Sasquatch Sunset,A year in the life of a unique family. It captures the daily life of the Sasquatch with a level of detail and rigor that is simply unforgettable.,5.4, (6.1K,"https://m.media-amazon.com/images/M/MV5BMjZjMjgzYmYtZTYyYi00NzkyLTk0YzItM2Q2MTExZjBiYWM5XkEyXkFqcGc@._V1_QL75_UY133_CR0,0,90,133_.jpg",1h 28m,2024.0,A year in the life of a unique family it captures the daily life of the sasquatch with a level of detail and rigor that is simply unforgettable
The Tearsmith,Sometimes our greatest fear is accepting that someone can honestly love us for who we are. Nica and Rigel are ready to find it out together.,5.2, (14K,"https://m.media-amazon.com/images/M/MV5BMDAxYzI3ZWYtYzgyOC00OGViLWE5MDItNGM2OTk4ZmZlNTk3XkEyXkFqcGc@._V1_QL75_UX90_CR0,1,90,133_.jpg",1h 43m,2024.0,Sometimes our greatest fear is accepting that someone can honestly love us for who we are nica and rigel are ready to find it out together
Love Me,A post-apocalyptic romance in which a buoy and a satellite meet online and fall in love after the end of human civilization.,5.1, (3.9K,"https://m.media-amazon.com/images/M/MV5BNTgzYjkzNjUtYmE3NS00YjdlLWEzMzUtMTFiN2E4Njk5NThlXkEyXkFqcGc@._V1_QL75_UY133_CR0,0,90,133_.jpg",1h 31m,2024.0,A postapocalyptic romance in which a buoy and a satellite meet online and fall in love after the end of human civilization
Apocalypse Z: The Beginning of the End,"Manel is sheltering from a rabies-like disease which sweeps the planet, until he is forced to leave and meet unlikely but essential traveling companions.",6.1, (23K,"https://m.media-amazon.com/images/M/MV5BZjBiMDZjMzMtYzRjYS00ODc0LTlmNDEtYjQxYjJkYjdhODdkXkEyXkFqcGc@._V1_QL75_UX90_CR0,0,90,133_.jpg",1h 57m,2024.0,Manel is sheltering from a rabieslike disease which sweeps the planet until he is forced to leave and meet unlikely but essential traveling companions
Descendants: The Rise of Red,"After the Queen of Hearts incites a coup in Auradon, her rebellious daughter, Red, and Cinderella's perfectionist daughter, Chloe, must team up and travel in time to undo the traumatic event that drove a young Queen of Hearts to villainy.",4.7, (8.1K,"https://m.media-amazon.com/images/M/MV5BNGUwYTYxMjItMDZkMi00MTIxLThjYWItOGRkN2YxMWJiY2Q4XkEyXkFqcGc@._V1_QL75_UY133_CR8,0,90,133_.jpg",1h 35m,2024.0,After the queen of hearts incites a coup in auradon her rebellious daughter red and cinderellas perfectionist daughter chloe must team up and travel in time to undo the traumatic event that drove a young queen of hearts to villainy
All We Imagine as Light,"In Mumbai, Nurse Prabha's routine is troubled when she receives an unexpected gift from her estranged husband. Her younger roommate, Anu, tries in vain to find a spot in the city to be intimate with her boyfriend.",7.1, (13K,"https://m.media-amazon.com/images/M/MV5BNzg5OWVkODQtNDViMS00YmFkLTg4YjctMGFmZjM4OTdlYWRhXkEyXkFqcGc@._V1_QL75_UY133_CR2,0,90,133_.jpg",1h 58m,2024.0,In mumbai nurse prabhas routine is troubled when she receives an unexpected gift from her estranged husband her younger roommate anu tries in vain to find a spot in the city to be intimate with her boyfriend
Killer Heat,"Follows twin brothers who find themselves in a dangerous love triangle on an isolated Greek island. The investigation is given to ""The Jealousy Man,"" a wounded detective.",5.6, (15K,"https://m.media-amazon.com/images/M/MV5BYmI2MzhmZmEtZjMyZC00MzJiLTlkZTEtNGNhZDEwYWVmMWZhXkEyXkFqcGc@._V1_QL75_UX90_CR0,1,90,133_.jpg",1h 35m,2024.0,Follows twin brothers who find themselves in a dangerous love triangle on an isolated greek island the investigation is given to the jealousy man a wounded detective
Time Cut,High school student accidentally travels back to 2003 and decides to stop the serial killer who murdered her sister.,5.1, (22K,"https://m.media-amazon.com/images/M/MV5BOTNjMzM0YzItOTZjMS00YjE4LTgyOGQtMGYzNWQwNTRlZjMxXkEyXkFqcGc@._V1_QL75_UY133_CR8,0,90,133_.jpg",1h 31m,2024.0,High school student accidentally travels back to  and decides to stop the serial killer who murdered her sister
The End,"In a luxurious bunker, a family maintains their pre-apocalyptic routines 25 years after Earth's ecological disaster made the surface uninhabitable.",5.4, (3.2K,"https://m.media-amazon.com/images/M/MV5BOGE5NGJlYWYtZDY0Ni00MDNkLWE3ZmItNjg5NGVjMWNjYWJkXkEyXkFqcGc@._V1_QL75_UX90_CR0,0,90,133_.jpg",2h 28m,2024.0,In a luxurious bunker a family maintains their preapocalyptic routines  years after earths ecological disaster made the surface uninhabitable
Reunion,"Snowbound at their high school reunion, former classmates uncover a murder and scramble to identify the killer among them before they're all iced out for good.",5.6, (5.7K,"https://m.media-amazon.com/images/M/MV5BMWVjMTNlOGMtZjZjYS00ZTczLTkwNTktMDlhZTM2MTg4OWFjXkEyXkFqcGc@._V1_QL75_UX90_CR0,1,90,133_.jpg",1h 30m,2024.0,Snowbound at their high school reunion former classmates uncover a murder and scramble to identify the killer among them before theyre all iced out for good
Jackpot!,"In the near future, a 'Grand Lottery' has been newly established in California - the catch: kill the winner before sundown to legally claim their multi-billion dollar jackpot.",5.8, (34K,"https://m.media-amazon.com/images/M/MV5BMmQ2ZGU3ODYtNzA0Yi00NDlhLWIxNzYtM2E2Y2FhOGNjZjIyXkEyXkFqcGc@._V1_QL75_UX90_CR0,0,90,133_.jpg",1h 46m,2024.0,In the near future a grand lottery has been newly established in california  the catch kill the winner before sundown to legally claim their multibillion dollar jackpot
Weekend in Taipei,"A former DEA agent and a former undercover operative revisit their romance during a fateful weekend in Taipei, unaware of the dangerous consequences of their past.",5.7, (6.8K,"https://m.media-amazon.com/images/M/MV5BY2JiNDJiN2EtNGRlNC00ODE2LTgwNmQtOGFiZTk0NjZlMmFhXkEyXkFqcGc@._V1_QL75_UY133_CR4,0,90,133_.jpg",1h 40m,2024.0,A former dea agent and a former undercover operative revisit their romance during a fateful weekend in taipei unaware of the dangerous consequences of their past
This Time Next Year,"Minnie and Quinn are born on the same day, one minute apart. Their lives may begin together, but their worlds couldn't be more different. Years later they find themselves together again. Maybe it's time to take a chance on love.",5.6, (3.1K,"https://m.media-amazon.com/images/M/MV5BOTk2ZDEyN2EtNzM2YS00Y2VlLWI0MTUtMGFlY2M4MWEwNGNiXkEyXkFqcGc@._V1_QL75_UY133_CR5,0,90,133_.jpg",1h 56m,2024.0,Minnie and quinn are born on the same day one minute apart their lives may begin together but their worlds couldnt be more different years later they find themselves together again maybe its time to take a chance on love
Role Play,"Emma has a wonderful husband and two kids in the suburbs of New Jersey. She also has a secret life as an assassin for hire, a secret that her husband Dave discovers when the couple decide to spice up their marriage with a little role play.",5.5, (20K,"https://m.media-amazon.com/images/M/MV5BYmEwNzllZTEtZmY4Yy00OTYxLWJhZmEtMGQzYzJjZDM1OGM4XkEyXkFqcGc@._V1_QL75_UX90_CR0,0,90,133_.jpg",1h 40m,2024.0,Emma has a wonderful husband and two kids in the suburbs of new jersey she also has a secret life as an assassin for hire a secret that her husband dave discovers when the couple decide to spice up their marriage with a little role play
Hard Truths,Ongoing exploration of the contemporary world with a tragicomic study of human strengths and weaknesses.,7.2, (8.8K,"https://m.media-amazon.com/images/M/MV5BZTBmNzBlZGYtMTJjMC00YzdiLWFmOGMtZGQ1OWZjYWUxNjI2XkEyXkFqcGc@._V1_QL75_UX90_CR0,0,90,133_.jpg",1h 37m,2024.0,Ongoing exploration of the contemporary world with a tragicomic study of human strengths and weaknesses
Lonely Planet,"At a retreat in Morocco, a woman meets a young man whose acquaintanceship evolves into an intoxicating, life-altering love affair.",5.7, (13K,"https://m.media-amazon.com/images/M/MV5BOTc4YmQ4ODctNjQ5YS00YmNjLTk3MjctZjIwMGJlMDdhNzc1XkEyXkFqcGc@._V1_QL75_UY133_CR9,0,90,133_.jpg",1h 34m,2024.0,At a retreat in morocco a woman meets a young man whose acquaintanceship evolves into an intoxicating lifealtering love affair
Psycho Therapy: The Shallow Tale of a Writer Who Decided to Write about a Serial Killer,"A writer in a creative crisis befriends a retired serial killer, who becomes his marriage therapist and consultant for a new book. But his wife begins to suspect she might be a target.",6.2, (3.5K,"https://m.media-amazon.com/images/M/MV5BNDQwZWVkYTUtYjU5Ni00NWRjLWE2NTktNmQ1Mzc1ODBjZWNkXkEyXkFqcGc@._V1_QL75_UX90_CR0,0,90,133_.jpg",1h 42m,2024.0,A writer in a creative crisis befriends a retired serial killer who becomes his marriage therapist and consultant for a new book but his wife begins to suspect she might be a target
Unstoppable,"Centers around the life of wrestler Anthony Robles, who was born with one leg and won a national championship in 2011 while competing at Arizona State University.",6.8, (5.2K,"https://m.media-amazon.com/images/M/MV5BMGMxMTg4YTgtZjA3Ni00Y2Y2LWI0NWItZmIyMDJjOWU2NDEzXkEyXkFqcGc@._V1_QL75_UX90_CR0,1,90,133_.jpg",1h 56m,2024.0,Centers around the life of wrestler anthony robles who was born with one leg and won a national championship in  while competing at arizona state university
The Thinking Game,"Chronicles visionary scientist Demis Hassabis' relentless pursuit to crack artificial general intelligence, a journey of extraordinary perseverance.",7.6, (1.5K,"https://m.media-amazon.com/images/M/MV5BODk0ZDdkYzAtMzZiNi00NjQ3LTgwMDEtMGM3MmIwNTlkNjMwXkEyXkFqcGc@._V1_QL75_UY133_CR0,0,90,133_.jpg",1h 24m,2024.0,Chronicles visionary scientist demis hassabis relentless pursuit to crack artificial general intelligence a journey of extraordinary perseverance
The A-Frame,"A quantum physicist develops a machine that creates a tunnel to a subatomic universe. In his quest to prove the machine's efficacy, he inadvertently discovers a radical treatment for cancer.",5.1, (462,"https://m.media-amazon.com/images/M/MV5BM2MxNjQxZDEtZDFlOC00NDBkLTlmYWMtNzAzM2MzYzM5YmE3XkEyXkFqcGc@._V1_QL75_UX90_CR0,0,90,133_.jpg",1h 22m,2024.0,A quantum physicist develops a machine that creates a tunnel to a subatomic universe in his quest to prove the machines efficacy he inadvertently discovers a radical treatment for cancer
2073,A woman living in a ruined Earth tries to comprehend how the world was destroyed.,5.1, (3.9K,"https://m.media-amazon.com/images/M/MV5BNTAxNjQ1NzUtN2FjNS00N2Y3LWI4NWUtZGVkNDZjNDVhNGYwXkEyXkFqcGc@._V1_QL75_UY133_CR10,0,90,133_.jpg",1h 25m,2024.0,A woman living in a ruined earth tries to comprehend how the world was destroyed
Beating Hearts,"Local rebellious teenager Clotaire falls for his schoolmate Jackie, but gang violence leads him to a darker destructive path. After years apart, the star-crossed lovers discover that every path they've taken leads them back together.",7.0, (8.2K,"https://m.media-amazon.com/images/M/MV5BNjY0NGU4NDMtYWI2ZS00NDE2LWE5MzUtM2UyODUyNmFmN2ZhXkEyXkFqcGc@._V1_QL75_UY133_CR4,0,90,133_.jpg",2h 41m,2024.0,Local rebellious teenager clotaire falls for his schoolmate jackie but gang violence leads him to a darker destructive path after years apart the starcrossed lovers discover that every path theyve taken leads them back together
Don't Let's Go to the Dogs Tonight,Depicts 8-year-old Bobo's life on her family's Rhodesian farm during the Bush War's final stages. It explores the family's bond with Africa's land and the war's impact on the region and individuals through Bobo's perspective.,6.9, (1.1K,"https://m.media-amazon.com/images/M/MV5BMDdiZmZiNmUtZWU3Yi00NmY0LWJmN2UtOTRiOWI3Y2Y2YWU4XkEyXkFqcGc@._V1_QL75_UX90_CR0,0,90,133_.jpg",1h 39m,2024.0,Depicts yearold bobos life on her familys rhodesian farm during the bush wars final stages it explores the familys bond with africas land and the wars impact on the region and individuals through bobos perspective
The Platform 2,"A thrilling physical journey that allows an approach to the darkness, where it is scary to look. It appeals to the viewer's civil responsibility and forces them to face the limits of their own solidarity.",4.9, (46K,"https://m.media-amazon.com/images/M/MV5BNzI4YjkyODctMGJmNC00YjBjLTllNjAtNDkxNTJmZjg4MGZkXkEyXkFqcGc@._V1_QL75_UX90_CR0,0,90,133_.jpg",1h 39m,2024.0,A thrilling physical journey that allows an approach to the darkness where it is scary to look it appeals to the viewers civil responsibility and forces them to face the limits of their own solidarity
Cloud,"Yoshii, a young man who resells goods online, finds himself at the center of a series of mysterious events that put his life at risk.",6.5, (4.2K,"https://m.media-amazon.com/images/M/MV5BYTE5ZjM5MWQtMjU0MS00YzEzLTg5YTQtYmVjZWQ1Mzc0NTc3XkEyXkFqcGc@._V1_QL75_UX90_CR0,0,90,133_.jpg",2h 4m,2024.0,Yoshii a young man who resells goods online finds himself at the center of a series of mysterious events that put his life at risk
How to Make a Killing,"After a fatal car crash, Michel flees the scene. His passenger commits suicide. Michel and wife Cathy find EUR2M in a bag while covering up the incident, leading to a series of chaotic events.",6.5, (2.9K,"https://m.media-amazon.com/images/M/MV5BYmE1Y2E0NDMtMDI5MS00ZjY5LWE4YmEtMTA1YzY0NTY0ZjZiXkEyXkFqcGc@._V1_QL75_UY133_CR4,0,90,133_.jpg",1h 49m,2024.0,After a fatal car crash michel flees the scene his passenger commits suicide michel and wife cathy find eurm in a bag while covering up the incident leading to a series of chaotic events
Ghostlight,"When a construction worker unexpectedly joins a local theater's production of Romeo and Juliet, the drama onstage starts to mirror his own life.",7.5, (8K,"https://m.media-amazon.com/images/M/MV5BZGZhNmQwMTgtMThjZS00ODEwLWJhZDUtNTEyZWRmMDMwMDM4XkEyXkFqcGc@._V1_QL75_UY133_CR0,0,90,133_.jpg",1h 55m,2024.0,When a construction worker unexpectedly joins a local theaters production of romeo and juliet the drama onstage starts to mirror his own life
Kalki 2898 AD,A pregnant woman comes under the protection of an immortal warrior while being tracked down by bounty hunters.,7.0, (75K,"https://m.media-amazon.com/images/M/MV5BMTM3ZGUwYTEtZTI5NS00ZmMyLTk2YmQtMWU4YjlhZTI3NjRjXkEyXkFqcGc@._V1_QL75_UX90_CR0,4,90,133_.jpg",3h,2024.0,A pregnant woman comes under the protection of an immortal warrior while being tracked down by bounty hunters
Wallace & Gromit: Vengeance Most Fowl,Top dog Gromit springs into action to save his master when Wallace's high-tech invention goes rogue and he is framed for a series of suspicious crimes.,7.5, (41K,"https://m.media-amazon.com/images/M/MV5BMTk3M2YwMGUtZDJiZS00MDNkLWIyZDEtY2VjMWYyZDFmZjMzXkEyXkFqcGc@._V1_QL75_UY133_CR8,0,90,133_.jpg",1h 22m,2024.0,Top dog gromit springs into action to save his master when wallaces hightech invention goes rogue and he is framed for a series of suspicious crimes
The Forge,"After graduating from high school without any plans for the future, Isaiah receives a push to start making better life decisions.",6.8, (5.8K,"https://m.media-amazon.com/images/M/MV5BNTViOGIzNWEtMzY5OC00OWQxLWE4ZjAtZDFkMGE0NjNhM2QwXkEyXkFqcGc@._V1_QL75_UX90_CR0,1,90,133_.jpg",2h 4m,2024.0,After graduating from high school without any plans for the future isaiah receives a push to start making better life decisions
The Cut,A retired boxer returns to the ring for one last shot at the title but only if he can make the weight. Holed up in a room in Las Vegas he embarks on an intensive and illegal weight cut program with an unscrupulous trainer.,5.6, (1.8K,"https://m.media-amazon.com/images/M/MV5BZTMzMmZkNTctMGQyNy00OGJiLThlZjMtM2VjMTgyMzM3OTdjXkEyXkFqcGc@._V1_QL75_UX90_CR0,0,90,133_.jpg",1h 39m,2024.0,A retired boxer returns to the ring for one last shot at the title but only if he can make the weight holed up in a room in las vegas he embarks on an intensive and illegal weight cut program with an unscrupulous trainer
Kulong,"Three celibate friends seclude themselves at a resort to pen a steamy script for a competition, but struggle to write convincingly about intimacy they haven't experienced.",4.2, (179,"https://m.media-amazon.com/images/M/MV5BMWQ3NjlkNzctMTUyNy00NjI3LThhYjItNjcyNzQzOGQyMjIxXkEyXkFqcGc@._V1_QL75_UX90_CR0,1,90,133_.jpg",50m,2024.0,Three celibate friends seclude themselves at a resort to pen a steamy script for a competition but struggle to write convincingly about intimacy they havent experienced
Harvest,"Over seven hallucinatory days, a village with no name, in an undefined time and place, disappears.",6.0, (2K,"https://m.media-amazon.com/images/M/MV5BOWM4NDY4MTUtNGVmMS00MGJkLWFkN2YtZmQwNzNmYmFjYzJkXkEyXkFqcGc@._V1_QL75_UX90_CR0,0,90,133_.jpg",2h 13m,2024.0,Over seven hallucinatory days a village with no name in an undefined time and place disappears
The Ruse,An in-home caregiver fears for her life after being assigned to a mysterious elderly patient in a remote seaside home.,5.5, (2.7K,"https://m.media-amazon.com/images/M/MV5BOTE3ZGEyYjItYWQwYy00NTk4LTgxM2ItYTVjOTg1ODM2OGE1XkEyXkFqcGc@._V1_QL75_UX90_CR0,5,90,133_.jpg",1h 40m,2024.0,An inhome caregiver fears for her life after being assigned to a mysterious elderly patient in a remote seaside home
Boys Go to Jupiter,"A teenager in suburban Florida desperately hustles to make $5,000 in this dreamy and surreal animated coming-of-age story.",6.5, (611,"https://m.media-amazon.com/images/M/MV5BOTEyNzI0M2YtZjNiYy00OGJkLWFkMmUtMTAyNWE2NDczM2RlXkEyXkFqcGc@._V1_QL75_UY133_CR0,0,90,133_.jpg",1h 30m,2024.0,A teenager in suburban florida desperately hustles to make  in this dreamy and surreal animated comingofage story
K-Pops!,"Follows a washed-up musician who jumps at the chance to capitalize on his long-lost son's stardom for his own renaissance, but learns that fatherhood is much more than stardom.",6.4, (84,"https://m.media-amazon.com/images/M/MV5BNGJmMjE3YTUtYzJmZC00Zjc5LWE2MWEtMjI0ZjkzYTI1YTRmXkEyXkFqcGc@._V1_QL75_UX90_CR0,0,90,133_.jpg",1h 54m,,Follows a washedup musician who jumps at the chance to capitalize on his longlost sons stardom for his own renaissance but learns that fatherhood is much more than stardom
Girls Will Be Girls,"At a strict boarding school nestled in the Himalayan foothills, 18-year-old Mira first discovers desire and romance. However, her curious, rebellious, coming-of-age is disrupted by her young mother, who never got to come of age herself.",7.0, (3.3K,"https://m.media-amazon.com/images/M/MV5BM2U1NjNjM2YtYTYxYi00OWFmLTllMGItMWRlMmM4NDczMjU4XkEyXkFqcGc@._V1_QL75_UY133_CR2,0,90,133_.jpg",1h 58m,2024.0,At a strict boarding school nestled in the himalayan foothills yearold mira first discovers desire and romance however her curious rebellious comingofage is disrupted by her young mother who never got to come of age herself
Joy,"3 trailblazers: a young nurse, a visionary scientist and an innovative surgeon face opposition from the church, state, media, and medical establishment in their pursuit of the world's first 'test tube baby,' Louise Joy Brown.",7.1, (12K,"https://m.media-amazon.com/images/M/MV5BZjY5ZjE0YmEtOWI2YS00OGFjLWI5ZjQtNmIzMmYyZjhiMjVhXkEyXkFqcGc@._V1_QL75_UX90_CR0,0,90,133_.jpg",1h 55m,2024.0, trailblazers a young nurse a visionary scientist and an innovative surgeon face opposition from the church state media and medical establishment in their pursuit of the worlds first test tube baby louise joy brown
Aftermath,"A returning war veteran, stricken with PTSD, unwittingly gets trapped with his teenage sister on Boston's Tobin Memorial Bridge as a heavily weaponized group of ex-military revolutionists take everyone hostage.",5.2, (5.1K,"https://m.media-amazon.com/images/M/MV5BY2JjNjg2ZDItOTVhYy00YmI5LWJkYjktM2M0MTBlM2RlN2I5XkEyXkFqcGc@._V1_QL75_UY133_CR2,0,90,133_.jpg",1h 37m,2024.0,A returning war veteran stricken with ptsd unwittingly gets trapped with his teenage sister on bostons tobin memorial bridge as a heavily weaponized group of exmilitary revolutionists take everyone hostage
The Master and Margarita,"A writer's novel is banned and play canceled. He then conceives a satirical novel where a devil-like character metaphorically revenges those responsible. Knowing it cannot be published, his muse Margarita pushes him to write it anyway.",7.1, (6.6K,"https://m.media-amazon.com/images/M/MV5BYmRmZDE1NmItZWZhZi00MTczLTllZDAtMDczNjAwNjI3MjQwXkEyXkFqcGc@._V1_QL75_UX90_CR0,0,90,133_.jpg",2h 36m,2024.0,A writers novel is banned and play canceled he then conceives a satirical novel where a devillike character metaphorically revenges those responsible knowing it cannot be published his muse margarita pushes him to write it anyway
Hear Me: Our Summer,A hearing-impaired woman and a motorbike delivery man find connection despite communication barriers. They use metaphors of persevering water birds and trees to represent overcoming obstacles in romance and leading to further commitment.,7.5, (1.4K,"https://m.media-amazon.com/images/M/MV5BNWNhYTI4ZTEtODY0Mi00OWFhLTgyMWItMGY4ZTNkZmExMmRjXkEyXkFqcGc@._V1_QL75_UY133_CR2,0,90,133_.jpg",1h 49m,2024.0,A hearingimpaired woman and a motorbike delivery man find connection despite communication barriers they use metaphors of persevering water birds and trees to represent overcoming obstacles in romance and leading to further commitment
The Shadow Strays,"Codename 13, a 17-year-old assassin, is suspended due to a sloppy mission in Japan. She meets 11-year-old Monji, who loses his mother, and sets out to rescue him.",6.5, (11K,"https://m.media-amazon.com/images/M/MV5BODdmZTc0MzktN2IwNy00NWJiLTlmZWEtZjVjNGY1ODEzNjk5XkEyXkFqcGc@._V1_QL75_UX90_CR0,0,90,133_.jpg",2h 24m,2024.0,Codename  a yearold assassin is suspended due to a sloppy mission in japan she meets yearold monji who loses his mother and sets out to rescue him
Saali Mohabbat,"A housewife gets entangled in a tale of infidelity, deceit, and murder.",7.2, (4.1K,"https://m.media-amazon.com/images/M/MV5BMjUzOTM3ZGYtNmJiYy00MmFmLWE3MDItOWFmM2UzODMwMDRiXkEyXkFqcGc@._V1_QL75_UY133_CR8,0,90,133_.jpg",1h 48m,2024.0,A housewife gets entangled in a tale of infidelity deceit and murder
Transient,"After a traumatic accident, a tech entrepreneur's new invention forces him to wrestle with the ghosts of his past.",6.3, (470,"https://m.media-amazon.com/images/M/MV5BM2Y5MDUzZWQtNTg1OC00MGYwLWFkNWMtNzJmMTRjNmRmOWY0XkEyXkFqcGc@._V1_QL75_UX90_CR0,1,90,133_.jpg",1h 36m,2024.0,After a traumatic accident a tech entrepreneurs new invention forces him to wrestle with the ghosts of his past
The Severed Sun,"Magpie lives in an isolated church community ruled over by her father, The Pastor. When a man is murdered, paranoia sets in and people start to whisper about a strange 'Beast' that lives in the forest.",5.0, (748,"https://m.media-amazon.com/images/M/MV5BM2ZhNWMyYTMtNjFmOS00YzlkLWI4OGItODQ4OGYyYWNhNjAxXkEyXkFqcGc@._V1_QL75_UX90_CR0,0,90,133_.jpg",1h 20m,2024.0,Magpie lives in an isolated church community ruled over by her father the pastor when a man is murdered paranoia sets in and people start to whisper about a strange beast that lives in the forest
The Exorcism,A troubled actor begins to exhibit a disruptive behavior while shooting a horror film. His estranged daughter wonders if he's slipping back into his past addictions or if there's something more sinister at play.,4.2, (13K,"https://m.media-amazon.com/images/M/MV5BMzgwNTJjYzgtMTBmMS00MjRhLWJlNTUtNDcyMzFiM2I5MjAwXkEyXkFqcGc@._V1_QL75_UX90_CR0,0,90,133_.jpg",1h 35m,2024.0,A troubled actor begins to exhibit a disruptive behavior while shooting a horror film his estranged daughter wonders if hes slipping back into his past addictions or if theres something more sinister at play
Sacramento,"An energetic and free-spirited young man convinces his long-time friend, who's settled into domestic life, to go on an impromptu road trip from Los Angeles to Sacramento.",5.9, (3.8K,"https://m.media-amazon.com/images/M/MV5BMGIzYWM0YmUtZjFkZS00N2MwLWEyMDUtZGU5NTgwOTFiZGJhXkEyXkFqcGc@._V1_QL75_UX90_CR0,0,90,133_.jpg",1h 29m,2024.0,An energetic and freespirited young man convinces his longtime friend whos settled into domestic life to go on an impromptu road trip from los angeles to sacramento
Succubus,"A new father struggling with fatigue, emotional insecurities, and a failing marriage joins a dating app, only to swipe right on what may be an inhuman presence.",4.7, (2K,"https://m.media-amazon.com/images/M/MV5BMzg0N2M4YmYtNzJlNi00MzkyLWJlMDQtNTczODZkMjg5ZTY5XkEyXkFqcGc@._V1_QL75_UX90_CR0,0,90,133_.jpg",1h 43m,2024.0,A new father struggling with fatigue emotional insecurities and a failing marriage joins a dating app only to swipe right on what may be an inhuman presence
Solo Leveling: ReAwakening,"Over a decade after 'gates' connecting worlds appeared, awakening 'hunters' with superpowers, weakest hunter Sung Jinwoo encounters a double dungeon and accepts a mysterious quest, becoming the only one able to level up, changing his fate.",8.7, (16K,"https://m.media-amazon.com/images/M/MV5BYTIwYzk3YmQtZmMwNS00ZDAwLTk5Y2MtOTEwODFlZmExMzliXkEyXkFqcGc@._V1_QL75_UX90_CR0,1,90,133_.jpg",2h 1m,2024.0,Over a decade after gates connecting worlds appeared awakening hunters with superpowers weakest hunter sung jinwoo encounters a double dungeon and accepts a mysterious quest becoming the only one able to level up changing his fate
Spermageddon,"Two narrative threads - one is an emerging love story between two awkward teens, John and Lisa, who are having sex for the first time and the other is an eventful quest of Simon the Semen and his friends to reach the golden goal, the Egg.",5.4, (3.6K,"https://m.media-amazon.com/images/M/MV5BMWI4Njg0ODktNWQyMC00ODE0LThmMDAtYmFiN2MwMThmY2MzXkEyXkFqcGc@._V1_QL75_UY133_CR2,0,90,133_.jpg",1h 20m,2024.0,Two narrative threads  one is an emerging love story between two awkward teens john and lisa who are having sex for the first time and the other is an eventful quest of simon the semen and his friends to reach the golden goal the egg
Force of Nature,Five women participate in a hiking retreat but only four come out the other side. Federal agents Aaron Falk and Carmen Cooper head into the mountains hoping to find their informant still alive.,5.9, (9.4K,"https://m.media-amazon.com/images/M/MV5BMDU0MzIwZmYtNDQ0OS00YzljLThhMGUtNDk4MzRiODc5Zjk4XkEyXkFqcGc@._V1_QL75_UY133_CR2,0,90,133_.jpg",2h,2024.0,Five women participate in a hiking retreat but only four come out the other side federal agents aaron falk and carmen cooper head into the mountains hoping to find their informant still alive
Azrael,"In a world where no one speaks, a devout female-led community hunts down a young woman who has escaped imprisonment. Recaptured, Azrael is due to be sacrificed to an ancient evil in the wilderness, but fights for her own survival.",5.3, (14K,"https://m.media-amazon.com/images/M/MV5BN2JmOGJiYTEtYjVlOC00YzFkLTliODAtOTI3OGVlNDc2MmZmXkEyXkFqcGc@._V1_QL75_UX90_CR0,0,90,133_.jpg",1h 26m,2024.0,In a world where no one speaks a devout femaleled community hunts down a young woman who has escaped imprisonment recaptured azrael is due to be sacrificed to an ancient evil in the wilderness but fights for her own survival
Hide N Seek,"Vaishnavi, a determined investigator, discovers a disturbing link between multiple murders, taking her on a dangerous quest to unveil a dark conspiracy in this gripping Indian crime drama.",8.6, (2.3K,"https://m.media-amazon.com/images/M/MV5BZjNkZDFlNjUtNDhjOS00ZTA0LWEwMWUtMDllYWRkNGUzZmMxXkEyXkFqcGc@._V1_QL75_UY133_CR2,0,90,133_.jpg",2h 14m,2024.0,Vaishnavi a determined investigator discovers a disturbing link between multiple murders taking her on a dangerous quest to unveil a dark conspiracy in this gripping indian crime drama
Absolution,"An aging gangster attempts to reconnect with his children and rectify the mistakes in his past, but the criminal underworld won't loosen their grip willingly.",5.2, (11K,"https://m.media-amazon.com/images/M/MV5BYWRiM2ViOGItNGVjZS00NzZhLTlhMjAtZDIzMDJmODc0NzdhXkEyXkFqcGc@._V1_QL75_UX90_CR0,0,90,133_.jpg",1h 52m,2024.0,An aging gangster attempts to reconnect with his children and rectify the mistakes in his past but the criminal underworld wont loosen their grip willingly
Blue Sun Palace,"When tragedy strikes, an unexpected bond forms between two migrants in the Chinese community of Queens. Far from home, their labor-filled lives intertwine as they grieve and search for familial connections.",6.6, (563,"https://m.media-amazon.com/images/M/MV5BMGQ2NDgxOTktNTFjNS00YzFmLTlmMGUtYzUyZmM4MTEyZTg0XkEyXkFqcGc@._V1_QL75_UY133_CR1,0,90,133_.jpg",1h 56m,2024.0,When tragedy strikes an unexpected bond forms between two migrants in the chinese community of queens far from home their laborfilled lives intertwine as they grieve and search for familial connections
Kishkindha Kaandam,"Strange events unfold in a monkey-inhabited village, prompting a newlywed pair and forest officials to embark on a mission to uncover the root cause of the peculiar disturbances.",8.0, (16K,"https://m.media-amazon.com/images/M/MV5BNjBkNDMzYzktZjBjMy00ZmU3LTk0MDEtNzAzNGFjMGE4MDQyXkEyXkFqcGc@._V1_QL75_UY133_CR1,0,90,133_.jpg",2h 13m,2024.0,Strange events unfold in a monkeyinhabited village prompting a newlywed pair and forest officials to embark on a mission to uncover the root cause of the peculiar disturbances
18×2 Beyond Youthful Days,"Ami, a Japanese backpacker, and Jimmy work together at a KTV. They bond over work and adventures, but Ami leaves suddenly. Eighteen years later, Jimmy finds a postcard from Ami, sparking a journey to Japan to find closure and reconnect.",7.4, (2.8K,"https://m.media-amazon.com/images/M/MV5BNjc1MTc5M2ItMmJiMi00ZmYyLWJkNWItMTcyOTYyOGQ3OGY3XkEyXkFqcGc@._V1_QL75_UY133_CR1,0,90,133_.jpg",2h 3m,2024.0,Ami a japanese backpacker and jimmy work together at a ktv they bond over work and adventures but ami leaves suddenly eighteen years later jimmy finds a postcard from ami sparking a journey to japan to find closure and reconnect
Sister Midnight,A genre-bending comedy about a frustrated and misanthropic newlywed who discovers certain feral impulses that land her in unlikely situations.,5.7, (3K,"https://m.media-amazon.com/images/M/MV5BZjE4M2Y0YmYtZWVmMi00NjA2LThhODAtZWI0NDdiOWUxOWE5XkEyXkFqcGc@._V1_QL75_UX90_CR0,0,90,133_.jpg",1h 47m,2024.0,A genrebending comedy about a frustrated and misanthropic newlywed who discovers certain feral impulses that land her in unlikely situations
Damaged,Chicago detective Dan Lawson travels to Scotland to link up with Scottish detective Glen Boyd following the resurgence of a serial killer whose crimes match an unsolved case he investigated 5 years previously.,4.7, (9K,"https://m.media-amazon.com/images/M/MV5BMjY2MjllMTgtMzhlOC00NGQ5LTg3YjctMmMzZDExNTkwMTY0XkEyXkFqcGc@._V1_QL75_UX90_CR0,1,90,133_.jpg",1h 37m,2024.0,Chicago detective dan lawson travels to scotland to link up with scottish detective glen boyd following the resurgence of a serial killer whose crimes match an unsolved case he investigated  years previously
Never Let Go,A family that has been haunted by an evil spirit for years. Their safety and their surroundings come into question when one of the children questions if the evil is real.,5.4, (18K,"https://m.media-amazon.com/images/M/MV5BNmNmMzZlN2QtNjI2Mi00NjNlLWI2M2QtZWUxNzg2OGY5MGIyXkEyXkFqcGc@._V1_QL75_UX90_CR0,0,90,133_.jpg",1h 41m,2024.0,A family that has been haunted by an evil spirit for years their safety and their surroundings come into question when one of the children questions if the evil is real
Went Up the Hill,"Jack ventures to remote New Zealand for the funeral of his estranged mother and meets her widow Jill. But his mother's spirit returns to inhabit each of their bodies, instigating a life-threatening three-way nocturnal dance.",5.4, (465,"https://m.media-amazon.com/images/M/MV5BNmU5NTllNjYtZDFhMi00MTVkLThlYjYtYWY4MjZlZDM3M2U4XkEyXkFqcGc@._V1_QL75_UX90_CR0,1,90,133_.jpg",1h 40m,2024.0,Jack ventures to remote new zealand for the funeral of his estranged mother and meets her widow jill but his mothers spirit returns to inhabit each of their bodies instigating a lifethreatening threeway nocturnal dance
Reagan,"A drama based on the life of Ronald Reagan, from his childhood to his time in the oval office.",6.2, (13K,"https://m.media-amazon.com/images/M/MV5BNDg3NjY2ZGUtNzcwNy00NjFhLWJhZDMtNmIyM2JkYzE5YTI1XkEyXkFqcGc@._V1_QL75_UY133_CR1,0,90,133_.jpg",2h 21m,2024.0,A drama based on the life of ronald reagan from his childhood to his time in the oval office
Hidden Face,"Seong-jin, a conductor, and Su-yeon, a cellist, are engaged. Su-yeon disappears, leaving a video. Mi-joo replaces Su-yeon and develops a secret relationship with Seong-jin. They feel watched as their bond deepens.",6.2, (1K,"https://m.media-amazon.com/images/M/MV5BNzE2OWMzMDAtZTAwMS00YzBlLWE5Y2MtOWZjYWE5Mzg3ZTIwXkEyXkFqcGc@._V1_QL75_UY133_CR2,0,90,133_.jpg",1h 55m,2024.0,Seongjin a conductor and suyeon a cellist are engaged suyeon disappears leaving a video mijoo replaces suyeon and develops a secret relationship with seongjin they feel watched as their bond deepens
Code 8: Part II,Follows a girl fighting to get justice for her brother who was slain by corrupt police officers. She enlists the help of an ex-con and his former partner to face off against a highly regarded and well-protected police sergeant.,5.7, (17K,"https://m.media-amazon.com/images/M/MV5BM2M3N2JhNmQtMjc0OS00OGM1LWJjYjYtZmRhODBmYzM0N2M1XkEyXkFqcGc@._V1_QL75_UX90_CR0,0,90,133_.jpg",1h 40m,2024.0,Follows a girl fighting to get justice for her brother who was slain by corrupt police officers she enlists the help of an excon and his former partner to face off against a highly regarded and wellprotected police sergeant
On Becoming a Guinea Fowl,"On an empty road in the middle of the night, Shula stumbles across the body of her uncle. As funeral proceedings begin around them, she and her cousins bring to light the buried secrets of their middle-class Zambian family.",7.0, (2.5K,"https://m.media-amazon.com/images/M/MV5BMWU4ODUyOWYtMDdjOC00NzA1LWJmNDQtYjcxMWE1NDA3MGE2XkEyXkFqcGc@._V1_QL75_UX90_CR0,0,90,133_.jpg",1h 39m,2024.0,On an empty road in the middle of the night shula stumbles across the body of her uncle as funeral proceedings begin around them she and her cousins bring to light the buried secrets of their middleclass zambian family
Persona,"A woman wakes up locked in a house, injured with no memory. She's terrified and a little relieved to find a woman bound in another room. These 2 strangers must work together to figure out what's really going on before the door is unlocked.",4.0, (34,"https://m.media-amazon.com/images/M/MV5BMzNhYWFiMzItMzc2OC00YTVhLTk2M2MtZDkyYWM4YThmYjljXkEyXkFqcGc@._V1_QL75_UX90_CR0,1,90,133_.jpg",2h 21m,2024.0,A woman wakes up locked in a house injured with no memory shes terrified and a little relieved to find a woman bound in another room these  strangers must work together to figure out whats really going on before the door is unlocked
"Husband, Father, Killer: The Alyssa Pladl Story","Alyssa has a relationship with abusive Steven as a teen, has his child but gives it up for adoption. Years later, their daughter seeks them out, and Steven manipulates her into an affair, neglecting his family.",6.3, (509,"https://m.media-amazon.com/images/M/MV5BNjZhMTNhMDMtNmU4Ny00ODBmLWE1MDgtMDNjYmNkZTRmZjU4XkEyXkFqcGc@._V1_QL75_UY133_CR5,0,90,133_.jpg",1h 27m,2024.0,Alyssa has a relationship with abusive steven as a teen has his child but gives it up for adoption years later their daughter seeks them out and steven manipulates her into an affair neglecting his family
Dirty Angels,It centers on a group of female soldiers who disguise themselves as medics to rescue a group of teenagers caught between ISIS and the forces of the Taliban.,4.6, (6.7K,"https://m.media-amazon.com/images/M/MV5BNGZlN2RmM2MtODgyYS00MGJiLWE4OGEtNzJiMjlhMzVjZDc0XkEyXkFqcGc@._V1_QL75_UX90_CR0,1,90,133_.jpg",1h 44m,2024.0,It centers on a group of female soldiers who disguise themselves as medics to rescue a group of teenagers caught between isis and the forces of the taliban
Humane,"In the wake of an environmental collapse that is forcing humanity to shed 20% of its population, a family dinner erupts into chaos when a father's plan to enlist in the government's new euthanasia program goes horribly awry.",5.5, (9.2K,"https://m.media-amazon.com/images/M/MV5BNzc0OWI4NGItNzEwOC00MDBiLWI0NjAtMDBmZmY5Mzc2MzFhXkEyXkFqcGc@._V1_QL75_UX90_CR0,0,90,133_.jpg",1h 33m,2024.0,In the wake of an environmental collapse that is forcing humanity to shed  of its population a family dinner erupts into chaos when a fathers plan to enlist in the governments new euthanasia program goes horribly awry
Slingshot,"An astronaut struggles to maintain his grip on reality aboard a possibly fatally compromised mission to Saturn's moon, Titan.",5.7, (12K,"https://m.media-amazon.com/images/M/MV5BMWQyZGNlODctNGFkOC00NzNlLTk1YTItZDgzMDc1OGZiMjlhXkEyXkFqcGc@._V1_QL75_UX90_CR0,0,90,133_.jpg",1h 48m,2024.0,An astronaut struggles to maintain his grip on reality aboard a possibly fatally compromised mission to saturns moon titan
Twilight of the Warriors: Walled In,"Follows troubled youth Chan Lok-kwun as he accidentally enters the Walled City, discovers the order amidst its chaos, and learns important life lessons along the way.",6.9, (12K,"https://m.media-amazon.com/images/M/MV5BYTIzODllOTItMmQ3ZC00Yzg0LTg3NjgtZjBiODNmYzViYTE0XkEyXkFqcGc@._V1_QL75_UX90_CR0,0,90,133_.jpg",2h 6m,2024.0,Follows troubled youth chan lokkwun as he accidentally enters the walled city discovers the order amidst its chaos and learns important life lessons along the way
My Favourite Cake,"Seventy-year-old Mahin, solitary until now, chooses to revive her love life. A chance encounter becomes an unforgettable evening.",7.4, (9.7K,"https://m.media-amazon.com/images/M/MV5BNGViZWIzYzUtNGY1ZS00OGU4LWI1ZTQtYjE1YjFkY2U4ZDNhXkEyXkFqcGc@._V1_QL75_UX90_CR0,1,90,133_.jpg",1h 37m,2024.0,Seventyyearold mahin solitary until now chooses to revive her love life a chance encounter becomes an unforgettable evening
Orion and the Dark,"A boy with an active imagination faces his fears on an unforgettable journey through the night with his new friend: a giant, smiling creature named Dark.",6.3, (19K,"https://m.media-amazon.com/images/M/MV5BMzgwNGU0NzEtZjMyMy00Mjc5LWFiMmYtMzIxNmY1OTIwYmU3XkEyXkFqcGc@._V1_QL75_UX90_CR0,0,90,133_.jpg",1h 33m,2024.0,A boy with an active imagination faces his fears on an unforgettable journey through the night with his new friend a giant smiling creature named dark
Greedy People,Follows the residents of a small island town who must navigate a sensational murder and the discovery of a million dollars; a series of increasingly bad decisions upend the once peaceful community.,6.2, (15K,"https://m.media-amazon.com/images/M/MV5BYzBlM2E0M2EtMjBhNy00NTEwLWJlZTgtNTg5NGFiYTNmNGZkXkEyXkFqcGc@._V1_QL75_UY133_CR8,0,90,133_.jpg",1h 52m,2024.0,Follows the residents of a small island town who must navigate a sensational murder and the discovery of a million dollars a series of increasingly bad decisions upend the once peaceful community
Drive Back,A couple returning from their engagement party must escape a sinister and seemingly endless road.,4.5, (1.2K,"https://m.media-amazon.com/images/M/MV5BMDZmZjE3MWItYjM1Ny00NTkzLTk5YTAtYmVmZTkxYzIwNGY2XkEyXkFqcGc@._V1_QL75_UX90_CR0,0,90,133_.jpg",1h 34m,2024.0,A couple returning from their engagement party must escape a sinister and seemingly endless road
Vermiglio,"1944, Vermiglio, a remote mountain village. The arrival of Pietro, a deserter, into the family of the local teacher, and his love for the teacher's eldest daughter, will change the course of everyone's life.",6.9, (6.8K,"https://m.media-amazon.com/images/M/MV5BNjdhZTg5NjUtYjg5Ny00NDc3LWI2NzUtYjY4NDMxZjQ4NjVmXkEyXkFqcGc@._V1_QL75_UY133_CR8,0,90,133_.jpg",1h 59m,2024.0, vermiglio a remote mountain village the arrival of pietro a deserter into the family of the local teacher and his love for the teachers eldest daughter will change the course of everyones life
Griffin in Summer,"Fourteen-year-old Griffin Nafly is the most ambitious playwright of his generation. But once he meets handsome twenty-five-year-old handyman Brad, his life and play will never be the same.",6.8, (1K,"https://m.media-amazon.com/images/M/MV5BZTQ1MGM4MmYtMzhmYy00NThiLTlmZTUtZGRmYjQ4NjU3NWY5XkEyXkFqcGc@._V1_QL75_UY133_CR8,0,90,133_.jpg",1h 33m,2024.0,Fourteenyearold griffin nafly is the most ambitious playwright of his generation but once he meets handsome twentyfiveyearold handyman brad his life and play will never be the same
You Can't Run Forever,A teenage girl suffering from anxiety due to a tragic event from her past finds herself hunted through the woods by a sociopath on a murderous rampage.,4.5, (4.7K,"https://m.media-amazon.com/images/M/MV5BYmI4YWY1YzktOWQzYy00NDE2LWEzOTYtNDE5ZjNjODY5ZWM2XkEyXkFqcGc@._V1_QL75_UX90_CR0,0,90,133_.jpg",1h 42m,2024.0,A teenage girl suffering from anxiety due to a tragic event from her past finds herself hunted through the woods by a sociopath on a murderous rampage
Under Paris,"To save Paris from a bloodbath, a grieving scientist is forced to face her tragic past when a giant shark appears in the Seine.",5.2, (39K,"https://m.media-amazon.com/images/M/MV5BMDM5ODBiN2ItOTk4Yi00NzgyLWE2YTktYzhjYTc2ODE4ZTE4XkEyXkFqcGc@._V1_QL75_UX90_CR0,0,90,133_.jpg",1h 44m,2024.0,To save paris from a bloodbath a grieving scientist is forced to face her tragic past when a giant shark appears in the seine
Beautiful Wedding,"After a crazy night in Las Vegas, Abby and Travis discover that they're married, and they head to Mexico for a honeymoon with friends and family.",4.1, (5K,"https://m.media-amazon.com/images/M/MV5BYzI0ODkyYjktODRmNS00YWMzLThhMDgtNGY1YjRlMDM4MDI5XkEyXkFqcGc@._V1_QL75_UX90_CR0,0,90,133_.jpg",1h 40m,2024.0,After a crazy night in las vegas abby and travis discover that theyre married and they head to mexico for a honeymoon with friends and family
Lazareth,"Lee protects her orphaned nieces Imogen and Maeve from a self-destructing world, raising them in isolation until an outsider threatens their peaceful existence.",4.4, (1.2K,"https://m.media-amazon.com/images/M/MV5BZTBkNGVlMzMtZWIzOC00ZmQ2LWE3YTctYjgyZmFkODc0OTIzXkEyXkFqcGc@._V1_QL75_UX90_CR0,0,90,133_.jpg",1h 26m,2024.0,Lee protects her orphaned nieces imogen and maeve from a selfdestructing world raising them in isolation until an outsider threatens their peaceful existence
The Piano Lesson,"Follows the lives of the Charles family as they deal with themes of family legacy and more, in deciding what to do with an heirloom, the family piano.",6.2, (5.6K,"https://m.media-amazon.com/images/M/MV5BMzQzOWY5ZmUtNGVkNi00NWIzLTliMWMtNDNkYmRjMTBiOTVlXkEyXkFqcGc@._V1_QL75_UX90_CR0,0,90,133_.jpg",2h 7m,2024.0,Follows the lives of the charles family as they deal with themes of family legacy and more in deciding what to do with an heirloom the family piano
Players,"A sports writer unused to relationships falls for a fling, leading her to reconsider playing the field in favor of commitment.",5.7, (13K,"https://m.media-amazon.com/images/M/MV5BODE0ZjhhY2UtYjcxZi00ZWVlLTlkYTAtM2RmOTIyMjM1ZGQ5XkEyXkFqcGc@._V1_QL75_UX90_CR0,0,90,133_.jpg",1h 45m,2024.0,A sports writer unused to relationships falls for a fling leading her to reconsider playing the field in favor of commitment
Uprising,"In the Joseon Dynasty, two friends who grew up together, one the master and one the servant, reunite post-war as enemies on opposing sides.",6.6, (7K,"https://m.media-amazon.com/images/M/MV5BZDgyZjcxNzYtNGRkYi00NGEwLTgzNTgtZDBkODRjNWFiNGI2XkEyXkFqcGc@._V1_QL75_UX90_CR0,0,90,133_.jpg",2h 6m,2024.0,In the joseon dynasty two friends who grew up together one the master and one the servant reunite postwar as enemies on opposing sides
Lowlifes,The survival instincts of a road-tripping family are put to the test when they have no other choice but to stay the night at a remote homestead.,6.2, (7.6K,"https://m.media-amazon.com/images/M/MV5BZjExY2U3YWUtYTQ1ZS00YWY3LTg0NzQtOTk5YTNhN2Q2Y2U2XkEyXkFqcGc@._V1_QL75_UY133_CR2,0,90,133_.jpg",1h 30m,2024.0,The survival instincts of a roadtripping family are put to the test when they have no other choice but to stay the night at a remote homestead
Barron's Cove,"After his son is killed, a father abducts the child responsible, hellbent on revenge.",6.1, (1.7K,"https://m.media-amazon.com/images/M/MV5BZWI5ZjM5ZjEtYWM4Yi00OTkyLThjMWEtYjgzNTczNjA3YTU1XkEyXkFqcGc@._V1_QL75_UY133_CR0,0,90,133_.jpg",1h 56m,2024.0,After his son is killed a father abducts the child responsible hellbent on revenge
Peacock,"Matthias masters impersonating roles for hire: cultured boyfriend, perfect son, sparring partner. Professionally adept at pretending daily, his true challenge lies in being himself.",7.1, (2.1K,"https://m.media-amazon.com/images/M/MV5BOTJmOTg0MWYtYWFmMC00MTk3LTk4ZjgtZTgwM2ZjMTYzOWRlXkEyXkFqcGc@._V1_QL75_UX90_CR0,0,90,133_.jpg",1h 42m,2024.0,Matthias masters impersonating roles for hire cultured boyfriend perfect son sparring partner professionally adept at pretending daily his true challenge lies in being himself
Sharp Corner,A dedicated family man becomes obsessed with saving the lives of the car accident victims on the sharp corner in front of his house - an obsession that could cost him everything.,5.9, (4.6K,"https://m.media-amazon.com/images/M/MV5BMzA4ZWIyNDEtMDdkMi00ODlhLTljZWYtNWNlNDBkMmNlZTA0XkEyXkFqcGc@._V1_QL75_UY133_CR1,0,90,133_.jpg",1h 50m,2024.0,A dedicated family man becomes obsessed with saving the lives of the car accident victims on the sharp corner in front of his house  an obsession that could cost him everything
Diane Warren: Relentless,"The untold story of a legendary songwriter. Featuring Cher, Common, Jennifer Hudson, Gloria Estefan, Kesha, LeAnn Rimes, and more.",6.4, (527,"https://m.media-amazon.com/images/M/MV5BMTQ3YzZhMjctYTM3MC00YjZhLWE1ZjQtOGRlNjM2OTRmZGE3XkEyXkFqcGc@._V1_QL75_UY133_CR0,0,90,133_.jpg",1h 31m,2024.0,The untold story of a legendary songwriter featuring cher common jennifer hudson gloria estefan kesha leann rimes and more
Suncoast,"While caring for her brother along with her audacious mother, a teenager strikes up a friendship with an eccentric activist who is protesting one of the most landmark medical cases of all time.",6.7, (8.1K,"https://m.media-amazon.com/images/M/MV5BYmU1ZTliMWItODJkOC00ZWFhLTlkYmItMGIxNTdkOGYyNDk1XkEyXkFqcGc@._V1_QL75_UX90_CR0,0,90,133_.jpg",1h 49m,2024.0,While caring for her brother along with her audacious mother a teenager strikes up a friendship with an eccentric activist who is protesting one of the most landmark medical cases of all time
The Thicket,"When a bounty hunter and a band of unlikely heroes pursue a brutal killer, they find themselves in a deadly no-man's-land known as The Thicket.",5.9, (5.6K,"https://m.media-amazon.com/images/M/MV5BZjNiN2NhZWYtOWI0MS00MTQxLTkzMjYtMTUwMmUwMTVlOTA2XkEyXkFqcGc@._V1_QL75_UY133_CR2,0,90,133_.jpg",1h 45m,2024.0,When a bounty hunter and a band of unlikely heroes pursue a brutal killer they find themselves in a deadly nomansland known as the thicket
Decibel,"When a struggling singer-songwriter gets the opportunity of a lifetime to work with a tech-obsessed music producer, her art and life are put in peril as she is forced to help create the perfect AI music algorithm.",6.0, (26,"https://m.media-amazon.com/images/M/MV5BM2M1Mzc1YjQtNzM5ZS00ODIxLWI1YzAtYTBhYjZhODMyNThiXkEyXkFqcGc@._V1_QL75_UX90_CR0,0,90,133_.jpg",1h 19m,2024.0,When a struggling singersongwriter gets the opportunity of a lifetime to work with a techobsessed music producer her art and life are put in peril as she is forced to help create the perfect ai music algorithm
Imaginary,A woman returns to her childhood home to discover that the imaginary friend she left behind is very real and unhappy that she abandoned him.,4.8, (19K,"https://m.media-amazon.com/images/M/MV5BM2Q2NjYzYzItNjAzYi00YzAwLWIyN2EtNDJkMzZkZGM1NTc2XkEyXkFqcGc@._V1_QL75_UX90_CR0,2,90,133_.jpg",1h 44m,2024.0,A woman returns to her childhood home to discover that the imaginary friend she left behind is very real and unhappy that she abandoned him
Badland Hunters,"When an earthquake turns Seoul into a lawless badland, a fearless huntsman goes on to rescue a teenager from a mad doctor who held the teenager captive in a camp full of dangerous cultists.",6.0, (13K,"https://m.media-amazon.com/images/M/MV5BZDljZjg4OWYtYzVkYi00ZTVjLWI2YzYtMzc0YjQyOWVlMjYxXkEyXkFqcGc@._V1_QL75_UX90_CR0,0,90,133_.jpg",1h 47m,2024.0,When an earthquake turns seoul into a lawless badland a fearless huntsman goes on to rescue a teenager from a mad doctor who held the teenager captive in a camp full of dangerous cultists
Sweethearts,"Two college freshmen pull a ""Turkey Dump"" and break up with their high school sweethearts over ""Drunksgiving"" - the one chaotic night before Thanksgiving in their hometown that puts their codependent friendship to the test.",5.5, (4.8K,"https://m.media-amazon.com/images/M/MV5BYWIwMzc4Y2ItMWEzOS00MzI2LTkyZTQtYTMxMjEwMGRiOThjXkEyXkFqcGc@._V1_QL75_UX90_CR0,0,90,133_.jpg",1h 38m,2024.0,Two college freshmen pull a turkey dump and break up with their high school sweethearts over drunksgiving  the one chaotic night before thanksgiving in their hometown that puts their codependent friendship to the test
Lucky Baskhar,A cash-strapped cashier working at a bank embarks on a risky investment scheme and soon gets drawn into the murky world of money laundering.,8.0, (41K,"https://m.media-amazon.com/images/M/MV5BMjEzN2ZjYjUtZTI3NC00MzMyLWJiNDAtMDBiZGEzNTBiY2RkXkEyXkFqcGc@._V1_QL75_UX90_CR0,4,90,133_.jpg",2h 28m,2024.0,A cashstrapped cashier working at a bank embarks on a risky investment scheme and soon gets drawn into the murky world of money laundering
Blood Star,A petty thief driving through the New Mexico desert finds herself the target of a psychopathic small town sheriff who views his badge as a license to prey on vulnerable young women. She must use all of her street-smarts to survive.,6.0, (6.9K,"https://m.media-amazon.com/images/M/MV5BNWY3N2JkZDQtODlkYS00NzEwLTkzN2EtMDljNTM4MDA3YTkzXkEyXkFqcGc@._V1_QL75_UY133_CR1,0,90,133_.jpg",1h 37m,2024.0,A petty thief driving through the new mexico desert finds herself the target of a psychopathic small town sheriff who views his badge as a license to prey on vulnerable young women she must use all of her streetsmarts to survive
Werewolves,"After a worldwide pandemic the previous year of people turning into werewolves after a super-moon event, two scientists try to stop the mutation from happening again as part of a team effort, but the experiment goes wildly awry.",4.4, (9.7K,"https://m.media-amazon.com/images/M/MV5BOTc3NDA5ODQtYjQzYS00NWE3LWE1YjYtNjAxNzlhOTE4NjAzXkEyXkFqcGc@._V1_QL75_UX90_CR0,1,90,133_.jpg",1h 33m,2024.0,After a worldwide pandemic the previous year of people turning into werewolves after a supermoon event two scientists try to stop the mutation from happening again as part of a team effort but the experiment goes wildly awry
The Fix,"In a future with toxic air, a model takes a drug causing a transformation. She tries reversing it but learns her mutations could save humanity.",4.7, (2.2K,"https://m.media-amazon.com/images/M/MV5BZTc4ZjM2YTktYmNmNS00ZGNmLWJiYTYtMmU3Y2Q3OTdkYjgyXkEyXkFqcGc@._V1_QL75_UY133_CR2,0,90,133_.jpg",1h 38m,2024.0,In a future with toxic air a model takes a drug causing a transformation she tries reversing it but learns her mutations could save humanity
My Dead Friend Zoe,"Engaged in a mysterious relationship with her dead best friend from the Army, a female Afghanistan veteran comes head to head with her Vietnam vet grandfather at the family's ancestral lake house.",6.5, (3.8K,"https://m.media-amazon.com/images/M/MV5BZGVmODBmMDItYjQxMi00ZDU5LWFhOWEtZGU4YzRkNzM1Nzg3XkEyXkFqcGc@._V1_QL75_UX90_CR0,0,90,133_.jpg",1h 43m,2024.0,Engaged in a mysterious relationship with her dead best friend from the army a female afghanistan veteran comes head to head with her vietnam vet grandfather at the familys ancestral lake house
Article 370,"Ahead of a major constitutional decision, special agent Zooni Haksar is tasked with a secret mission to quell violence in a conflict-ridden region.",7.8, (27K,"https://m.media-amazon.com/images/M/MV5BYTQxMDgwYmItODQxNi00OWMxLWJlMDYtODk3NmRhN2FlMWFjXkEyXkFqcGc@._V1_QL75_UY133_CR5,0,90,133_.jpg",2h 38m,2024.0,Ahead of a major constitutional decision special agent zooni haksar is tasked with a secret mission to quell violence in a conflictridden region
Traumatika,Mikey's night terrors become reality when his mother begins showing signs of demonic possession. What he's about to experience will haunt him for the rest of his life and claim countless lives across generations.,5.1, (1.9K,"https://m.media-amazon.com/images/M/MV5BMDY2MmQ3MDQtYTEzZS00MTUzLWE0MjctYzA0Y2FhMTZiNDUyXkEyXkFqcGc@._V1_QL75_UX90_CR0,0,90,133_.jpg",1h 22m,2024.0,Mikeys night terrors become reality when his mother begins showing signs of demonic possession what hes about to experience will haunt him for the rest of his life and claim countless lives across generations
Armand,"Armand, a 6-year-old boy, is accused of crossing boundaries against his best friend at elementary school.",6.1, (4.4K,"https://m.media-amazon.com/images/M/MV5BODZlZTUyOWEtZTIyZC00NjA0LWIzZWMtNzFhMGYzZTA4NzExXkEyXkFqcGc@._V1_QL75_UY133_CR0,0,90,133_.jpg",1h 58m,2024.0,Armand a yearold boy is accused of crossing boundaries against his best friend at elementary school
Ponyboi,"Unfolding over the course of Valentine's Day in New Jersey, a young intersex sex worker must run from the mob after a drug deal goes sideways, forcing him to confront his past.",5.7, (691,"https://m.media-amazon.com/images/M/MV5BMDBkYzFlNjEtMDJlZC00ODRhLTgxNTgtN2YyZWUwZjI4YzY0XkEyXkFqcGc@._V1_QL75_UX90_CR0,0,90,133_.jpg",1h 43m,2024.0,Unfolding over the course of valentines day in new jersey a young intersex sex worker must run from the mob after a drug deal goes sideways forcing him to confront his past
Get Away,A family's vacation to a remote getaway takes an unexpected turn when they discover the island they're on is inhabited by a serial killer.,5.3, (11K,"https://m.media-amazon.com/images/M/MV5BM2Y0YmZiN2EtMWMzZi00M2UzLWJlYzAtZDZlMzk2ZDg3Y2FhXkEyXkFqcGc@._V1_QL75_UX90_CR0,0,90,133_.jpg",1h 26m,2024.0,A familys vacation to a remote getaway takes an unexpected turn when they discover the island theyre on is inhabited by a serial killer
Motel Destino,"Under the burning sky on a roadside on the coast of Ceará, Motel Destino is the scene of dangerous games of desire, power and violence. One night, the arrival of young Heraldo definitively transforms the daily life of the place.",6.5, (2.7K,"https://m.media-amazon.com/images/M/MV5BN2FmODA0NzEtZTYzYy00YTlmLTliZDAtMzFiYjlhOWIzMzlkXkEyXkFqcGc@._V1_QL75_UY133_CR5,0,90,133_.jpg",1h 55m,2024.0,Under the burning sky on a roadside on the coast of cear motel destino is the scene of dangerous games of desire power and violence one night the arrival of young heraldo definitively transforms the daily life of the place
Viva Verdi!,"Oscar nominated for Best Song, VIVA VERDI. is an intimate glimpse into lives of celebrated opera singers and musicians living our their 'third act' while mentoring music students at Casa Verdi Milan, built by Giuseppe Verdi in 1896.",6.3, (173,"https://m.media-amazon.com/images/M/MV5BYTQxMjZlNmItYmNkZS00ZmI3LTljZjYtYjQxODEyYzcwZDM1XkEyXkFqcGc@._V1_QL75_UX90_CR0,1,90,133_.jpg",1h 18m,2024.0,Oscar nominated for best song viva verdi is an intimate glimpse into lives of celebrated opera singers and musicians living our their third act while mentoring music students at casa verdi milan built by giuseppe verdi in 
Carissa,A young woman who dreams of leaving small village life to live in the city breaks away from her grandmother's home only to be drawn into the care of her grandfather's mountain rooibos plantation.,6.5, (68,"https://m.media-amazon.com/images/M/MV5BMDkxNTMyMWItZTM2YS00OGQ1LTkyZWUtOGExMTc5ODNiYWE0XkEyXkFqcGc@._V1_QL75_UX90_CR0,0,90,133_.jpg",1h 29m,2024.0,A young woman who dreams of leaving small village life to live in the city breaks away from her grandmothers home only to be drawn into the care of her grandfathers mountain rooibos plantation
The Remarkable Life of Ibelin,"Mats Steen, a Norwegian gamer, died of a degenerative muscular disease at the age of 25. His parents mourned what they thought had been a lonely and isolated life, when they started receiving messages from online friends around the world.",8.1, (15K,"https://m.media-amazon.com/images/M/MV5BY2I5MDFkYWYtZGJlMy00YjgwLWI5NWQtOTY4MjU4OGUwZTRjXkEyXkFqcGc@._V1_QL75_UX90_CR0,1,90,133_.jpg",1h 43m,2024.0,Mats steen a norwegian gamer died of a degenerative muscular disease at the age of  his parents mourned what they thought had been a lonely and isolated life when they started receiving messages from online friends around the world
Uma Musume: Pretty Derby - Beginning of a New Era,"Uma Musume - they were born to run. Born with names from other worlds, sometimes with strange, sometimes with glorious histories, they inherit the souls of these names and run. Aiming only at the goal beyond our eyes.",7.7, (593,"https://m.media-amazon.com/images/M/MV5BMTlmYmQxZTktYTk3OC00MmViLWIzOTktOTk3OTAxYzYyNzQzXkEyXkFqcGc@._V1_QL75_UX90_CR0,0,90,133_.jpg",1h 48m,,Uma musume  they were born to run born with names from other worlds sometimes with strange sometimes with glorious histories they inherit the souls of these names and run aiming only at the goal beyond our eyes
Bad Genius,A group of seniors of an entrepreneurial high school team up to take down a rigged college admissions system.,6.3, (3.3K,"https://m.media-amazon.com/images/M/MV5BYjNiNTNlZTYtZTYzZS00MGIyLTlkYjMtYTEyNTlhM2NjYTEyXkEyXkFqcGc@._V1_QL75_UX90_CR0,1,90,133_.jpg",1h 36m,2024.0,A group of seniors of an entrepreneurial high school team up to take down a rigged college admissions system
Woodwalkers,"Carag, a shapeshifting puma raised in the wild, joins Clearwater High, a school for Woodwalkers. With friends Holly (squirrel) and Brandon (bison), he navigates mysteries and dangers of the Woodwalker world.",5.0, (1.1K,"https://m.media-amazon.com/images/M/MV5BNmJiOTA2MjktM2EyOS00NGRhLTk0ZWUtMDhlMmYyMGE1YzhlXkEyXkFqcGc@._V1_QL75_UY133_CR2,0,90,133_.jpg",1h 43m,2024.0,Carag a shapeshifting puma raised in the wild joins clearwater high a school for woodwalkers with friends holly squirrel and brandon bison he navigates mysteries and dangers of the woodwalker world
Loveable,"Maria juggles with four children and a demanding career while her second husband, Sigmund, travels all the time. One day they get into an ugly argument which led Sigmund to eventually ask her for a divorce.",7.5, (4.6K,"https://m.media-amazon.com/images/M/MV5BZGNlMWY4ZDUtZjYwYi00MjExLWIzNmItY2I1NThhN2Q5NzZmXkEyXkFqcGc@._V1_QL75_UY133_CR2,0,90,133_.jpg",1h 41m,2024.0,Maria juggles with four children and a demanding career while her second husband sigmund travels all the time one day they get into an ugly argument which led sigmund to eventually ask her for a divorce
Life After Fighting,"A martial arts instructor is confronted with the disappearance of two of his students, leading him into a direct confrontation with a group of international child traffickers.",6.4, (2.6K,"https://m.media-amazon.com/images/M/MV5BMWQ4MGJkMjctZjczNy00YTA0LTgxN2MtODAzNmVhZWJmYzAxXkEyXkFqcGc@._V1_QL75_UY133_CR1,0,90,133_.jpg",2h 6m,2024.0,A martial arts instructor is confronted with the disappearance of two of his students leading him into a direct confrontation with a group of international child traffickers
Handling the Undead,"On a hot summer day in Oslo, the dead mysteriously awaken, and three families are thrown into chaos when their deceased loved ones come back to them.",5.3, (5.1K,"https://m.media-amazon.com/images/M/MV5BZTczZjhiNDYtZjgyYS00NDAyLWEwZTAtN2FkZjQwODJlODhmXkEyXkFqcGc@._V1_QL75_UY133_CR2,0,90,133_.jpg",1h 37m,2024.0,On a hot summer day in oslo the dead mysteriously awaken and three families are thrown into chaos when their deceased loved ones come back to them
Frewaka,"Follow a student of nursing palliative care, who is plagued by a trauma from her past that has a disorienting effect on her present, her relationship, her career and her ability to function.",6.1, (3K,"https://m.media-amazon.com/images/M/MV5BM2IyNTI0MzQtNDJkOC00N2QzLTlmZGMtNTUxYWYyZDg3NzdlXkEyXkFqcGc@._V1_QL75_UY133_CR2,0,90,133_.jpg",1h 43m,2024.0,Follow a student of nursing palliative care who is plagued by a trauma from her past that has a disorienting effect on her present her relationship her career and her ability to function
Teri Baaton Mein Aisa Uljha Jiya,"Aryan is not able to find a perfect life partner. He meets a perfect girl, Sifra, during an official assignment in the US and falls in love with her only to discover later that it's an impossible love story.",6.2, (55K,"https://m.media-amazon.com/images/M/MV5BOThmN2E5MjctMjZjNC00M2U1LTkxZTMtMzQ3MjM0ODIzNjAxXkEyXkFqcGc@._V1_QL75_UY133_CR8,0,90,133_.jpg",2h 21m,2024.0,Aryan is not able to find a perfect life partner he meets a perfect girl sifra during an official assignment in the us and falls in love with her only to discover later that its an impossible love story
The Knife,"After the mysterious appearance of a stranger in their home, a young Black family must deal with the fallout of their choices, big and small, as a steadfast detective tries to crack the case over the course of one fateful night.",5.9, (440,"https://m.media-amazon.com/images/M/MV5BMGQxZGJmOGItY2NmNi00NjBlLWJjMDAtY2VjMDc0Yzk0ZTdmXkEyXkFqcGc@._V1_QL75_UX90_CR0,1,90,133_.jpg",1h 20m,2024.0,After the mysterious appearance of a stranger in their home a young black family must deal with the fallout of their choices big and small as a steadfast detective tries to crack the case over the course of one fateful night
A Sacrifice,"American social psychologist Ben Monroe investigates a local cult connected to a disturbing event, while his daughter becomes embroiled with a mysterious local boy.",5.0, (7.3K,"https://m.media-amazon.com/images/M/MV5BMjJiNzg4YzMtOGI1Yy00NjFlLWIwNTItMDVmMDY2NmNjM2U0XkEyXkFqcGc@._V1_QL75_UY133_CR2,0,90,133_.jpg",1h 34m,2024.0,American social psychologist ben monroe investigates a local cult connected to a disturbing event while his daughter becomes embroiled with a mysterious local boy
A Desert,"A photographer's road trip takes a dark turn when he befriends a reckless couple, plunging him into a nightmarish neo-noir spiral of unpredictable horror.",5.6, (1.2K,"https://m.media-amazon.com/images/M/MV5BOGY3NTI1ZjQtZjJmZC00NDYwLWFhYjQtOGYyNmMzZTk0MWQ2XkEyXkFqcGc@._V1_QL75_UY133_CR2,0,90,133_.jpg",1h 43m,2024.0,A photographers road trip takes a dark turn when he befriends a reckless couple plunging him into a nightmarish neonoir spiral of unpredictable horror
Tina,"A woman, grieving her daughter's death in the Christchurch quakes, becomes a substitute teacher at an elite school. Unexpectedly, she discovers students lacking guidance and care, prompting her to provide inspiration and support.",7.9, (1.4K,"https://m.media-amazon.com/images/M/MV5BM2E0NmEzYzktNTYyNC00Mjg3LTgxNmQtYzhkODg1MmQyMmVhXkEyXkFqcGc@._V1_QL75_UY133_CR2,0,90,133_.jpg",2h 4m,2024.0,A woman grieving her daughters death in the christchurch quakes becomes a substitute teacher at an elite school unexpectedly she discovers students lacking guidance and care prompting her to provide inspiration and support
The Trainer,"Follows Jack, a fitness expert living with his mother in Los Angeles, who takes a maniacal swing at fame and fortune pursuing his version of the American dream.",5.6, (107,"https://m.media-amazon.com/images/M/MV5BMzJkMTYwODItZWU5Ni00ZTgwLWI0OTYtZGU5YWM3NDdlNjcyXkEyXkFqcGc@._V1_QL75_UY133_CR2,0,90,133_.jpg",1h 35m,2024.0,Follows jack a fitness expert living with his mother in los angeles who takes a maniacal swing at fame and fortune pursuing his version of the american dream
Spellbound,"Ellian is a tenacious princess who must go on a daring quest to save her family and kingdom after a mysterious spell transforms her parents, the King and Queen of Lumbria, into monsters.",5.5, (8.8K,"https://m.media-amazon.com/images/M/MV5BYTU4NWFlMjEtZGFhMi00NzkxLWJkODQtOWExNDQ2NGVjM2RjXkEyXkFqcGc@._V1_QL75_UX90_CR0,1,90,133_.jpg",1h 49m,2024.0,Ellian is a tenacious princess who must go on a daring quest to save her family and kingdom after a mysterious spell transforms her parents the king and queen of lumbria into monsters
Elyas,A former Special Forces soldier who has become solitary and paranoid since serving Afghanistan and recruited to provide the security for Amina and her daughter Nour.,6.1, (2.1K,"https://m.media-amazon.com/images/M/MV5BNmI1MTBjMDItZGI4Ni00ZjYxLThlNzMtNDE4MThiYjY2MGIzXkEyXkFqcGc@._V1_QL75_UY133_CR5,0,90,133_.jpg",1h 45m,2024.0,A former special forces soldier who has become solitary and paranoid since serving afghanistan and recruited to provide the security for amina and her daughter nour
Sheepdog,"A decorated combat veteran is court-ordered into treatment when an ex-convict shows up on his doorstep, forcing him to confront his past and begin an unexpected journey toward post-traumatic growth.",6.5, (140,"https://m.media-amazon.com/images/M/MV5BMjU2YzVhOTktNjgzYS00YjNiLTg4ZGItMDI1NTJiZmQwMTBhXkEyXkFqcGc@._V1_QL75_UX90_CR0,1,90,133_.jpg",2h 2m,2024.0,A decorated combat veteran is courtordered into treatment when an exconvict shows up on his doorstep forcing him to confront his past and begin an unexpected journey toward posttraumatic growth
Mr. K,"After spending the night in a remote hotel, Mr. K is stuck in a claustrophobic nightmare when he discovers that he can't leave the building.",5.4, (2K,"https://m.media-amazon.com/images/M/MV5BMmE4ZWY3MDAtNmFmYS00YmRkLWJmNjQtMmQ5MDk0ZmIyOGY5XkEyXkFqcGc@._V1_QL75_UY133_CR1,0,90,133_.jpg",1h 34m,2024.0,After spending the night in a remote hotel mr k is stuck in a claustrophobic nightmare when he discovers that he cant leave the building
Milk & Serial,A surprise birthday prank takes a turn for the worse when a popular social media duo must face the reality of the terrifying aftermath.,6.6, (3.3K,"https://m.media-amazon.com/images/M/MV5BMmVhMDQyNWItMmEzOC00MTI2LThiZmItZjgxZWEwMjk5MDQyXkEyXkFqcGc@._V1_QL75_UX90_CR0,1,90,133_.jpg",1h 2m,2024.0,A surprise birthday prank takes a turn for the worse when a popular social media duo must face the reality of the terrifying aftermath
Cabrini,"After witnessing disease and poverty in the slums of New York, Italian immigrant Francesca Cabrini embarks on a daring journey to persuade the hostile mayor to provide housing and healthcare for hundreds of orphaned children.",7.3, (9.9K,"https://m.media-amazon.com/images/M/MV5BNzMxZjNjNWQtZTFlMS00OTUzLWFhMjgtNmRlNzZjNjFjYzY5XkEyXkFqcGc@._V1_QL75_UX90_CR0,0,90,133_.jpg",2h 22m,2024.0,After witnessing disease and poverty in the slums of new york italian immigrant francesca cabrini embarks on a daring journey to persuade the hostile mayor to provide housing and healthcare for hundreds of orphaned children
Millers in Marriage,"A tale of three middle-aged married couples coming to grips with universal questions about marriage and fidelity, professional success and failure, and the challenge of finding a second act.",5.4, (843,"https://m.media-amazon.com/images/M/MV5BNWViZGY3OTMtZjU5Ny00YTFkLTljYjYtYTI3NDY4YzI4NWVlXkEyXkFqcGc@._V1_QL75_UX90_CR0,0,90,133_.jpg",1h 57m,2024.0,A tale of three middleaged married couples coming to grips with universal questions about marriage and fidelity professional success and failure and the challenge of finding a second act
The Kingdom,"Lesia, a teenager, is taken by a man to a villa where her fugitive father and his men are hiding. A war erupts, leading to death and a chase where father and daughter bond.",7.0, (1.9K,"https://m.media-amazon.com/images/M/MV5BYzkxMTBjNTYtMjIyNy00OTU0LWFmYzMtOTk0MmY3NDkxYmI2XkEyXkFqcGc@._V1_QL75_UX90_CR0,0,90,133_.jpg",1h 52m,2024.0,Lesia a teenager is taken by a man to a villa where her fugitive father and his men are hiding a war erupts leading to death and a chase where father and daughter bond
Dear Santa,"When a young boy mails his Christmas wish list to Santa with one crucial spelling error, a devilish Jack Black arrives to wreak havoc on the holidays.",5.4, (22K,"https://m.media-amazon.com/images/M/MV5BMDNjMzcxNTEtODRjYi00MGQ4LWE3YjAtNjllYzE1OThmZmRhXkEyXkFqcGc@._V1_QL75_UX90_CR0,2,90,133_.jpg",1h 47m,2024.0,When a young boy mails his christmas wish list to santa with one crucial spelling error a devilish jack black arrives to wreak havoc on the holidays
Kangaroo Island,"A struggling Hollywood actress returns home to Kangaroo Island, confronting the love triangle that tore her family apart.",6.5, (538,"https://m.media-amazon.com/images/M/MV5BZTgyYTgyMzUtOTBhOC00MGExLTg4MWEtMzYyMzMzMzgwYmJmXkEyXkFqcGc@._V1_QL75_UY133_CR2,0,90,133_.jpg",1h 53m,2024.0,A struggling hollywood actress returns home to kangaroo island confronting the love triangle that tore her family apart
Chime,A school teacher is woken by a sound that fills him with dread.,6.4, (3.5K,"https://m.media-amazon.com/images/M/MV5BNGI5NjdmODItZWNmZC00YTkwLWIzNmMtNmNkNTY4YzI2YmZhXkEyXkFqcGc@._V1_QL75_UY133_CR2,0,90,133_.jpg",45m,2024.0,A school teacher is woken by a sound that fills him with dread
Sooryavansham,,7.1, (456,"https://m.media-amazon.com/images/M/MV5BOGM5YTI3NmEtNTI1OC00MmQzLWI2MGEtM2VmNTVhOWQ4MGVjXkEyXkFqcGc@._V1_QL75_UY133_CR12,0,90,133_.jpg",2h 17m,2024.0,
Year 10,"Following a catastrophic event that has destroyed civilization, a young man must confront a group of cannibals who have murdered his father and stolen the medicine keeping his girlfriend alive.",5.4, (3K,"https://m.media-amazon.com/images/M/MV5BMmJjMjVhMDctY2Q2My00MzVlLTkyYzItNzlhODI4M2E5M2EwXkEyXkFqcGc@._V1_QL75_UX90_CR0,0,90,133_.jpg",1h 36m,2024.0,Following a catastrophic event that has destroyed civilization a young man must confront a group of cannibals who have murdered his father and stolen the medicine keeping his girlfriend alive
My Undesirable Friends: Part I - Last Air in Moscow,"Julia Loktev documents independent journalists in Moscow facing government crackdown as Russia invades Ukraine, capturing their fight for speech amid risks of being branded ""foreign agents"" and the country's drift towards authoritarianism.",7.9, (135,"https://m.media-amazon.com/images/M/MV5BYTRmN2NmZTctMTgwNS00YzlmLTgyMTYtZmUyYjM5NWM4NWUyXkEyXkFqcGc@._V1_QL75_UX90_CR0,0,90,133_.jpg",5h 24m,2024.0,Julia loktev documents independent journalists in moscow facing government crackdown as russia invades ukraine capturing their fight for speech amid risks of being branded foreign agents and the countrys drift towards authoritarianism
Lilies Not for Me,"A gay novelist and his psychiatric nurse bond over a series of ""dates"" prescribed to ""cure"" his homosexuality. He tells her how his previous relationship degenerated when his partner tried a risky procedure to become heterosexual.",7.1, (1.6K,"https://m.media-amazon.com/images/M/MV5BNTg5Njc2ZjUtN2QwOC00MjdiLWJjYmQtYTc0MDg3OGE4Y2ExXkEyXkFqcGc@._V1_QL75_UX90_CR0,1,90,133_.jpg",1h 39m,2024.0,A gay novelist and his psychiatric nurse bond over a series of dates prescribed to cure his homosexuality he tells her how his previous relationship degenerated when his partner tried a risky procedure to become heterosexual
Harold and the Purple Crayon,"Inside of his book, adventurous Harold can make anything come to life simply by drawing it. After he grows up and draws himself off the book's pages and into the physical world, Harold finds he has a lot to learn about real life.",5.7, (9.9K,"https://m.media-amazon.com/images/M/MV5BMzM0MmUyNDgtZmYwNi00ZGI2LWJhNjYtMDQzMzhjOTcyNjdhXkEyXkFqcGc@._V1_QL75_UX90_CR0,0,90,133_.jpg",1h 30m,2024.0,Inside of his book adventurous harold can make anything come to life simply by drawing it after he grows up and draws himself off the books pages and into the physical world harold finds he has a lot to learn about real life
Addition,"A woman counts everything because numbers hold her world together, but when a chance encounter with a man turns her world upside down, her meticulously ordered life starts to unravel.",7.5, (106,"https://m.media-amazon.com/images/M/MV5BOTg0YzQ5ZTEtNzdmOC00NzI4LWI3NzctOWQ5NjQxNjViN2ZlXkEyXkFqcGc@._V1_QL75_UX90_CR0,0,90,133_.jpg",1h 31m,2024.0,A woman counts everything because numbers hold her world together but when a chance encounter with a man turns her world upside down her meticulously ordered life starts to unravel
Waltzing with Brando,"Marlon Brando pulls idealistic Los Angeles architect Bernard Judge from his ordinary life and persuades him to design the world's first ecologically perfect retreat on a tiny, inhospitable Tahitian island.",5.9, (1.1K,"https://m.media-amazon.com/images/M/MV5BY2U5ZTgyZTYtZDdmYS00YjZhLWEwODItNzZkZWMxN2UzMzE4XkEyXkFqcGc@._V1_QL75_UX90_CR0,0,90,133_.jpg",1h 44m,2024.0,Marlon brando pulls idealistic los angeles architect bernard judge from his ordinary life and persuades him to design the worlds first ecologically perfect retreat on a tiny inhospitable tahitian island
Lost on a Mountain in Maine,"A 12-year-old boy, separated from his family by a fast-moving storm, must fight to stay alive during his nine-day adventure lost in the backwoods of Maine.",6.1, (2.7K,"https://m.media-amazon.com/images/M/MV5BN2VkMmNmYWYtNmMxMC00ZDU3LTk3MjQtNGQ0YTAzYTA4MTZmXkEyXkFqcGc@._V1_QL75_UX90_CR0,1,90,133_.jpg",1h 38m,2024.0,A yearold boy separated from his family by a fastmoving storm must fight to stay alive during his nineday adventure lost in the backwoods of maine
Pushpa: The Rule - Part 2,"A smuggling kingpin faces off against a vengeful rival while manipulating politics, making big deals, and navigating tense confrontations. A public apology leads to a dramatic showdown, ending with challenge.",6.1, (66K,"https://m.media-amazon.com/images/M/MV5BNDM3N2UzM2UtMjEwMC00NGUzLThmMmQtNGMyM2VmMDA0ZWEwXkEyXkFqcGc@._V1_QL75_UX90_CR0,4,90,133_.jpg",3h 21m,2024.0,A smuggling kingpin faces off against a vengeful rival while manipulating politics making big deals and navigating tense confrontations a public apology leads to a dramatic showdown ending with challenge
Dìdi,"In 2008, during the last month of summer before high school begins, an impressionable 13-year-old Taiwanese American boy learns what his family can't teach him: how to skate, how to flirt, and how to love your mom.",7.3, (16K,"https://m.media-amazon.com/images/M/MV5BZTJjOGIyNmUtYTdkZS00ZTU4LTlkNmEtNDc0YmIwMmQwYjRjXkEyXkFqcGc@._V1_QL75_UX90_CR0,0,90,133_.jpg",1h 33m,2024.0,In  during the last month of summer before high school begins an impressionable yearold taiwanese american boy learns what his family cant teach him how to skate how to flirt and how to love your mom
Eephus,"Grown men's recreational baseball game stretches to extra innings on their beloved field's final day before demolition. Humor and nostalgia intertwine as daylight fades, signaling an era's end.",6.7, (2.2K,"https://m.media-amazon.com/images/M/MV5BZjdkNjQ3ODctMmM4ZS00NDM3LTg2ZWYtZTIwNDZhZTMyOTFlXkEyXkFqcGc@._V1_QL75_UX90_CR0,1,90,133_.jpg",1h 39m,2024.0,Grown mens recreational baseball game stretches to extra innings on their beloved fields final day before demolition humor and nostalgia intertwine as daylight fades signaling an eras end
Winner,Winner is a brilliant young misfit from Texas who finds her morals challenged while serving in the U.S. Air Force and working as an NSA contractor.,6.5, (3.3K,"https://m.media-amazon.com/images/M/MV5BZGY1NTZhMDUtMzJhNi00ZWZiLWJkZDMtNmVlMmM2ZTdjYzg1XkEyXkFqcGc@._V1_QL75_UY133_CR0,0,90,133_.jpg",1h 43m,2024.0,Winner is a brilliant young misfit from texas who finds her morals challenged while serving in the us air force and working as an nsa contractor
Goodrich,"Andy Goodrich's life is upended when his wife enters a rehab program, leaving him on his own with their young kids. Goodrich leans on Grace, his daughter from his first marriage, as he ultimately evolves into the father she never had.",6.3, (7.6K,"https://m.media-amazon.com/images/M/MV5BMWVkNDNmYjEtNDZiYS00NjcyLWJiMWYtZTc2Y2FhMzc4NTE0XkEyXkFqcGc@._V1_QL75_UX90_CR0,1,90,133_.jpg",1h 50m,2024.0,Andy goodrichs life is upended when his wife enters a rehab program leaving him on his own with their young kids goodrich leans on grace his daughter from his first marriage as he ultimately evolves into the father she never had
On Falling,"The story focuses on Aurora, a Portuguese worker in a Scottish warehouse, navigating loneliness and alienation in an algorithm-driven gig economy as she seeks meaning and connection amidst solitude and workplace confines.",7.0, (1.8K,"https://m.media-amazon.com/images/M/MV5BMWE3Nzk0ZjUtYWRkMy00ZmI2LTkxMzktNTAwMDhkMjg3MzEwXkEyXkFqcGc@._V1_QL75_UX90_CR0,0,90,133_.jpg",1h 44m,2024.0,The story focuses on aurora a portuguese worker in a scottish warehouse navigating loneliness and alienation in an algorithmdriven gig economy as she seeks meaning and connection amidst solitude and workplace confines
Touch,"A romantic and thrilling story that spans several decades and continents; Touch follows one man's emotional journey to find his first love who disappeared 50 years ago, before his time runs out.",7.4, (7K,"https://m.media-amazon.com/images/M/MV5BYzMyOTg3ODAtMWEzNy00ZTE0LWI1Y2MtYzAwY2UwMWRjOTkxXkEyXkFqcGc@._V1_QL75_UX90_CR0,0,90,133_.jpg",2h 1m,2024.0,A romantic and thrilling story that spans several decades and continents touch follows one mans emotional journey to find his first love who disappeared  years ago before his time runs out
Messy,"Follows the life of brutally self-aware, promiscuous, love addict Stella Fox, who moves to New York after a devastating breakup, and all her disappointing romantic dalliances over the course of a summer.",5.1, (345,"https://m.media-amazon.com/images/M/MV5BMjZkOTI2OTMtMWY2ZC00ZDRhLWEwNGItNWNkYzUwMzA0MGI4XkEyXkFqcGc@._V1_QL75_UX90_CR0,1,90,133_.jpg",1h 30m,2024.0,Follows the life of brutally selfaware promiscuous love addict stella fox who moves to new york after a devastating breakup and all her disappointing romantic dalliances over the course of a summer
KA,"In a village where the sun sinks below the horizon by 3 PM, darkness creeps in early, bringing with it a chilling wave of inexplicable horrors.",7.1, (2K,"https://m.media-amazon.com/images/M/MV5BMGZiNDVjZDctOThiNS00ODcyLTk1MWEtYmJiYzlkNzNiNmI0XkEyXkFqcGc@._V1_QL75_UY133_CR8,0,90,133_.jpg",2h 31m,2024.0,In a village where the sun sinks below the horizon by  pm darkness creeps in early bringing with it a chilling wave of inexplicable horrors
Stree 2: Sarkate Ka Aatank,"After the events of Stree, the town of Chanderi is being haunted again. This time, women are mysteriously abducted by a terrifying headless entity. Once again, it's up to Vicky and his friends to save their town and loved ones.",6.9, (46K,"https://m.media-amazon.com/images/M/MV5BMTA1NmUxYzItZmVmNy00YmQxLTk4Y2UtZjVkMWUwMWQ5N2IxXkEyXkFqcGc@._V1_QL75_UY133_CR8,0,90,133_.jpg",2h 27m,2024.0,After the events of stree the town of chanderi is being haunted again this time women are mysteriously abducted by a terrifying headless entity once again its up to vicky and his friends to save their town and loved ones
Lick,"Evelyn wakes up in Vegas married to rock star David after blacking out on her 21st birthday. Thrust into his fame, she questions if she can handle his lifestyle as they navigate if their marriage is real or a mistake.",6.1, (1.3K,"https://m.media-amazon.com/images/M/MV5BYmRhODFhYzYtYmUyMC00NWJmLWIxOTAtNTIyMWQ4Y2Q0Zjk2XkEyXkFqcGc@._V1_QL75_UX90_CR0,1,90,133_.jpg",1h 15m,2024.0,Evelyn wakes up in vegas married to rock star david after blacking out on her st birthday thrust into his fame she questions if she can handle his lifestyle as they navigate if their marriage is real or a mistake
Bookworm,"11-year-old Mildred's world is turned upside down when her estranged father, the washed-up magician Strawn Wise, comes to look after her and agrees to take her camping to find a mythological beast known as the Canterbury Panther.",6.0, (2.7K,"https://m.media-amazon.com/images/M/MV5BZTJlMmU5NjQtN2EwZC00ZDYyLTkzY2YtMGY1MTM0OTM1ZDQ5XkEyXkFqcGc@._V1_QL75_UX90_CR0,0,90,133_.jpg",1h 43m,2024.0,Yearold mildreds world is turned upside down when her estranged father the washedup magician strawn wise comes to look after her and agrees to take her camping to find a mythological beast known as the canterbury panther
Bushido,"Kakunoshin Yanagida was a samurai, forced to leave the Han due to a false accusation. He then lived in poverty with his daughter Kinu.",6.8, (690,"https://m.media-amazon.com/images/M/MV5BM2E5YjRmNzUtYjZlNS00M2FkLTk2ODctODVjNjMxMDRhYjcwXkEyXkFqcGc@._V1_QL75_UY133_CR2,0,90,133_.jpg",2h 9m,2024.0,Kakunoshin yanagida was a samurai forced to leave the han due to a false accusation he then lived in poverty with his daughter kinu
In the Fire of War,"Set in New Zealand in 1864, follows the story of a crucial conflict of the nation's first land warfare, fought between Maori and colonial soldiers against insurmountable odds.",6.4, (419,"https://m.media-amazon.com/images/M/MV5BYjgyNzBjMjItYjAxOS00ZDI0LWIzMDItMzFmOTVjM2FjNGMxXkEyXkFqcGc@._V1_QL75_UX90_CR0,1,90,133_.jpg",1h 55m,2024.0,Set in new zealand in  follows the story of a crucial conflict of the nations first land warfare fought between maori and colonial soldiers against insurmountable odds
The Wailing,A group of young people inadvertently resurrect a seemingly invisible evil.,6.0, (2.9K,"https://m.media-amazon.com/images/M/MV5BMTg5ZjQ5OGMtZjBmMy00YzMwLWI1MjktYTFmN2Q3ZTQ4MjUyXkEyXkFqcGc@._V1_QL75_UY133_CR1,0,90,133_.jpg",1h 47m,2024.0,A group of young people inadvertently resurrect a seemingly invisible evil
Love in the Big City,"Misunderstood as more than friends, roommates Jae-hee and Heung-soo navigate the complexities of modern romance in Seoul's big city.",7.4, (2.3K,"https://m.media-amazon.com/images/M/MV5BYmE1MjM0MzktMzFhZC00NzVjLWExYTUtMTgxYTVhNDBjOTRhXkEyXkFqcGc@._V1_QL75_UY133_CR2,0,90,133_.jpg",1h 58m,2024.0,Misunderstood as more than friends roommates jaehee and heungsoo navigate the complexities of modern romance in seouls big city
Ghost Train,A YouTuber with the lowest number of views meets the station master of a mysterious subway station to find the source of a true horror story and encounters several strange stories.,5.2, (434,"https://m.media-amazon.com/images/M/MV5BMDNhYWM4MzQtM2UxNS00ZDdkLWIyYmMtZDNmNGZmODE2ZjdiXkEyXkFqcGc@._V1_QL75_UY133_CR2,0,90,133_.jpg",1h 34m,2024.0,A youtuber with the lowest number of views meets the station master of a mysterious subway station to find the source of a true horror story and encounters several strange stories
The Marching Band,"Acclaimed conductor Thibaut has leukemia and needs a bone marrow donor. Learning he was adopted, he finds an older brother, a musician and factory worker. Their reunion sparks a fraternal, musical journey amidst the town's factory closure.",7.4, (6.5K,"https://m.media-amazon.com/images/M/MV5BYTI1N2ZmNWMtOTFkMi00ZDA5LTk3NjktMWE5NGEzOTgzODc1XkEyXkFqcGc@._V1_QL75_UY133_CR4,0,90,133_.jpg",1h 43m,2024.0,Acclaimed conductor thibaut has leukemia and needs a bone marrow donor learning he was adopted he finds an older brother a musician and factory worker their reunion sparks a fraternal musical journey amidst the towns factory closure
The Trail,"A young woman embarks on a remote hiking trail in the Alps to cope with a trauma. In the midst of the rustic landscape, she is now not only confronted with her own fears, but also has to face an alien threat.",4.4, (640,"https://m.media-amazon.com/images/M/MV5BOTdmYjUzZmQtMjU0OC00OTQ4LWJmOGUtNmZhYmZhZjM4NGY3XkEyXkFqcGc@._V1_QL75_UY133_CR2,0,90,133_.jpg",1h 20m,2024.0,A young woman embarks on a remote hiking trail in the alps to cope with a trauma in the midst of the rustic landscape she is now not only confronted with her own fears but also has to face an alien threat
The Wasp,"Follows Heather and Carla, who meet after having not spoken in years. Heather is about to present a very unexpected proposition that could change their lives forever.",6.1, (6K,"https://m.media-amazon.com/images/M/MV5BNzE1YTljYTgtNzczZi00NTAyLThkYjUtYWExZDU4ZTY5YTdlXkEyXkFqcGc@._V1_QL75_UY133_CR1,0,90,133_.jpg",1h 36m,2024.0,Follows heather and carla who meet after having not spoken in years heather is about to present a very unexpected proposition that could change their lives forever
The Greatest Hits,"A love story centering on the connection between music and memory and how they transport us, sometimes literally.",6.2, (8.7K,"https://m.media-amazon.com/images/M/MV5BMzhlODdmMjEtZDIxMC00ZDE5LWJkNzgtMDMwMDYyY2Q5ZDZlXkEyXkFqcGc@._V1_QL75_UY133_CR1,0,90,133_.jpg",1h 34m,2024.0,A love story centering on the connection between music and memory and how they transport us sometimes literally
Cash Out,"Professional thief Mason attempts his biggest heist with his brother, robbing a bank. When it goes wrong, they're trapped inside surrounded by law enforcement. Tension rises as Mason negotiates with his ex-lover, the lead negotiator.",4.8, (3.7K,"https://m.media-amazon.com/images/M/MV5BZDQ5OGRiMWItOWI4ZC00NGViLWI2ZjctNTg3YzAwN2Y0NmM2XkEyXkFqcGc@._V1_QL75_UX90_CR0,0,90,133_.jpg",1h 32m,2024.0,Professional thief mason attempts his biggest heist with his brother robbing a bank when it goes wrong theyre trapped inside surrounded by law enforcement tension rises as mason negotiates with his exlover the lead negotiator
The Playroom,"Fırat and Filiz come to a small hotel called Evcilik on the Aegean coast to add some color to their boring lives, and they disturb the owner of the hotel and his wife by imitating their accents and their love for each other.",6.0, (2K,"https://m.media-amazon.com/images/M/MV5BZWMyNTI4ZjctMmE4MC00MjE4LTkzOWYtZDgzNDg1YjBlMWNiXkEyXkFqcGc@._V1_QL75_UY133_CR2,0,90,133_.jpg",1h 40m,2024.0,Frat and filiz come to a small hotel called evcilik on the aegean coast to add some color to their boring lives and they disturb the owner of the hotel and his wife by imitating their accents and their love for each other
Classified,A career CIA hitman who's been solely using the classified section of various newspapers to receive his orders suddenly discovers that his division's actually been shut down for years.,3.7, (3.3K,"https://m.media-amazon.com/images/M/MV5BNmNmM2IwMjgtOWZlNS00Y2MxLWE1NzctOGQzYzI0M2JiNGM4XkEyXkFqcGc@._V1_QL75_UY133_CR4,0,90,133_.jpg",1h 45m,2024.0,A career cia hitman whos been solely using the classified section of various newspapers to receive his orders suddenly discovers that his divisions actually been shut down for years
The Painter,"An ex-CIA operative is thrown back into a dangerous world when a mysterious woman from his past resurfaces. Now exposed and targeted by a relentless killer and a rogue black ops program, he must rely on skills he thought he left behind.",4.8, (2.8K,"https://m.media-amazon.com/images/M/MV5BYTJhYzk0MDktY2RlOS00YWJlLTg4NzUtMDBhODRlNTI1MjljXkEyXkFqcGc@._V1_QL75_UX90_CR0,1,90,133_.jpg",1h 40m,2024.0,An excia operative is thrown back into a dangerous world when a mysterious woman from his past resurfaces now exposed and targeted by a relentless killer and a rogue black ops program he must rely on skills he thought he left behind
Love Me Dead,"Reclusive mortician Issac forms bond with waitress Cassi. After harrowing incident, they embark on a path of revenge, blurring lines between reality and fiction in this psychological thriller's tense narrative.",4.0, (165,"https://m.media-amazon.com/images/M/MV5BZTE1ZTk5NzQtY2Y5YS00NTM3LWJiNmYtY2NiN2JiOWYzMjkyXkEyXkFqcGc@._V1_QL75_UX90_CR0,1,90,133_.jpg",1h 25m,2024.0,Reclusive mortician issac forms bond with waitress cassi after harrowing incident they embark on a path of revenge blurring lines between reality and fiction in this psychological thrillers tense narrative
Superboys of Malegaon,"The journey of an aspiring filmmaker as he bands together his group of friends to make a film for his town, Malegaon.",7.7, (8.4K,"https://m.media-amazon.com/images/M/MV5BNTllODgyODEtMTk4Zi00YzRlLWEzNDUtMjAwYmZiMDk2MTkxXkEyXkFqcGc@._V1_QL75_UY133_CR8,0,90,133_.jpg",2h 7m,2024.0,The journey of an aspiring filmmaker as he bands together his group of friends to make a film for his town malegaon
Good One,"During a weekend backpacking trip in the Catskills, 17-year-old Sam navigates the clash of egos between her father and his oldest friend.",6.7, (3.9K,"https://m.media-amazon.com/images/M/MV5BNjcxMjJlOGQtOThhMS00MWVhLTg5ZWYtZDA2NzIwMDk5Y2NjXkEyXkFqcGc@._V1_QL75_UX90_CR0,0,90,133_.jpg",1h 29m,2024.0,During a weekend backpacking trip in the catskills yearold sam navigates the clash of egos between her father and his oldest friend
Six Days,"A police officer who was unable to find the killer of a young girl 11 years earlier. When another child is kidnapped in the same way just days before the case is closed for good, he decides to reinvestigate the unresolved kidnapping.",5.7, (604,"https://m.media-amazon.com/images/M/MV5BNjhiZTM3MGUtOTRmYS00M2UxLTk0YjktYWNmM2RmODBhNjlkXkEyXkFqcGc@._V1_QL75_UY133_CR4,0,90,133_.jpg",1h 35m,2024.0,A police officer who was unable to find the killer of a young girl  years earlier when another child is kidnapped in the same way just days before the case is closed for good he decides to reinvestigate the unresolved kidnapping
Drawing Closer,"With only a year left to live, 17-year-old Akito finds new meaning in life by bringing joy to a terminally ill girl who has just six months remaining.",7.7, (3.6K,"https://m.media-amazon.com/images/M/MV5BZmJmZmY2YTgtYjJiMi00MmMxLTgwYjAtMDQxYjViZDRmZGI4XkEyXkFqcGc@._V1_QL75_UX90_CR0,0,90,133_.jpg",1h 58m,2024.0,With only a year left to live yearold akito finds new meaning in life by bringing joy to a terminally ill girl who has just six months remaining
My Fault,"A criminal defense attorney, unhappy in her marriage, finds herself seduced by her mysterious new client, an artist accused of murdering his girlfriend.",4.2, (7.5K,"https://m.media-amazon.com/images/M/MV5BMmY2OGU4MmItOTg0Zi00NWUyLWI3YjgtOGJlMzFiNWQ5Mjg4XkEyXkFqcGc@._V1_QL75_UX90_CR0,0,90,133_.jpg",2h,2024.0,A criminal defense attorney unhappy in her marriage finds herself seduced by her mysterious new client an artist accused of murdering his girlfriend
Soundtrack to a Coup d'Etat,Jazz and decolonization are entwined in this historical rollercoaster that rewrites the Cold War episode that led musicians Abbey Lincoln and Max Roach to crash the UN Security Council in protest against the murder of Patrice Lumumba.,7.8, (3.9K,"https://m.media-amazon.com/images/M/MV5BOWIzNmIxYTUtMTdiMi00Zjk2LWJlYjktMzA5ZTA3YTExY2VkXkEyXkFqcGc@._V1_QL75_UX90_CR0,0,90,133_.jpg",2h 30m,2024.0,Jazz and decolonization are entwined in this historical rollercoaster that rewrites the cold war episode that led musicians abbey lincoln and max roach to crash the un security council in protest against the murder of patrice lumumba
Lake George,"Two misfit oddballs embark on a road trip, strike a dubious deal too enticing to refuse, and find redemption amid shady circumstances.",6.5, (2.1K,"https://m.media-amazon.com/images/M/MV5BNjljNWU0ZTAtZWRmNC00ZTE0LWEwYTktNWUwNDg4YTJjNjY3XkEyXkFqcGc@._V1_QL75_UX90_CR0,0,90,133_.jpg",1h 58m,2024.0,Two misfit oddballs embark on a road trip strike a dubious deal too enticing to refuse and find redemption amid shady circumstances
Caught by the Tides,"A Chinese woman lives for herself in silence, celebrating the prosperous Belle Epoque with songs and dance.",6.7, (2.4K,"https://m.media-amazon.com/images/M/MV5BZTA3Y2YyMTEtNzlhYy00ODRkLWE0ZGYtOTI5MDc1N2QyNmE3XkEyXkFqcGc@._V1_QL75_UX90_CR0,0,90,133_.jpg",1h 51m,2024.0,A chinese woman lives for herself in silence celebrating the prosperous belle epoque with songs and dance
Afternoons of Solitude,"Explores the spiritual pain of bullfighting, the tormented torero in a ring, one of the most excessive and graphic examples of the origin of Southern European civilization",7.1, (1.6K,"https://m.media-amazon.com/images/M/MV5BODM1ZWJhZDItZWE2Mi00Y2I3LWI1ZGMtMTBkZTg2MTgwOTkzXkEyXkFqcGc@._V1_QL75_UY133_CR1,0,90,133_.jpg",2h 5m,2024.0,Explores the spiritual pain of bullfighting the tormented torero in a ring one of the most excessive and graphic examples of the origin of southern european civilization
1978,"During the World Cup final between Argentina and Holland, in times of military dictatorship, a group of torturers kidnap a group of young people. What begins as an inhumane interrogation turns into hell: the wrong group has been kidnapped.",4.9, (1.2K,"https://m.media-amazon.com/images/M/MV5BZWJhM2NiNWYtZjgxMC00OThlLTg0ODctOGVlZGJlYjEwYjgxXkEyXkFqcGc@._V1_QL75_UX90_CR0,0,90,133_.jpg",1h 20m,2024.0,During the world cup final between argentina and holland in times of military dictatorship a group of torturers kidnap a group of young people what begins as an inhumane interrogation turns into hell the wrong group has been kidnapped
Irish Wish,"When the love of Maddie's life gets engaged to her best friend, she puts her feelings aside to be a bridesmaid at their wedding in Ireland.",5.3, (23K,"https://m.media-amazon.com/images/M/MV5BMDIwMDAxODQtNTg1Mi00YjRmLTliZmMtNDc3OWQ3NWMzNTllXkEyXkFqcGc@._V1_QL75_UY133_CR8,0,90,133_.jpg",1h 33m,2024.0,When the love of maddies life gets engaged to her best friend she puts her feelings aside to be a bridesmaid at their wedding in ireland
Familiar Touch,"An octogenarian woman transitions to life in assisted living as she contends with her conflicting relationship to herself and her caregivers amidst her shifting memory, age identity, and desires.",7.1, (1.3K,"https://m.media-amazon.com/images/M/MV5BYWM2ZGI4YWUtOTIxYS00ZDAzLWFjYmUtZDVkM2Y0Mzc5MWI5XkEyXkFqcGc@._V1_QL75_UY133_CR1,0,90,133_.jpg",1h 30m,2024.0,An octogenarian woman transitions to life in assisted living as she contends with her conflicting relationship to herself and her caregivers amidst her shifting memory age identity and desires
Paper Bag Plan,"Facing cancer, Oscar trains his disabled son Billy in grocery bagging, hoping to secure him a job and independence before time runs out.",9.2, (38,"https://m.media-amazon.com/images/M/MV5BOTk3MzdkNWUtZWQ0Ni00YzQ4LThkM2QtMTVjYjYyZWE1NDYyXkEyXkFqcGc@._V1_QL75_UX90_CR0,1,90,133_.jpg",1h 48m,2024.0,Facing cancer oscar trains his disabled son billy in grocery bagging hoping to secure him a job and independence before time runs out
Baby,"After his release from a juvenile center, Wellington finds himself homeless in São Paulo. At a porn theater, he meets Ronaldo, who mentors him in street survival. Their bond evolves into a turbulent affair.",7.1, (1.2K,"https://m.media-amazon.com/images/M/MV5BMTQwOGZhNDgtM2I4ZS00Mjc2LTgwODYtZWFhYmIwOTdlYzYxXkEyXkFqcGc@._V1_QL75_UY133_CR1,0,90,133_.jpg",1h 47m,2024.0,After his release from a juvenile center wellington finds himself homeless in so paulo at a porn theater he meets ronaldo who mentors him in street survival their bond evolves into a turbulent affair
Mother of the Bride,Lana's daughter Emma returns from London and announces that she's getting married next month. Things become more complicated when Lana learns that the man who stole Emma's heart is the son of the man who broke hers years ago.,4.9, (18K,"https://m.media-amazon.com/images/M/MV5BYmY3YTExZTEtYWViMy00ZDQ0LWJlZGMtYTU2Yzc1NGE3MzgzXkEyXkFqcGc@._V1_QL75_UX90_CR0,0,90,133_.jpg",1h 28m,2024.0,Lanas daughter emma returns from london and announces that shes getting married next month things become more complicated when lana learns that the man who stole emmas heart is the son of the man who broke hers years ago
Unsung Hero,A mother's faith stands against all odds and inspires her husband and children to hold onto theirs. Based on a remarkable true story.,7.0, (5.7K,"https://m.media-amazon.com/images/M/MV5BZDQ4YTRlNGQtNjI5My00MGUxLTg1ODYtMTFiY2MwYmRlMmEyXkEyXkFqcGc@._V1_QL75_UX90_CR0,1,90,133_.jpg",1h 53m,2024.0,A mothers faith stands against all odds and inspires her husband and children to hold onto theirs based on a remarkable true story
Tyler Perry's Divorce in the Black,Ava's husband Dallas leaves her heartbroken as he abandons their marriage.,4.7, (3.9K,"https://m.media-amazon.com/images/M/MV5BNmQwZjI1NTctYmMwNS00YWQ2LWIyZmUtZGRkNTNmNzRjY2ZkXkEyXkFqcGc@._V1_QL75_UX90_CR0,0,90,133_.jpg",2h 2m,2024.0,Avas husband dallas leaves her heartbroken as he abandons their marriage
Pedro Páramo,"Follows a dusty road to a town of death. Time shifts from one consciousness to another in a hypnotic flow of dreams, desires and memories, a world of ghosts dominated by the figure of Pedro Páramo, lover, overlord, murderer.",6.3, (3.5K,"https://m.media-amazon.com/images/M/MV5BNjI3YmY2NTEtMjI1Yy00MWM4LTkzYzEtMTA2YjlmZjdiODkzXkEyXkFqcGc@._V1_QL75_UY133_CR8,0,90,133_.jpg",2h 10m,2024.0,Follows a dusty road to a town of death time shifts from one consciousness to another in a hypnotic flow of dreams desires and memories a world of ghosts dominated by the figure of pedro pramo lover overlord murderer
Will & Harper,"In this intimate portrayal of friendship, transition and America, Will Ferrell and his close friend of thirty years decide to go on a cross-country road trip to explore a new chapter in their relationship.",7.4, (14K,"https://m.media-amazon.com/images/M/MV5BYjAwODVjM2QtNmVhNy00NjYwLWJhMzgtM2FlZjY0ZGJjZjQ2XkEyXkFqcGc@._V1_QL75_UY133_CR8,0,90,133_.jpg",1h 54m,2024.0,In this intimate portrayal of friendship transition and america will ferrell and his close friend of thirty years decide to go on a crosscountry road trip to explore a new chapter in their relationship
Sunlight,"A hilariously dark and unconventional love story, following two people on the edge of life who find purpose and romance through an unlikely connection, escaping the darkness in search of some sunlight.",6.6, (437,"https://m.media-amazon.com/images/M/MV5BODVmZDMzYTktZGQ0NS00MjIyLWE3NjctMzUyNGE4YWRiZjBmXkEyXkFqcGc@._V1_QL75_UX90_CR0,1,90,133_.jpg",1h 36m,2024.0,A hilariously dark and unconventional love story following two people on the edge of life who find purpose and romance through an unlikely connection escaping the darkness in search of some sunlight
The Beast Within,"After a series of strange events leads her to question her family's isolated life on a fortified compound deep in the English wilds, 10-year-old Willow follows her parents on one of their secret late-night treks to the heart of the forest.",4.3, (6.2K,"https://m.media-amazon.com/images/M/MV5BM2ZkMGU0ZDUtMTU0MS00ODBiLTkwYjAtYTcxZTkyYjJjMjcxXkEyXkFqcGc@._V1_QL75_UX90_CR0,0,90,133_.jpg",1h 37m,2024.0,After a series of strange events leads her to question her familys isolated life on a fortified compound deep in the english wilds yearold willow follows her parents on one of their secret latenight treks to the heart of the forest
Manjummel Boys,"A group of friends get into a daring rescue mission to save their friend from Guna Caves, a perilously deep pit from where nobody has ever been brought back.",8.2, (33K,"https://m.media-amazon.com/images/M/MV5BMDVkOGEzZDgtYWU4Yi00MDA3LWE4YmQtYjQxNDgwNDYxNGU4XkEyXkFqcGc@._V1_QL75_UX90_CR0,1,90,133_.jpg",2h 15m,2024.0,A group of friends get into a daring rescue mission to save their friend from guna caves a perilously deep pit from where nobody has ever been brought back
The Visitor,"A refugee arrives at the home of an upper-class family in London and seduces each member of the family. When he suddenly is gone, he leaves behind a void that the rest try to fill in different ways.",3.9, (531,"https://m.media-amazon.com/images/M/MV5BYTMzZTAxNjMtYmFmMS00Mjg2LTlmNGQtNTNkYzMzZjM3NDU1XkEyXkFqcGc@._V1_QL75_UY133_CR2,0,90,133_.jpg",1h 41m,2024.0,A refugee arrives at the home of an upperclass family in london and seduces each member of the family when he suddenly is gone he leaves behind a void that the rest try to fill in different ways
Lembayung,Pica and Arum were still doing practical field work (PFW) at that time. They underwent PFW at the dental clinic in a small hospital in Central Java.,5.8, (889,"https://m.media-amazon.com/images/M/MV5BZGE1NTA0NzAtNjJlOC00ZjMxLWJlOTItZjk5MDA5ZmRkNTBjXkEyXkFqcGc@._V1_QL75_UX90_CR0,1,90,133_.jpg",2h 3m,2024.0,Pica and arum were still doing practical field work pfw at that time they underwent pfw at the dental clinic in a small hospital in central java
Crossing,"Lia, a retired teacher, has promised to find her long-lost niece, Tekla. Her search takes her to Istanbul where she meets Evrim, a lawyer fighting for trans rights, and Tekla starts to feel closer than ever.",7.4, (6.4K,"https://m.media-amazon.com/images/M/MV5BMmFkMmVkM2QtMDRlOC00MWM3LWEwMGEtYTRlN2FmZTU1YmVkXkEyXkFqcGc@._V1_QL75_UY133_CR2,0,90,133_.jpg",1h 46m,2024.0,Lia a retired teacher has promised to find her longlost niece tekla her search takes her to istanbul where she meets evrim a lawyer fighting for trans rights and tekla starts to feel closer than ever
Lilly,About a courageous factory worker who fights for justice when cheated and mistreated by her company. Based on the life of Lilly Ledbetter.,7.0, (702,"https://m.media-amazon.com/images/M/MV5BNWRmZGI1MTAtMTcxYS00NmMzLWE3MmEtNzI2ZDk0Yjg0MGI0XkEyXkFqcGc@._V1_QL75_UX90_CR0,0,90,133_.jpg",1h 33m,2024.0,About a courageous factory worker who fights for justice when cheated and mistreated by her company based on the life of lilly ledbetter
Sector 36,"A fictional story Inspired by true events, several children go missing from a basti (slum) in Sector 36. A determined police officer must now face off with a cunning serial killer as a chilling investigation and dark secrets unfold.",7.1, (27K,"https://m.media-amazon.com/images/M/MV5BMGE0YWU1MmEtN2FhMS00NzBlLWE3MTgtMWZkYjdmNDg5ZTFiXkEyXkFqcGc@._V1_QL75_UY133_CR8,0,90,133_.jpg",2h 3m,2024.0,A fictional story inspired by true events several children go missing from a basti slum in sector  a determined police officer must now face off with a cunning serial killer as a chilling investigation and dark secrets unfold
Bonjour Tristesse,Cécile's relaxing summer with her father in the south of France is upended by the arrival of the enigmatic Anne.,5.7, (1.3K,"https://m.media-amazon.com/images/M/MV5BYTg0Zjc1MGMtMTRmZS00ZTEzLWI5Y2MtOTllODMzMzdhZjlkXkEyXkFqcGc@._V1_QL75_UY133_CR1,0,90,133_.jpg",1h 50m,2024.0,Cciles relaxing summer with her father in the south of france is upended by the arrival of the enigmatic anne
The Day Everything Changed,"Mario, used to be a man who had planned a happy future with his wife; until one night, a robbery ends up taking her life. From that moment on, his only objective is now to avenge on those who took away his happiness.",6.8, (176,"https://m.media-amazon.com/images/M/MV5BYThjYTk1ODEtOTQwNS00MWNjLTgzMDMtNjUzYjIwZDc4N2Q2XkEyXkFqcGc@._V1_QL75_UY133_CR2,0,90,133_.jpg",1h 37m,2024.0,Mario used to be a man who had planned a happy future with his wife until one night a robbery ends up taking her life from that moment on his only objective is now to avenge on those who took away his happiness
Sebastian,"Max, a 25-year-old aspiring writer living in London, begins a double life as a sex worker in order to research his debut novel.",6.7, (2.7K,"https://m.media-amazon.com/images/M/MV5BYjljNWNiZjMtOWFlZC00ODBmLWFiOTYtNjljMzc5MmE4Zjg5XkEyXkFqcGc@._V1_QL75_UX90_CR0,0,90,133_.jpg",1h 50m,2024.0,Max a yearold aspiring writer living in london begins a double life as a sex worker in order to research his debut novel
Survive,A couple celebrates their son's birthday in the middle of the ocean on their boat. A violent storm hits and it brings up hungry creatures from the depths and they fight for their survival.,4.6, (4.5K,"https://m.media-amazon.com/images/M/MV5BNGMwNGVkYTMtYThlNS00OTlhLTk1YjAtYjcyNDg2YjNlNjhkXkEyXkFqcGc@._V1_QL75_UX90_CR0,1,90,133_.jpg",1h 30m,2024.0,A couple celebrates their sons birthday in the middle of the ocean on their boat a violent storm hits and it brings up hungry creatures from the depths and they fight for their survival
Death Whisperer 2,"In a world shrouded by darkness, a relentless force seeks retribution, undeterred by boundaries or morality",6.3, (1.9K,"https://m.media-amazon.com/images/M/MV5BYmQzMjI0YTMtNmE3OC00MTk0LWE0ODAtY2ZmNzg5M2NkMDQxXkEyXkFqcGc@._V1_QL75_UY133_CR8,0,90,133_.jpg",1h 50m,2024.0,In a world shrouded by darkness a relentless force seeks retribution undeterred by boundaries or morality
Bagman,"When a sinister threat from his childhood returns to haunt him, a father desperately struggles against his deepest inner fear. Only this time, the fight isn't for himself; it's for his family.",4.7, (7.8K,"https://m.media-amazon.com/images/M/MV5BYzAwMDllN2UtMDk0My00YWEwLWJhNGUtOGEzYzYwNmZjMzE2XkEyXkFqcGc@._V1_QL75_UX90_CR0,0,90,133_.jpg",1h 33m,2024.0,When a sinister threat from his childhood returns to haunt him a father desperately struggles against his deepest inner fear only this time the fight isnt for himself its for his family
Someone Like You,"After the tragic loss of his best friend, a grieving young architect launches a search for her secret twin sister.",5.9, (2.7K,"https://m.media-amazon.com/images/M/MV5BYjA0MmEzMmEtMzFkNS00MzZiLWE5YWQtOTEyZDMwMmNkYTM2XkEyXkFqcGc@._V1_QL75_UX90_CR0,0,90,133_.jpg",1h 58m,2024.0,After the tragic loss of his best friend a grieving young architect launches a search for her secret twin sister
Marco,"The adoptive son of the Adattu family, Marco, sets off on a ruthless quest for vengeance after his brother is brutally murdered, finding only betrayal, loss and unimaginable brutality at every step.",6.6, (25K,"https://m.media-amazon.com/images/M/MV5BMDNkZmZlOWEtMjIxYS00MzMwLTg4ODYtMDRmNzY2NjY3NDdkXkEyXkFqcGc@._V1_QL75_UX90_CR0,1,90,133_.jpg",2h 25m,2024.0,The adoptive son of the adattu family marco sets off on a ruthless quest for vengeance after his brother is brutally murdered finding only betrayal loss and unimaginable brutality at every step
Monster Island,"Set in the Pacific, 1942. A Japanese soldier and a British prisoner of war are stranded on a deserted island, hunted by a deadly creature. Two mortal enemies must come together to survive the unknown.",5.2, (2.2K,"https://m.media-amazon.com/images/M/MV5BMGRmYjNlNjMtMzIxOS00ZDY2LTk5NjAtZTQ2MGZlNWJjZDViXkEyXkFqcGc@._V1_QL75_UX90_CR0,0,90,133_.jpg",1h 23m,2024.0,Set in the pacific  a japanese soldier and a british prisoner of war are stranded on a deserted island hunted by a deadly creature two mortal enemies must come together to survive the unknown
Witchy Ways,"Retreating to a cabin her late mother believed was magical, a skeptical Eve meets Danni, a witch whose secrets challenge Eve's logic. As romance sparks, supernatural secrets and a vengeful neighbor threaten everything Danni holds dear.",5.5, (167,"https://m.media-amazon.com/images/M/MV5BZTQyNTA1NzQtYTcyNC00MzNjLTg1YWUtNGM1NmVlNjNiOTIxXkEyXkFqcGc@._V1_QL75_UX90_CR0,1,90,133_.jpg",1h 38m,2024.0,Retreating to a cabin her late mother believed was magical a skeptical eve meets danni a witch whose secrets challenge eves logic as romance sparks supernatural secrets and a vengeful neighbor threaten everything danni holds dear
Ghost Killer,"After being possessed by the ghost of vengeful hit man Kudo, college student Fumika Matsuoka agrees to help him finish his quest for vengeance from beyond the grave.",6.2, (905,"https://m.media-amazon.com/images/M/MV5BNmY2NzA3OWMtOWQxZC00MDU2LWI0NWYtMzhkYTAzOTU2NGQyXkEyXkFqcGc@._V1_QL75_UX90_CR0,1,90,133_.jpg",1h 45m,2024.0,After being possessed by the ghost of vengeful hit man kudo college student fumika matsuoka agrees to help him finish his quest for vengeance from beyond the grave
Canary Black,It follows Avery Graves as she is blackmailed by terrorists into betraying her own country to save her kidnapped husband.,5.4, (14K,"https://m.media-amazon.com/images/M/MV5BNDUyZThkMDYtY2FlYy00MmFjLThkZGMtMDgxZTk1Zjg2YjRmXkEyXkFqcGc@._V1_QL75_UX90_CR0,1,90,133_.jpg",1h 41m,2024.0,It follows avery graves as she is blackmailed by terrorists into betraying her own country to save her kidnapped husband
Happyend,"In near-future Tokyo, the threat of a catastrophic quake looms. Two friends prank their principal before graduation, leading to school surveillance installation.",6.8, (1.9K,"https://m.media-amazon.com/images/M/MV5BNWM2NDdkZmEtMTAxZC00ZTRiLTk2ZDgtMDA0YWM0MmQ1ZjdlXkEyXkFqcGc@._V1_QL75_UX90_CR0,0,90,133_.jpg",1h 53m,2024.0,In nearfuture tokyo the threat of a catastrophic quake looms two friends prank their principal before graduation leading to school surveillance installation
Winter in Sokcho,"A young Korean girl's life takes an unexpected turn when a French artist visits her country, disrupting her routine.",6.9, (1.3K,"https://m.media-amazon.com/images/M/MV5BNjJiYTc3NjYtY2I3NC00NzkzLWFmZWMtNDI3MDc5ZjZmOTRmXkEyXkFqcGc@._V1_QL75_UY133_CR4,0,90,133_.jpg",1h 44m,2024.0,A young korean girls life takes an unexpected turn when a french artist visits her country disrupting her routine
Outbreak,"A Psychological Thriller about a state park ranger husband and his wife struggling to come to terms with their missing teenage son while dealing with a local mystery that questions their relationship and in the end, their grip on reality.",4.4, (1.7K,"https://m.media-amazon.com/images/M/MV5BYWRjNmRiZjEtZjc4Ni00YzEwLWI0ZDItNGExNDkzZWZjNzcyXkEyXkFqcGc@._V1_QL75_UX90_CR0,0,90,133_.jpg",1h 28m,2024.0,A psychological thriller about a state park ranger husband and his wife struggling to come to terms with their missing teenage son while dealing with a local mystery that questions their relationship and in the end their grip on reality
Sex,Follows two colleagues who in different ways struggle with the same issues about their sexuality.,6.6, (2.4K,"https://m.media-amazon.com/images/M/MV5BMTg4YjhmN2QtZmZkNC00ZTY2LWIyNWQtN2UxYjUzMWFmMDMzXkEyXkFqcGc@._V1_QL75_UX90_CR0,0,90,133_.jpg",1h 58m,2024.0,Follows two colleagues who in different ways struggle with the same issues about their sexuality
Lights Out,"A drifting ex-soldier turns underground fighter with the help of a just released ex-con, pitting them both against a crime boss, corrupt cops and hired killers.",4.9, (2K,"https://m.media-amazon.com/images/M/MV5BMDczYTgwNjEtNmExYy00YzA4LTg0YjUtYjkxNzE4YzZmZGQ2XkEyXkFqcGc@._V1_QL75_UY133_CR1,0,90,133_.jpg",1h 30m,2024.0,A drifting exsoldier turns underground fighter with the help of a just released excon pitting them both against a crime boss corrupt cops and hired killers
Take Cover,A burned-out professional sniper finds himself trapped in an all-glass penthouse by a lethal competitor and must find a way to survive and escape with little to no cover between him and the killer.,5.1, (3.8K,"https://m.media-amazon.com/images/M/MV5BNDZjNTZkMGEtYjM4ZC00OWU1LThmZmUtMjNhMWM4Njg4YmRhXkEyXkFqcGc@._V1_QL75_UY133_CR1,0,90,133_.jpg",1h 30m,2024.0,A burnedout professional sniper finds himself trapped in an allglass penthouse by a lethal competitor and must find a way to survive and escape with little to no cover between him and the killer
Monsieur Aznavour,"Follows the beginnings of the iconic French-Armenian singer, songwriter and actor, Charles Aznavour, from zero to fame.",7.2, (4.1K,"https://m.media-amazon.com/images/M/MV5BZmRlYjBiMjAtZWVkYy00ZDk4LTk5YWUtNDhlNDA3MzM0Y2M5XkEyXkFqcGc@._V1_QL75_UY133_CR4,0,90,133_.jpg",2h 13m,2024.0,Follows the beginnings of the iconic frencharmenian singer songwriter and actor charles aznavour from zero to fame
The Uninvited,"A stranger crashes a party, sparking a comedy of errors, and a reordering of life.",5.2, (1.1K,"https://m.media-amazon.com/images/M/MV5BMTA1OGRlOTctZmQyYy00NDE4LWJlZTQtZDk2ODBjN2JiOTA0XkEyXkFqcGc@._V1_QL75_UY133_CR0,0,90,133_.jpg",1h 37m,2024.0,A stranger crashes a party sparking a comedy of errors and a reordering of life
Afraid,The Pike family is selected to test a new home device: a digital assistant called AIA. AIA learns the family's behaviors and begins to anticipate their needs. And she can make sure nothing - and no one - gets in her family's way.,5.2, (17K,"https://m.media-amazon.com/images/M/MV5BNGFlMGU1ZmYtYmVkNy00ZDhjLWE4MWYtN2FhZjVlMTNjOWYwXkEyXkFqcGc@._V1_QL75_UX90_CR0,0,90,133_.jpg",1h 24m,2024.0,The pike family is selected to test a new home device a digital assistant called aia aia learns the familys behaviors and begins to anticipate their needs and she can make sure nothing  and no one  gets in her familys way
River of Blood,Four kayakers take the wrong river into a jungle inhabited by a tribe of merciless cannibals.,4.6, (2.8K,"https://m.media-amazon.com/images/M/MV5BNmY3NGRkZjItZjQzZS00NjQ2LTlhYmYtNGJiNDQ0M2VjZGRjXkEyXkFqcGc@._V1_QL75_UY133_CR2,0,90,133_.jpg",1h 26m,2024.0,Four kayakers take the wrong river into a jungle inhabited by a tribe of merciless cannibals
Escape,Follows the struggles of a North Korean sergeant who is chased by a ruthless major after he defects.,6.4, (2.7K,"https://m.media-amazon.com/images/M/MV5BYzFjNjYyYTMtOTI4MS00YjE1LTllZDYtZjk0NzI5ZjUxZjYxXkEyXkFqcGc@._V1_QL75_UX90_CR0,0,90,133_.jpg",1h 34m,2024.0,Follows the struggles of a north korean sergeant who is chased by a ruthless major after he defects
Find Me Falling,"After a failed comeback album, rock star John Allman escapes to a dreamy Mediterranean island, only to discover that his new cliffside home has an unfortunate notoriety that attracts unwanted visitors and an old flame.",6.3, (14K,"https://m.media-amazon.com/images/M/MV5BOTllNzJmYjctNWMzZi00Yzc2LWE5MTMtNDBhNWU1NDdmMDFhXkEyXkFqcGc@._V1_QL75_UX90_CR0,0,90,133_.jpg",1h 33m,2024.0,After a failed comeback album rock star john allman escapes to a dreamy mediterranean island only to discover that his new cliffside home has an unfortunate notoriety that attracts unwanted visitors and an old flame
Please Don't Feed the Children,"A gang of orphans travels to the south in quest of a new life after a viral outbreak decimates the adult population of the nation, only to find themselves at the mercy of a psychotic woman who is hiding a perilous secret.",4.6, (1.7K,"https://m.media-amazon.com/images/M/MV5BZWMyZWI5ZmEtOTZkNS00Njk2LTk5ZDgtZDAxZmIyYWVlYzc4XkEyXkFqcGc@._V1_QL75_UY133_CR5,0,90,133_.jpg",1h 33m,2024.0,A gang of orphans travels to the south in quest of a new life after a viral outbreak decimates the adult population of the nation only to find themselves at the mercy of a psychotic woman who is hiding a perilous secret
The Radleys,"A seemingly ordinary family actually has a dark secret: they are vampires. They choose not to drink blood despite their natural cravings, but their truth is revealed one day.",5.1, (3.6K,"https://m.media-amazon.com/images/M/MV5BMzk1YWExYzAtOTEwMS00NDA0LWJjM2EtNTAzNzI2MTU1OGYxXkEyXkFqcGc@._V1_QL75_UY133_CR0,0,90,133_.jpg",1h 55m,2024.0,A seemingly ordinary family actually has a dark secret they are vampires they choose not to drink blood despite their natural cravings but their truth is revealed one day
Hot Frosty,"Widow Kathy magically brings a snowman to life. His innocence helps her heal and find love again. They bond before the holidays, but he's doomed to melt.",5.3, (16K,"https://m.media-amazon.com/images/M/MV5BYjYzOTA0NWYtNzkxNi00YmY4LTljOTYtODdhYTc0ODI3MDViXkEyXkFqcGc@._V1_QL75_UX90_CR0,0,90,133_.jpg",1h 32m,2024.0,Widow kathy magically brings a snowman to life his innocence helps her heal and find love again they bond before the holidays but hes doomed to melt
Menudas piezas,"After a traumatic divorce, Candela loses her job at an elite school. So she has to return to the neighborhood she left and ask for help from her sister and father, and teach at her old high school to students with integration problems.",5.8, (844,"https://m.media-amazon.com/images/M/MV5BOTgzOTQyZTgtNDE2Yi00NDJkLWJiZjQtMWIzYWFkODRhMjkxXkEyXkFqcGc@._V1_QL75_UY133_CR2,0,90,133_.jpg",1h 39m,2024.0,After a traumatic divorce candela loses her job at an elite school so she has to return to the neighborhood she left and ask for help from her sister and father and teach at her old high school to students with integration problems
Timestalker,The hapless heroine Agnes is reincarnated every time she makes the same mistake: falling in love with the wrong man.,5.5, (3.5K,"https://m.media-amazon.com/images/M/MV5BZGUwOTliMWYtNzAxMi00OTM3LWJmOGQtMDZmNzFmNDFjMTdkXkEyXkFqcGc@._V1_QL75_UX90_CR0,0,90,133_.jpg",1h 29m,2024.0,The hapless heroine agnes is reincarnated every time she makes the same mistake falling in love with the wrong man
Música,"A coming-of-age love story that follows an aspiring creator with synesthesia, who must come to terms with an uncertain future, while navigating the pressures of love, family, and his Brazilian culture in Newark, New Jersey.",6.4, (5.4K,"https://m.media-amazon.com/images/M/MV5BYTVhZjM3YWMtMjc1MC00MjY5LWJhYzItNWI4MjZhOTU3MTQyXkEyXkFqcGc@._V1_QL75_UX90_CR0,0,90,133_.jpg",1h 31m,2024.0,A comingofage love story that follows an aspiring creator with synesthesia who must come to terms with an uncertain future while navigating the pressures of love family and his brazilian culture in newark new jersey
Scorched Earth,"Twelve years after he fled, career criminal Trojan returns to Berlin. A valuable painting is set to be stolen in the city. But the meticulously planned heist soon runs out of control.",6.6, (933,"https://m.media-amazon.com/images/M/MV5BNmU1MjllMGEtNzA1ZS00YjkxLTk3ZWItYTY1ZjE4MWNlMGY2XkEyXkFqcGc@._V1_QL75_UY133_CR2,0,90,133_.jpg",1h 41m,2024.0,Twelve years after he fled career criminal trojan returns to berlin a valuable painting is set to be stolen in the city but the meticulously planned heist soon runs out of control
Anweshippin Kandethum,Revolves around two major crimes that shook kerala and the subsequent inquiry into the cases by sop.,7.4, (12K,"https://m.media-amazon.com/images/M/MV5BZTVhN2VmNTgtMjQ0ZC00OTc1LWE2ZGItMjFkYTUzMzcyMTJkXkEyXkFqcGc@._V1_QL75_UX90_CR0,1,90,133_.jpg",2h 22m,2024.0,Revolves around two major crimes that shook kerala and the subsequent inquiry into the cases by sop
The Astronaut Lovers,"Pedro returns to Argentina to spend the holidays with friends and family. He meets up with Maxi, a childhood friend who attracts him. Both engage in a playful game of flirtation and seduction.",7.1, (1.6K,"https://m.media-amazon.com/images/M/MV5BOWJlMTIyNDItMTAyYi00MTc2LWJkNzMtNjI5Nzk4YmIxZDllXkEyXkFqcGc@._V1_QL75_UY133_CR3,0,90,133_.jpg",1h 56m,2024.0,Pedro returns to argentina to spend the holidays with friends and family he meets up with maxi a childhood friend who attracts him both engage in a playful game of flirtation and seduction
Alpacalypse,"After a bad science experiment, genetically engineered alpacas terrorize a small town this holiday season.",5.3, (62,"https://m.media-amazon.com/images/M/MV5BYWQzZDI4YTgtMDBiOS00ZmY3LWE5YTQtYTYyZjJhZDgzZGY4XkEyXkFqcGc@._V1_QL75_UY133_CR5,0,90,133_.jpg",1h 17m,2024.0,After a bad science experiment genetically engineered alpacas terrorize a small town this holiday season
The 4:30 Movie,A group of teens in the 1980s spend the day theater-hopping.,6.0, (4.6K,"https://m.media-amazon.com/images/M/MV5BMWZlMWFlYjItNjJmNi00MGU5LWE2YWUtYmIzM2NmMzZjMGRjXkEyXkFqcGc@._V1_QL75_UX90_CR0,1,90,133_.jpg",1h 27m,2024.0,A group of teens in the s spend the day theaterhopping
Kiskisan,"Steamy tale of love, lust, and betrayal. When Adele's sister Bea returns with her girlfriend Cheska, a secret affair begins between Cheska and Adele's boyfriend, Rener, leading to a climactic ending when they're caught.",5.2, (349,"https://m.media-amazon.com/images/M/MV5BZDExZmNjNjUtMmVmYi00OGM0LWExMTctODJlNmM0ZjkzMDI4XkEyXkFqcGc@._V1_QL75_UX90_CR0,1,90,133_.jpg",1h 2m,2024.0,Steamy tale of love lust and betrayal when adeles sister bea returns with her girlfriend cheska a secret affair begins between cheska and adeles boyfriend rener leading to a climactic ending when theyre caught
Love,"Marianne, a doctor, and Tor, a nurse, avoid relationships. After meeting on a ferry where Tor seeks casual encounters, Marianne explores the possibility of spontaneous intimacy, questioning societal norms.",7.1, (1.8K,"https://m.media-amazon.com/images/M/MV5BM2JmOWExNDgtNTUxNy00ZjBkLWIwNTQtMTgyYjA3NTRhZjdmXkEyXkFqcGc@._V1_QL75_UX90_CR0,0,90,133_.jpg",1h 59m,2024.0,Marianne a doctor and tor a nurse avoid relationships after meeting on a ferry where tor seeks casual encounters marianne explores the possibility of spontaneous intimacy questioning societal norms
The Shepherd and the Bear,"An aging shepherd struggles to find a successor as bears prey on his flock. While, a teenage boy becomes obsessed with tracking the bears.",7.7, (57,"https://m.media-amazon.com/images/M/MV5BNTVmODA4ZDYtM2EzYS00NjZmLWI4ZGQtNDE0ZjZmMTllZDQwXkEyXkFqcGc@._V1_QL75_UX90_CR0,0,90,133_.jpg",1h 41m,2024.0,An aging shepherd struggles to find a successor as bears prey on his flock while a teenage boy becomes obsessed with tracking the bears
Die Alone,Tells the story of a young man who has amnesia. He bands together with a rugged survivalist in a zombie-like outbreak to find his girlfriend.,5.8, (5.6K,"https://m.media-amazon.com/images/M/MV5BYjhmMzEzZmItMmEwMy00MDE2LTgxMDYtZGRhY2Q0MmIzYjdjXkEyXkFqcGc@._V1_QL75_UY133_CR1,0,90,133_.jpg",1h 30m,2024.0,Tells the story of a young man who has amnesia he bands together with a rugged survivalist in a zombielike outbreak to find his girlfriend
V/H/S/Beyond,"Six bloodcurdling tapes unleash horror in a sci-fi inspired hellscape, pushing the boundaries of fear and suspense.",5.8, (12K,"https://m.media-amazon.com/images/M/MV5BNTI2M2UzNTctNDcxNy00MzQwLWI1MzMtZmQ2ZDk4ZGY2YzA1XkEyXkFqcGc@._V1_QL75_UX90_CR0,1,90,133_.jpg",1h 54m,2024.0,Six bloodcurdling tapes unleash horror in a scifi inspired hellscape pushing the boundaries of fear and suspense
Blackwater Lane,Late one night a woman drives by a stranded motorist who is later revealed to have been murdered. After a series of terrifying events the woman believes she is the killer's next victim.,4.6, (3K,"https://m.media-amazon.com/images/M/MV5BYjU4Y2VkMjQtNjQzMS00MmY1LWE2NTItZjFiMWZjM2VlMTY5XkEyXkFqcGc@._V1_QL75_UX90_CR0,1,90,133_.jpg",1h 48m,2024.0,Late one night a woman drives by a stranded motorist who is later revealed to have been murdered after a series of terrifying events the woman believes she is the killers next victim
The Hunted,"After their boat engine fails in the Mediterranean Sea, a group of refugees are rescued by rich Europeans who offer them shelter on an idyllic island. But the miracle becomes a nightmare when the saviours turn into ruthless manhunters.",5.0, (613,"https://m.media-amazon.com/images/M/MV5BMGI2MDA0ZGYtZWYxNC00Y2MxLThlNTktNWYzNjE3MzhmNWU2XkEyXkFqcGc@._V1_QL75_UY133_CR3,0,90,133_.jpg",1h 34m,2024.0,After their boat engine fails in the mediterranean sea a group of refugees are rescued by rich europeans who offer them shelter on an idyllic island but the miracle becomes a nightmare when the saviours turn into ruthless manhunters
When Fall Is Coming,"Michelle, a retiree in Burgundy, expects her grandson Lucas but a mistake ruins her plans. Her friend Marie-Claude's son is released from prison, reviving Michelle's purpose.",6.9, (4.1K,"https://m.media-amazon.com/images/M/MV5BY2IzMDlhZTktZWNjOS00YTMwLTllM2UtM2IyNWViYmJiMjJiXkEyXkFqcGc@._V1_QL75_UX90_CR0,0,90,133_.jpg",1h 44m,2024.0,Michelle a retiree in burgundy expects her grandson lucas but a mistake ruins her plans her friend marieclaudes son is released from prison reviving michelles purpose
Black Dog,"Released from jail, Lang returns to his hometown in Northwest China. As part of a dog patrol tasked with clearing stray dogs before the 2008 Olympics, he bonds with a black stray. The two lonely souls embark on a new journey together.",7.2, (5.4K,"https://m.media-amazon.com/images/M/MV5BOGYxNjEwMTAtOGQ0Yi00ZjI0LWFkNTktNTk4ZGU5Nzg2ZTgzXkEyXkFqcGc@._V1_QL75_UX90_CR0,0,90,133_.jpg",1h 56m,2024.0,Released from jail lang returns to his hometown in northwest china as part of a dog patrol tasked with clearing stray dogs before the  olympics he bonds with a black stray the two lonely souls embark on a new journey together
Wonderland,"In 'Wonderland', people can use an A.I. program to communicate with virtual versions of their comatose or lost loved ones.",6.2, (3K,"https://m.media-amazon.com/images/M/MV5BY2EzN2MwOGUtYzlkNi00MmI0LTlkZmUtOWEzZTEwZTdhMjMyXkEyXkFqcGc@._V1_QL75_UY133_CR2,0,90,133_.jpg",1h 53m,2024.0,In wonderland people can use an ai program to communicate with virtual versions of their comatose or lost loved ones
All That We Love,"Upon the loss of her beloved dog, Emma faces an empty nest and renewed feelings for her estranged ex-husband, as she navigates the joy and sorrow of starting anew.",6.2, (225,"https://m.media-amazon.com/images/M/MV5BYmYzODJjOGEtMTNhNi00ZWM0LWIxNDMtMjI1NmQ5YTY3M2NmXkEyXkFqcGc@._V1_QL75_UX90_CR0,0,90,133_.jpg",1h 30m,2024.0,Upon the loss of her beloved dog emma faces an empty nest and renewed feelings for her estranged exhusband as she navigates the joy and sorrow of starting anew
Auron Mein Kahan Dum Tha,"After 20 years in prison, a man reunites with his lost love and the truth behind his crimes is revealed.",6.2, (41K,"https://m.media-amazon.com/images/M/MV5BYjYxMjE0N2UtNGFkOC00NTliLWI1ODEtNWQ1ZmUyYjdmYmU4XkEyXkFqcGc@._V1_QL75_UY133_CR22,0,90,133_.jpg",2h 30m,2024.0,After  years in prison a man reunites with his lost love and the truth behind his crimes is revealed
Piece by Piece,"A vibrant journey through the life of Pharrell Williams, told through the lens of Lego animation.",6.9, (7.5K,"https://m.media-amazon.com/images/M/MV5BMjUxMjE2YWQtY2YwMS00MTdkLTg0ZWQtMTQ0NzExY2U4NGZkXkEyXkFqcGc@._V1_QL75_UX90_CR0,0,90,133_.jpg",1h 33m,2024.0,A vibrant journey through the life of pharrell williams told through the lens of lego animation
Diamonds,A director calls all his favorite actresses to film a movie set in Rome in the 70s that tells the vicissitudes revolving around a prestigious tailoring.,6.7, (2.4K,"https://m.media-amazon.com/images/M/MV5BNDI1MjA0NzYtMmUzZi00YTUyLThiMjYtOTg5ZTZiZmI2NTdkXkEyXkFqcGc@._V1_QL75_UY133_CR2,0,90,133_.jpg",2h 15m,2024.0,A director calls all his favorite actresses to film a movie set in rome in the s that tells the vicissitudes revolving around a prestigious tailoring
Red Right Hand,"Cash is trying to live an honest and quiet life, but when Big Cat forces him back into her services, he proves capable of anything to protect the town and the only family he has left.",5.5, (6.7K,"https://m.media-amazon.com/images/M/MV5BYjBhMmRiNWUtYTM1Zi00Y2NiLWFmODYtMTlhYTg2YTNlN2JiXkEyXkFqcGc@._V1_QL75_UX90_CR0,0,90,133_.jpg",1h 51m,2024.0,Cash is trying to live an honest and quiet life but when big cat forces him back into her services he proves capable of anything to protect the town and the only family he has left
Turn Me On,"Under the control of a pill that eradicates human emotion, a young couple skip doses and discover new feelings, but realize that comes with emotional baggage to deal with.",5.6, (1.1K,"https://m.media-amazon.com/images/M/MV5BZDM4MmNhMjktOWNiNy00MjU2LWEyMzktM2NlMDYxMThhMjhhXkEyXkFqcGc@._V1_QL75_UX90_CR0,1,90,133_.jpg",1h 39m,2024.0,Under the control of a pill that eradicates human emotion a young couple skip doses and discover new feelings but realize that comes with emotional baggage to deal with
Pavements,"Documentary about the American indie band Pavement, which combines scripts with documentary images of the band and a musical mise-en-scene composed of songs from their discography.",7.0, (1.1K,"https://m.media-amazon.com/images/M/MV5BM2VhNzcyYjUtNjI4OS00YjFmLWIxNmItYWM0NjEwNDY0M2U4XkEyXkFqcGc@._V1_QL75_UX90_CR0,0,90,133_.jpg",2h 8m,2024.0,Documentary about the american indie band pavement which combines scripts with documentary images of the band and a musical miseenscene composed of songs from their discography
Undercover,"After spending several years infiltrating the circles of the Abertzale left as another young sympathizer of the terrorist group ETA, a police officer gets what she was looking for: ETA contacts her.",7.1, (5.9K,"https://m.media-amazon.com/images/M/MV5BY2E3OGE4OTAtYzNlNS00ODA5LTgyMzctNWY5NTI5ZmIxZDUyXkEyXkFqcGc@._V1_QL75_UY133_CR8,0,90,133_.jpg",1h 58m,2024.0,After spending several years infiltrating the circles of the abertzale left as another young sympathizer of the terrorist group eta a police officer gets what she was looking for eta contacts her
The Roundup: Punishment,"Detective Ma Seok-do joins the Cyber Investigation Team to nab Baek Chang-ki, a former mercenary and the head of an online gambling organization.",6.6, (6.6K,"https://m.media-amazon.com/images/M/MV5BYmU3N2UwMmEtNTM1ZS00NWQ2LTgzNDUtZDM0NGIyNzZkZTIzXkEyXkFqcGc@._V1_QL75_UY133_CR1,0,90,133_.jpg",1h 49m,2024.0,Detective ma seokdo joins the cyber investigation team to nab baek changki a former mercenary and the head of an online gambling organization
The Devil's Bath,"Austria in the 18th century. Forests surround villages. Killing a baby gets a woman sentenced to death. Agnes readies for married life with her beloved. But her mind and heart grow heavy. A gloomy path alone, evil thoughts arising.",6.6, (7.9K,"https://m.media-amazon.com/images/M/MV5BNGFmYzY4YTEtMjU4OS00NmY1LWFiOTYtNGUzMGU5ZTllNjc1XkEyXkFqcGc@._V1_QL75_UY133_CR2,0,90,133_.jpg",2h 1m,2024.0,Austria in the th century forests surround villages killing a baby gets a woman sentenced to death agnes readies for married life with her beloved but her mind and heart grow heavy a gloomy path alone evil thoughts arising
Take My Hand,"At the peak of her career in London, an Australian woman is diagnosed with MS. After losing her job and the death of her husband, she moves home with her three sons, where a chance encounter with a childhood sweetheart changes her life.",6.2, (570,"https://m.media-amazon.com/images/M/MV5BNmYyMjlhMWUtN2RkMS00MDRjLTk5NDgtMjg4NmRjMzUyODJjXkEyXkFqcGc@._V1_QL75_UY133_CR0,0,90,133_.jpg",1h 42m,2024.0,At the peak of her career in london an australian woman is diagnosed with ms after losing her job and the death of her husband she moves home with her three sons where a chance encounter with a childhood sweetheart changes her life
Amaran,"The life of Major Mukund Varadarajan and is set against the backdrop of the Qazipathri Operation in Shopian, Kashmir, which took place back in 2014.",8.1, (24K,"https://m.media-amazon.com/images/M/MV5BZGQyYTA0Y2EtYTA1NC00YTkzLWJiMmQtNzUzZGMzNjc5ZjM1XkEyXkFqcGc@._V1_QL75_UX90_CR0,1,90,133_.jpg",2h 47m,2024.0,The life of major mukund varadarajan and is set against the backdrop of the qazipathri operation in shopian kashmir which took place back in 
Justice League: Crisis on Infinite Earths - Part Three,"Trapped in a pocket universe, surviving Earths face annihilation by the Anti-Monitor. Time shatters, bringing past heroes to aid Justice League against the epitome of evil. Their sacrifice may lead to victory.",6.1, (5.6K,"https://m.media-amazon.com/images/M/MV5BMzZmODkzMGEtMzQ2OC00ZTY2LWFjNTUtMjBkZGFmMTU5ZmYxXkEyXkFqcGc@._V1_QL75_UY133_CR5,0,90,133_.jpg",1h 34m,2024.0,Trapped in a pocket universe surviving earths face annihilation by the antimonitor time shatters bringing past heroes to aid justice league against the epitome of evil their sacrifice may lead to victory
The Inheritance,"A billionaire on the eve of his 75th birthday, invites his estranged children back home out of fear that tonight someone or something is going to kill him. He puts each of their inheritances on the line, to make sure they'll help.",4.7, (3.4K,"https://m.media-amazon.com/images/M/MV5BMGMzMWVjOWEtNWU5YS00NmViLWI0MTQtNmJjZTQ0MjNmYTYzXkEyXkFqcGc@._V1_QL75_UX90_CR0,0,90,133_.jpg",1h 25m,2024.0,A billionaire on the eve of his th birthday invites his estranged children back home out of fear that tonight someone or something is going to kill him he puts each of their inheritances on the line to make sure theyll help
My Penguin Friend,"Inspired by a true story; an enchanting adventure about a lost penguin rescued from an oil spill, who transforms the life of a heartbroken fisherman. They soon become unlikely friends, so bonded that even the vast ocean cannot divide them.",6.8, (7K,"https://m.media-amazon.com/images/M/MV5BMWFkNWFlNTItNTkxNC00MmNiLWEwZDktNmUwMDA1NTBjNGZkXkEyXkFqcGc@._V1_QL75_UX90_CR0,0,90,133_.jpg",1h 37m,2024.0,Inspired by a true story an enchanting adventure about a lost penguin rescued from an oil spill who transforms the life of a heartbroken fisherman they soon become unlikely friends so bonded that even the vast ocean cannot divide them
Our Little Secret,Two resentful exes must awkwardly spend Christmas together after they learn that their new partners are siblings.,5.7, (27K,"https://m.media-amazon.com/images/M/MV5BMTU3ODJmZGItNGI1OS00MTQ4LWJkZGQtMDQ0YzMxOTNhMjlhXkEyXkFqcGc@._V1_QL75_UX90_CR0,0,90,133_.jpg",1h 41m,2024.0,Two resentful exes must awkwardly spend christmas together after they learn that their new partners are siblings
Who Wants to Marry an Astronaut?,"After fifteen years of relationship, David feels the time has come to take the next step. To do so, he plans an idyllic trip along Route 66 with a wedding in Las Vegas. But when he proposes, his partner rejects him in front of everyone.",5.3, (125,"https://m.media-amazon.com/images/M/MV5BZDJjNjE4M2UtYTdjZS00ZDYyLTkwNjktN2E5ODE2MDhjNGE1XkEyXkFqcGc@._V1_QL75_UY133_CR2,0,90,133_.jpg",1h 34m,2024.0,After fifteen years of relationship david feels the time has come to take the next step to do so he plans an idyllic trip along route  with a wedding in las vegas but when he proposes his partner rejects him in front of everyone
Magpie,A couple find their lives turned upside-down when their daughter is cast alongside a controversial major star.,6.3, (4.8K,"https://m.media-amazon.com/images/M/MV5BOGQzMWU1YWItMjA0Mi00N2M5LWI1NTUtMzZiMWZlYjUxYTA3XkEyXkFqcGc@._V1_QL75_UY133_CR0,0,90,133_.jpg",1h 30m,2024.0,A couple find their lives turned upsidedown when their daughter is cast alongside a controversial major star
Dead Talents Society,Follows ghosts who want to become the spookiest of urban legends and most successful and famous stars in the underworld through their scare tactics and performances amongst the living.,7.0, (3.8K,"https://m.media-amazon.com/images/M/MV5BOTQ4NmIyMjAtZWMwMC00OGIyLWEzMmYtMzY3ZGRhYzUyNGE2XkEyXkFqcGc@._V1_QL75_UY133_CR2,0,90,133_.jpg",1h 51m,2024.0,Follows ghosts who want to become the spookiest of urban legends and most successful and famous stars in the underworld through their scare tactics and performances amongst the living
Paradox Effect,"An ex junkie witnesses a murder. She is forced to cooperate with the killer to save her daughter's life. She must fight time, the police and criminal underworld to save the only person who means something to her.",6.0, (12K,"https://m.media-amazon.com/images/M/MV5BYWIyMzQyMDMtZmJmYi00MTAxLTllOGUtNmI4YWQzZDAxMzJiXkEyXkFqcGc@._V1_QL75_UY133_CR2,0,90,133_.jpg",1h 27m,2024.0,An ex junkie witnesses a murder she is forced to cooperate with the killer to save her daughters life she must fight time the police and criminal underworld to save the only person who means something to her
The Merry Gentlemen,"To save her parents' small-town performing venue, a former big-city dancer decides to stage an all-male, Christmas-themed revue.",4.8, (11K,"https://m.media-amazon.com/images/M/MV5BNDNlNjJjYWYtMjk3Mi00YzgzLThjOTgtOWRhODgyMDA3Njk5XkEyXkFqcGc@._V1_QL75_UY133_CR8,0,90,133_.jpg",1h 27m,2024.0,To save her parents smalltown performing venue a former bigcity dancer decides to stage an allmale christmasthemed revue
Following,"A mystery thriller about a real estate agent who secretly enters clients' homes and becomes obsessed with a deceptive social media influencer. The film explores themes of obsession, identity and the dark side of social media.",6.5, (1.8K,"https://m.media-amazon.com/images/M/MV5BZGI3NGQzM2QtY2UxYi00YzE0LWJmZGYtMTAzZGRkZWQ0YjJhXkEyXkFqcGc@._V1_QL75_UY133_CR2,0,90,133_.jpg",1h 42m,2024.0,A mystery thriller about a real estate agent who secretly enters clients homes and becomes obsessed with a deceptive social media influencer the film explores themes of obsession identity and the dark side of social media
Watchmen: Chapter I,"In 1985, the murder of a government sponsored superhero draws his outlawed colleagues out of retirement and into a mystery that threatens to upend their personal lives and the world itself.",7.1, (8.2K,"https://m.media-amazon.com/images/M/MV5BMjc5NGFlMzMtZjkwZS00MzliLTg5NzktZDYzNGNhNjdjNzAzXkEyXkFqcGc@._V1_QL75_UX90_CR0,1,90,133_.jpg",1h 23m,2024.0,In  the murder of a government sponsored superhero draws his outlawed colleagues out of retirement and into a mystery that threatens to upend their personal lives and the world itself
Officer Black Belt,A talented martial artist who can't walk past a person in need unites with a probation officer to fight and prevent crime as a martial arts officer.,6.9, (10K,"https://m.media-amazon.com/images/M/MV5BNWRkMTAzOGYtOTE4Ny00Yzg3LWExYzAtNDVhNjJjYmIwMTRkXkEyXkFqcGc@._V1_QL75_UX90_CR0,0,90,133_.jpg",1h 48m,2024.0,A talented martial artist who cant walk past a person in need unites with a probation officer to fight and prevent crime as a martial arts officer
The Summer Book,"Follows the inspirational tale of a young girl and her grandmother spending a summer on a small, uninhabited island in the Gulf of Finland.",6.5, (1.2K,"https://m.media-amazon.com/images/M/MV5BYWY4MWMxZGEtMDc2ZC00ZjZlLTg3ZWUtODJmMDVhMmRjZTVhXkEyXkFqcGc@._V1_QL75_UX90_CR0,0,90,133_.jpg",1h 30m,2024.0,Follows the inspirational tale of a young girl and her grandmother spending a summer on a small uninhabited island in the gulf of finland
Noise,A woman with a hearing impediment is haunted by sounds linking to her sister's disappearance and the presence of a malevolent spirit.,5.6, (1.2K,"https://m.media-amazon.com/images/M/MV5BNzhhNDUxM2EtYjFhNy00OTIyLWFkNzItMjUxYTFjMWIzMDc4XkEyXkFqcGc@._V1_QL75_UY133_CR2,0,90,133_.jpg",1h 33m,2024.0,A woman with a hearing impediment is haunted by sounds linking to her sisters disappearance and the presence of a malevolent spirit
Space Cowboy,"Joe Jennings, a pioneer of skydiving cinematography, looks back on creating iconic moments in film and television, while he tries to turn a dreamlike vision into reality.",9.1, (59,"https://m.media-amazon.com/images/M/MV5BMzIxOTgxM2MtYjcyYy00YjNmLTk3Y2UtY2FlY2Y4OTU4MjdkXkEyXkFqcGc@._V1_QL75_UX90_CR0,0,90,133_.jpg",1h 38m,2024.0,Joe jennings a pioneer of skydiving cinematography looks back on creating iconic moments in film and television while he tries to turn a dreamlike vision into reality
Aavesham,Three teenagers reach Bangalore for their engineering degree and gets involved in a fight with seniors. They find a local gangster named Ranga to help them take revenge.,7.8, (33K,"https://m.media-amazon.com/images/M/MV5BNjJjY2IxMDYtN2U0My00MzFiLWJlYzItYmJkMDg1MTg3MjhmXkEyXkFqcGc@._V1_QL75_UY133_CR8,0,90,133_.jpg",2h 35m,2024.0,Three teenagers reach bangalore for their engineering degree and gets involved in a fight with seniors they find a local gangster named ranga to help them take revenge
The Mehta Boys,"A father and son embark on an involuntary 48-hour odyssey, navigating clashing perspectives as they confront the intricate nuances of their strained relationship.",7.1, (3.4K,"https://m.media-amazon.com/images/M/MV5BNjE0ZjkzOTUtNTRhZC00MjdmLTlmYjItNTVmZmVhYThhY2ZhXkEyXkFqcGc@._V1_QL75_UY133_CR8,0,90,133_.jpg",1h 56m,2024.0,A father and son embark on an involuntary hour odyssey navigating clashing perspectives as they confront the intricate nuances of their strained relationship
Troubleshooters,"Two friends from Tirana attempt to solve a murder mystery at a Durrës resort while masquerading as wealthy men, encountering love interests, criminals, and self-doubt along the way as they navigate their first case as private detectives.",6.1, (458,"https://m.media-amazon.com/images/M/MV5BMjc0ZDI3ZjQtMzA5OS00YmM2LWE2YmEtOTU0OGU5YjRjMTkyXkEyXkFqcGc@._V1_QL75_UY133_CR3,0,90,133_.jpg",1h 50m,2024.0,Two friends from tirana attempt to solve a murder mystery at a durrs resort while masquerading as wealthy men encountering love interests criminals and selfdoubt along the way as they navigate their first case as private detectives
Misericordia,"Returning to Saint-Martial for his late boss's funeral, Jérémie's stay with widow Martine becomes entangled in a disappearance, a threatening neighbor, and an abbot's shady intentions.",6.7, (4.4K,"https://m.media-amazon.com/images/M/MV5BYzg3MzQzNGMtYzA0NC00M2M3LWFiMDQtNDY2ZTc5OWI2YTc0XkEyXkFqcGc@._V1_QL75_UX90_CR0,0,90,133_.jpg",1h 44m,2024.0,Returning to saintmartial for his late bosss funeral jrmies stay with widow martine becomes entangled in a disappearance a threatening neighbor and an abbots shady intentions
Wynonna Earp: Vengeance,Wynonna Earp is coming home to battle her greatest foe yet: a psychotic seductress hellbent on revenge against her...and everyone she loves.,5.5, (1.9K,"https://m.media-amazon.com/images/M/MV5BZmMwNTdjMjAtZDM0Ny00Yjc0LWI0YWItYmNlYzZiZWMyNmIyXkEyXkFqcGc@._V1_QL75_UY133_CR2,0,90,133_.jpg",1h 36m,2024.0,Wynonna earp is coming home to battle her greatest foe yet a psychotic seductress hellbent on revenge against herand everyone she loves
The Second Act,"Florence wants to introduce David, the man she's madly in love with, to her father. But David isn't attracted to her and wants to throw her into the arms of his friend Willy. The characters meet in a restaurant in the middle of nowhere.",6.4, (4.7K,"https://m.media-amazon.com/images/M/MV5BOWZhZDAzMWUtMjk4MS00MWZiLThjNGUtYWFjMjcxMWM4MWYzXkEyXkFqcGc@._V1_QL75_UY133_CR8,0,90,133_.jpg",1h 20m,2024.0,Florence wants to introduce david the man shes madly in love with to her father but david isnt attracted to her and wants to throw her into the arms of his friend willy the characters meet in a restaurant in the middle of nowhere
Redress,"A chef vanishes with his sous-chef while hunting, hours before getting his third Michelin star. His daughter Clara inherits the restaurant amid media frenzy. Two years on, she's invited to a food congress in Taiwan.",5.8, (248,"https://m.media-amazon.com/images/M/MV5BYTUyYTM5ZmYtMWM2ZC00N2Y4LWJiZGQtZDlkYzk4YTY0MDgxXkEyXkFqcGc@._V1_QL75_UY133_CR4,0,90,133_.jpg",1h 44m,2024.0,A chef vanishes with his souschef while hunting hours before getting his third michelin star his daughter clara inherits the restaurant amid media frenzy two years on shes invited to a food congress in taiwan
Boneyard,Inspired by the true events of a serial killer that may still be out there today.,4.2, (6K,"https://m.media-amazon.com/images/M/MV5BMGZjN2JiZWEtNjRjOS00YzU1LTkwMmUtOTU4NzFkZTE4NGU5XkEyXkFqcGc@._V1_QL75_UX90_CR0,0,90,133_.jpg",1h 36m,2024.0,Inspired by the true events of a serial killer that may still be out there today
Music by John Williams,Follows the life of legendary composer John Williams.,8.2, (5.9K,"https://m.media-amazon.com/images/M/MV5BYjUwNzY2ZGQtMWQ0Yy00ZGJlLWFlMGQtNTIwODBmNWY2ZWI2XkEyXkFqcGc@._V1_QL75_UY133_CR0,0,90,133_.jpg",1h 45m,2024.0,Follows the life of legendary composer john williams
Outside,"A family seeks refuge on an isolated farm during a zombie apocalypse, but long-buried secrets strain their relationships as they struggle to survive.",5.1, (5.3K,"https://m.media-amazon.com/images/M/MV5BYWNmNDAyOGMtYmVhZC00MGNmLTgyMTgtMWQwODU4YWQyYTRlXkEyXkFqcGc@._V1_QL75_UY133_CR8,0,90,133_.jpg",2h 22m,2024.0,A family seeks refuge on an isolated farm during a zombie apocalypse but longburied secrets strain their relationships as they struggle to survive
Duchess,"Follows a tough, working-class, petty criminal who morphs into an anti-heroine to be reckoned with in a murky underworld, in the treacherous world of diamond smuggling.",4.6, (2K,"https://m.media-amazon.com/images/M/MV5BNWRiZTQ5ODItZTcxMS00N2JhLWEyYzYtMTEwZjU3ZmE3ZDQ5XkEyXkFqcGc@._V1_QL75_UX90_CR0,0,90,133_.jpg",1h 54m,2024.0,Follows a tough workingclass petty criminal who morphs into an antiheroine to be reckoned with in a murky underworld in the treacherous world of diamond smuggling
Meiyazhagan,A man's life is changed when he bumps into someone from his hometown in this moving Tamil-language drama; gentle scenes are occasionally punctuated by sporting threat and recollections of violence.,8.5, (22K,"https://m.media-amazon.com/images/M/MV5BYTk3Zjk4MzctZDI1Zi00OWRiLTlhN2QtNDUxMTJhMWM3YTMwXkEyXkFqcGc@._V1_QL75_UX90_CR0,1,90,133_.jpg",2h 57m,2024.0,A mans life is changed when he bumps into someone from his hometown in this moving tamillanguage drama gentle scenes are occasionally punctuated by sporting threat and recollections of violence
What Jennifer Did,"When Jennifer Pan calls 911 to report that her parents have been shot, she becomes the primary focus of a captivating criminal case.",6.1, (13K,"https://m.media-amazon.com/images/M/MV5BNWEyOWI4ODItOGNjOS00YjI0LTljZTItOWM4N2Y1NDQxNzY1XkEyXkFqcGc@._V1_QL75_UY133_CR1,0,90,133_.jpg",1h 27m,2024.0,When jennifer pan calls  to report that her parents have been shot she becomes the primary focus of a captivating criminal case
Dooba Dooba,In-home security cameras watch as an awkward sixteen year old girl terrorizes her well meaning babysitter.,6.6, (61,"https://m.media-amazon.com/images/M/MV5BNTBjOTVjNGItNjgxZC00YjlhLTg0OWMtZmI5NzFhZDRjN2YxXkEyXkFqcGc@._V1_QL75_UX90_CR0,0,90,133_.jpg",1h 16m,2024.0,Inhome security cameras watch as an awkward sixteen year old girl terrorizes her well meaning babysitter
Sugar Baby,"An enterprising Sugar Baby is offered $30,000 to move in with her Sugar Daddy for the week, but soon discovers the sinister secrets trapped within his home.",3.9, (600,"https://m.media-amazon.com/images/M/MV5BZjMzMWY5NzEtNTFlNy00OTg3LTk0ZTYtZDNhOWQ3NzMxYzQ1XkEyXkFqcGc@._V1_QL75_UY133_CR5,0,90,133_.jpg",1h 28m,2024.0,An enterprising sugar baby is offered  to move in with her sugar daddy for the week but soon discovers the sinister secrets trapped within his home
Four Mothers,A writer about to publish his new novel is forced to take care of three eccentric older women - and his own mother - over the course of one chaotic weekend in Dublin.,6.7, (1K,"https://m.media-amazon.com/images/M/MV5BYjg1NzJmZWEtMjg1Ny00ZDBmLWE5NjItY2E4OTk3ZjBjZDhkXkEyXkFqcGc@._V1_QL75_UX90_CR0,1,90,133_.jpg",1h 29m,2024.0,A writer about to publish his new novel is forced to take care of three eccentric older women  and his own mother  over the course of one chaotic weekend in dublin
The Children's Train,A seven-year-old boy named Amerigo who in 1946 leaves his impoverished family in Naples and gets on a train to go live with a wealthier family in the north as part of a postwar initiative to rescue children from poverty.,7.4, (9.6K,"https://m.media-amazon.com/images/M/MV5BOTBiZTY0NDctOWUyMy00ZGYzLWI2ZGUtNjQwMzI0ZWU5ZmQ3XkEyXkFqcGc@._V1_QL75_UX90_CR0,0,90,133_.jpg",1h 46m,2024.0,A sevenyearold boy named amerigo who in  leaves his impoverished family in naples and gets on a train to go live with a wealthier family in the north as part of a postwar initiative to rescue children from poverty
Winnie-the-Pooh: Blood and Honey 2,"Not wanting to live in the shadows any longer, Winnie-the-Pooh, Piglet, Owl, and Tigger take their fight to the town of Ashdown, leaving a bloody trail of death and mayhem in their wake.",4.6, (13K,"https://m.media-amazon.com/images/M/MV5BZmU2YmNlOTYtYWY5OS00YTk1LWExNzctMTAxYzY3ZDA1OTE5XkEyXkFqcGc@._V1_QL75_UY133_CR2,0,90,133_.jpg",1h 33m,2024.0,Not wanting to live in the shadows any longer winniethepooh piglet owl and tigger take their fight to the town of ashdown leaving a bloody trail of death and mayhem in their wake
Out of My Mind,"Melody Brooks is navigating sixth grade as a nonverbal wheelchair user who has cerebral palsy. With the help of some assistive technology and her devoted allies, Melody shows that what she has to say is more important than how she says it.",7.4, (3.3K,"https://m.media-amazon.com/images/M/MV5BM2U1OGJiZTYtMzhiYi00MTc3LWJlZDYtNGI1N2Q3NWE3ODg1XkEyXkFqcGc@._V1_QL75_UY133_CR1,0,90,133_.jpg",1h 42m,2024.0,Melody brooks is navigating sixth grade as a nonverbal wheelchair user who has cerebral palsy with the help of some assistive technology and her devoted allies melody shows that what she has to say is more important than how she says it
I Love You Forever,A subversive romantic comedy gone wrong that follows a young woman into and out of an emotionally abusive relationship.,5.7, (959,"https://m.media-amazon.com/images/M/MV5BN2YzMDM5ZDctYmNlYy00ZTUwLThlYzEtYTI1NTYyNDAxMzMzXkEyXkFqcGc@._V1_QL75_UY133_CR1,0,90,133_.jpg",1h 29m,2024.0,A subversive romantic comedy gone wrong that follows a young woman into and out of an emotionally abusive relationship
Santosh,"Newly widowed Santosh inherits her husband's job as a police constable in the rural badlands of Northern India. When a girl's body is found, she's pulled into the investigation under the wing of charismatic feminist inspector Sharma.",7.1, (3.5K,"https://m.media-amazon.com/images/M/MV5BNGEyY2ZmODQtMmFkZC00NzIwLWEwYzYtMjBmNDI4MDA0NTViXkEyXkFqcGc@._V1_QL75_UX90_CR0,2,90,133_.jpg",2h 8m,2024.0,Newly widowed santosh inherits her husbands job as a police constable in the rural badlands of northern india when a girls body is found shes pulled into the investigation under the wing of charismatic feminist inspector sharma
The Prosecutor,"A poor young man is wrongly charged with drug trafficking after being deceived. An ex-prosecutor investigates the case, uncovers a corrupt lawyer team's scheme, and restores justice despite obstruction from evil forces.",6.5, (4.3K,"https://m.media-amazon.com/images/M/MV5BMWUxZmZhZDMtYzQ5NS00Y2FkLTg0Y2ItMTVjZWM0N2FmZGQxXkEyXkFqcGc@._V1_QL75_UY133_CR2,0,90,133_.jpg",1h 57m,2024.0,A poor young man is wrongly charged with drug trafficking after being deceived an exprosecutor investigates the case uncovers a corrupt lawyer teams scheme and restores justice despite obstruction from evil forces
Cult Killer,"After a renowned private investigator is murdered, his protégé takes on the case. As her investigation unfolds, she is forced into a dangerous alliance with his killer to uncover the town's grisly secrets and bring justice to its victims.",4.8, (3.3K,"https://m.media-amazon.com/images/M/MV5BZWI1ZTMwOGQtMDAyOC00NGZhLTgwODctYTljYWEyMWM4MTk0XkEyXkFqcGc@._V1_QL75_UX90_CR0,0,90,133_.jpg",1h 45m,2024.0,After a renowned private investigator is murdered his protg takes on the case as her investigation unfolds she is forced into a dangerous alliance with his killer to uncover the towns grisly secrets and bring justice to its victims
Viet and Nam,"In the underground coal mines, Nam and Viet, young miners, face danger and darkness. One prepares to leave for a new life, but they must find Nam's father's remains, a soldier lost in a faraway forest, retracing the past through memories.",6.4, (822,"https://m.media-amazon.com/images/M/MV5BYzI3NTdmYWEtOTAzNC00ZTEyLWE4ZWYtM2I1YjcyMzE2ZjM2XkEyXkFqcGc@._V1_QL75_UY133_CR0,0,90,133_.jpg",2h 9m,2024.0,In the underground coal mines nam and viet young miners face danger and darkness one prepares to leave for a new life but they must find nams fathers remains a soldier lost in a faraway forest retracing the past through memories
Dream Story,"High-society couple's marriage is tested when the husband discovers a secret erotic society and attends a masked ball, ignoring warnings of potential consequences, after his wife admits having fantasies about another man.",5.6, (315,"https://m.media-amazon.com/images/M/MV5BNjYzMGIwODItMTRmNy00ZTM1LTgyZmYtOWQwM2I0YzVmNTQ1XkEyXkFqcGc@._V1_QL75_UY133_CR2,0,90,133_.jpg",1h 49m,2024.0,Highsociety couples marriage is tested when the husband discovers a secret erotic society and attends a masked ball ignoring warnings of potential consequences after his wife admits having fantasies about another man
Seeking Haven for Mr. Rambo,"On a quest to save Rambo, his dog and best friend; Hassan is forced to confront the fears of his past and rediscovers himself.",8.0, (1.8K,"https://m.media-amazon.com/images/M/MV5BNmIzNWZjNTUtMDAxZi00ZmVkLWE4YmMtNjExMzZkZTBmODg1XkEyXkFqcGc@._V1_QL75_UX90_CR0,1,90,133_.jpg",1h 40m,2024.0,On a quest to save rambo his dog and best friend hassan is forced to confront the fears of his past and rediscovers himself
Mon Potongo,"Two young outcasts from different faiths dream of owning a luxury armchair they see in a store window. Working as laborers in the big city, they fight against social barriers and poverty to make their shared dream come true.",4.6, (965,"https://m.media-amazon.com/images/M/MV5BNDFhOTlhODQtNDRmMC00ZGRiLTk0OWItZTI2ODc5NGNiMmQzXkEyXkFqcGc@._V1_QL75_UX90_CR0,1,90,133_.jpg",2h 29m,2024.0,Two young outcasts from different faiths dream of owning a luxury armchair they see in a store window working as laborers in the big city they fight against social barriers and poverty to make their shared dream come true
Race for Glory: Audi vs. Lancia,"A true David vs. Goliath story spotlighting the intense rivalry between Audi and Lancia at the 1983 Rally World Championship. Against all odds, Lancia battles to regain its former glory with a combination of innovation and courage.",5.8, (5.9K,"https://m.media-amazon.com/images/M/MV5BMzAyZTNkMmUtMDViYy00NDQ4LWEwOTQtY2MyMmI3Mjg2ODZjXkEyXkFqcGc@._V1_QL75_UX90_CR0,1,90,133_.jpg",1h 49m,2024.0,A true david vs goliath story spotlighting the intense rivalry between audi and lancia at the  rally world championship against all odds lancia battles to regain its former glory with a combination of innovation and courage
The Blue Angels,Follows the veterans and newest class of Navy and Marine Corps flight squadron as they go through intense training and into a season of heart-stopping aerial artistry.,7.3, (3K,"https://m.media-amazon.com/images/M/MV5BMzczNmI3YTYtZjhiYy00N2RmLTliZDktZDQ5NTEzMWE1ZjAyXkEyXkFqcGc@._V1_QL75_UX90_CR0,0,90,133_.jpg",1h 33m,2024.0,Follows the veterans and newest class of navy and marine corps flight squadron as they go through intense training and into a season of heartstopping aerial artistry
The Silent Planet,"Follows two inmates in the near future who are sentenced to a lifetime of hard labor on a distant planet. As things unravel, they become increasingly paranoid and start to lose a sense of who they are and their past lives.",4.7, (417,"https://m.media-amazon.com/images/M/MV5BMWNkYzFmNTgtZWQwMi00YTc0LWIzYTktNzVjN2NjY2U3OWM1XkEyXkFqcGc@._V1_QL75_UX90_CR0,1,90,133_.jpg",1h 35m,2024.0,Follows two inmates in the near future who are sentenced to a lifetime of hard labor on a distant planet as things unravel they become increasingly paranoid and start to lose a sense of who they are and their past lives
Do Patti,Twin sisters harbouring deep secrets and a determined police inspector seeking to uncover the truth in an attempted murder case.,6.3, (70K,"https://m.media-amazon.com/images/M/MV5BZjRmMzA2MWYtZGEyMS00YjY4LWJiOTEtNjU1NWMyYTRjM2M3XkEyXkFqcGc@._V1_QL75_UY133_CR8,0,90,133_.jpg",2h 6m,2024.0,Twin sisters harbouring deep secrets and a determined police inspector seeking to uncover the truth in an attempted murder case
The Stickman's Hollow,A series of mysterious and savage murders plague an area of remote wilderness known for its insidious past.,5.4, (51,"https://m.media-amazon.com/images/M/MV5BMWE0NmY5NGUtYWYwYS00NjczLWEyMDctMTJjZjI4MmVlMTc1XkEyXkFqcGc@._V1_QL75_UX90_CR0,0,90,133_.jpg",1h 23m,2024.0,A series of mysterious and savage murders plague an area of remote wilderness known for its insidious past
Strangers,"A frustrated woman encounters a mysterious hitman. Their romance leads to vigilante killings of criminals. As she delves deeper, she questions her partner's true nature and their hidden motives.",4.3, (558,"https://m.media-amazon.com/images/M/MV5BYzMwNTJjNDQtZmQzNC00OGQwLWEwOTgtNGViZWUwZDYwOGQ3XkEyXkFqcGc@._V1_QL75_UX90_CR0,1,90,133_.jpg",1h 46m,2024.0,A frustrated woman encounters a mysterious hitman their romance leads to vigilante killings of criminals as she delves deeper she questions her partners true nature and their hidden motives
Bureau 749,A traumatized young man with physical abnormalities is forced to join a mysterious bureau to confront a disaster spreading across the earth caused by an unknown creature. He embarks on an adventure uncovering mysteries about his life.,3.9, (755,"https://m.media-amazon.com/images/M/MV5BZDNkY2FiY2QtOGRmMi00NDNlLTg2ZGQtNjljNTQyMmZkNDEwXkEyXkFqcGc@._V1_QL75_UX90_CR0,13,90,133_.jpg",2h 3m,2024.0,A traumatized young man with physical abnormalities is forced to join a mysterious bureau to confront a disaster spreading across the earth caused by an unknown creature he embarks on an adventure uncovering mysteries about his life
Riefenstahl,"Explores Leni Riefenstahl's artistic legacy and her complex ties to the Nazi regime, juxtaposing her self-portrayal with evidence suggesting awareness of the regime's atrocities.",7.2, (1.8K,"https://m.media-amazon.com/images/M/MV5BMTljOTA3NWItZjRlOC00NDg2LWJiZDQtMGIxYmRlZTg0NTJmXkEyXkFqcGc@._V1_QL75_UX90_CR0,0,90,133_.jpg",1h 55m,2024.0,Explores leni riefenstahls artistic legacy and her complex ties to the nazi regime juxtaposing her selfportrayal with evidence suggesting awareness of the regimes atrocities
The Lost Children,"Four Indigenous children are stranded in the Colombian Amazon after their plane crashes. Guided by ancestral knowledge, they're able to survive while awaiting rescue amid the jungle's challenges.",7.0, (3.4K,"https://m.media-amazon.com/images/M/MV5BZjcxZjFhMWItN2Y2MC00MmZhLWExNzEtOTBiNmYyODgyYWRkXkEyXkFqcGc@._V1_QL75_UY133_CR2,0,90,133_.jpg",1h 36m,2024.0,Four indigenous children are stranded in the colombian amazon after their plane crashes guided by ancestral knowledge theyre able to survive while awaiting rescue amid the jungles challenges
Watchmen: Chapter II,"In an alternate 1985 America, a group of retired superheroes investigate a conspiracy after one of their own is murdered.",7.1, (4.4K,"https://m.media-amazon.com/images/M/MV5BOGEyYTQ2ODctNzQ1NS00NWEyLWE5NzEtNjgzYTIwYjlmODE0XkEyXkFqcGc@._V1_QL75_UX90_CR0,1,90,133_.jpg",1h 30m,2024.0,In an alternate  america a group of retired superheroes investigate a conspiracy after one of their own is murdered
Dragonkeeper,"The fate of ancient China rests on the shoulders of one young girl, who must find the last remaining dragon egg and fulfill her destiny.",5.8, (2.2K,"https://m.media-amazon.com/images/M/MV5BMjU3ZjQxNTUtZjEyNC00MjkxLWE5NmYtNGQzNWI0MmE1NzJkXkEyXkFqcGc@._V1_QL75_UX90_CR0,0,90,133_.jpg",1h 38m,2024.0,The fate of ancient china rests on the shoulders of one young girl who must find the last remaining dragon egg and fulfill her destiny
Beneath the Light,"Jacob takes a job at an isolated lighthouse, hoping to reconnect with a childhood friend. As strange events unfold, he grapples with reality, anxiety, and fractured memories while finding romance and an unexpected bond with the owner.",5.5, (216,"https://m.media-amazon.com/images/M/MV5BZTZiMDlmNTctYzUxMi00YjAyLTgzMzQtZDgzZDg4OTM4YTk5XkEyXkFqcGc@._V1_QL75_UY133_CR7,0,90,133_.jpg",1h 33m,2024.0,Jacob takes a job at an isolated lighthouse hoping to reconnect with a childhood friend as strange events unfold he grapples with reality anxiety and fractured memories while finding romance and an unexpected bond with the owner
Fighter,A reckless yet brilliant squadron leader and his team of elite fighter pilots face mortal dangers and inner demons as they unite for a deadly mission.,6.2, (54K,"https://m.media-amazon.com/images/M/MV5BZjdkNDRjNzEtZDY1MS00ZDZkLWJjYzAtZWM0MzEwMjdmY2MxXkEyXkFqcGc@._V1_QL75_UY133_CR2,0,90,133_.jpg",2h 46m,2024.0,A reckless yet brilliant squadron leader and his team of elite fighter pilots face mortal dangers and inner demons as they unite for a deadly mission
Exhibiting Forgiveness,"A Black artist on the path to success is derailed by an unexpected visit from his estranged father, a recovering addict desperate to reconcile. Together, they struggle and learn that forgetting might be a greater challenge than forgiving.",7.0, (1.7K,"https://m.media-amazon.com/images/M/MV5BZGM1NmQ3ZmUtZWRmYi00Yjk3LTg0YjktZWVkMjZlZjgyOTAyXkEyXkFqcGc@._V1_QL75_UX90_CR0,0,90,133_.jpg",1h 57m,2024.0,A black artist on the path to success is derailed by an unexpected visit from his estranged father a recovering addict desperate to reconcile together they struggle and learn that forgetting might be a greater challenge than forgiving
The Courier,Follows a hustler and his rise to the top of the corruption that surrounded the real estate bubble after the arrival of the euro in Spain.,6.1, (5.7K,"https://m.media-amazon.com/images/M/MV5BMzY5NjdlOGYtNTY4Yi00MTdjLTg2ZTYtMGQ5OGI3MTQ5OTkxXkEyXkFqcGc@._V1_QL75_UX90_CR0,0,90,133_.jpg",1h 41m,2024.0,Follows a hustler and his rise to the top of the corruption that surrounded the real estate bubble after the arrival of the euro in spain
All Is Fine in '89,"With the backdrop of the Berlin Wall being torn down, the senior students - and even teachers - at Romano High are prepping for the last field party of the decade - and for some, the last party of their lives.",5.7, (123,"https://m.media-amazon.com/images/M/MV5BOTU2N2VhODAtMzk4My00OThmLWEwNWYtYzVhNDI3YmIwMzYwXkEyXkFqcGc@._V1_QL75_UY133_CR5,0,90,133_.jpg",1h 40m,2024.0,With the backdrop of the berlin wall being torn down the senior students  and even teachers  at romano high are prepping for the last field party of the decade  and for some the last party of their lives
The Front Room,"It tells the story of a newly pregnant couple who are forced to take in an ailing, estranged stepmother.",4.7, (6.6K,"https://m.media-amazon.com/images/M/MV5BNDIwNTNlMzAtYjkzNi00MDNjLWFlOGYtNDI1MDdkNWQwOWIwXkEyXkFqcGc@._V1_QL75_UX90_CR0,0,90,133_.jpg",1h 34m,2024.0,It tells the story of a newly pregnant couple who are forced to take in an ailing estranged stepmother
Grave Torture,Telling about the punishment of the grave which occurred after a man was buried.,6.1, (3.5K,"https://m.media-amazon.com/images/M/MV5BNzdkZmQ2MjUtOTdiMC00ODQ4LThlYmMtZDU3YjY1NDRlNTM3XkEyXkFqcGc@._V1_QL75_UY133_CR0,0,90,133_.jpg",1h 57m,2024.0,Telling about the punishment of the grave which occurred after a man was buried
One to One: John & Yoko,"Set in 1972 New York, this documentary explores John and Yoko's world amid a turbulent era. Centered on the One to One charity concert for special needs children, it features unseen archives, home movies, and restored footage.",7.2, (1.5K,"https://m.media-amazon.com/images/M/MV5BODdlMjhkODYtYWI1My00NTAxLWFkMzItZWE4MzQ4YzFjZGMwXkEyXkFqcGc@._V1_QL75_UX90_CR0,0,90,133_.jpg",1h 41m,2024.0,Set in  new york this documentary explores john and yokos world amid a turbulent era centered on the one to one charity concert for special needs children it features unseen archives home movies and restored footage
Romance on the Ranch,"Sara sells her place and buys a camper to find happiness. Her truck breaks down, and she meets two brothers, Porter and Aiden, who smitten with her and soon she begins to have feelings for them both.",6.8, (611,"https://m.media-amazon.com/images/M/MV5BNmVhMWUyMGYtNTkzNS00MTIwLTg4YzctNTNjODgzNWRlZGU5XkEyXkFqcGc@._V1_QL75_UY133_CR5,0,90,133_.jpg",1h 28m,2024.0,Sara sells her place and buys a camper to find happiness her truck breaks down and she meets two brothers porter and aiden who smitten with her and soon she begins to have feelings for them both
Inheritance,"After the death of eccentric inventor Jan Peszek, a family gathers to inherit his fortune. Unexpectedly, he prepares a last game to test their reconciliation and teamwork.",5.1, (4.2K,"https://m.media-amazon.com/images/M/MV5BOTdhM2I5NGYtOWM0My00NDI3LTg3YWEtNTUyNzdiNDdlZDQ2XkEyXkFqcGc@._V1_QL75_UY133_CR3,0,90,133_.jpg",1h 34m,2024.0,After the death of eccentric inventor jan peszek a family gathers to inherit his fortune unexpectedly he prepares a last game to test their reconciliation and teamwork
Holy Cow,"Totone's carefree teenage life of drinking and dancing takes a turn when he must provide for his 7-year-old sister. Seeking income, he channels his energy into producing an award-winning comté cheese to claim a competition prize.",7.0, (4.2K,"https://m.media-amazon.com/images/M/MV5BNmMwMjRjMWQtZDhmYy00MGY5LThiODgtYjE4YWQzZmYwNjIzXkEyXkFqcGc@._V1_QL75_UX90_CR0,0,90,133_.jpg",1h 32m,2024.0,Totones carefree teenage life of drinking and dancing takes a turn when he must provide for his yearold sister seeking income he channels his energy into producing an awardwinning comt cheese to claim a competition prize
Spin the Bottle,The story of a group of teenagers in small town Texas who unleash a deadly force after playing the famous game in an abandoned house where a grisly massacre once took place.,3.6, (1.6K,"https://m.media-amazon.com/images/M/MV5BZmJjOWJkZmUtZmFhMi00NTg1LWI5Y2QtNTYxOGI4N2M2NDhlXkEyXkFqcGc@._V1_QL75_UX90_CR0,1,90,133_.jpg",2h 4m,2024.0,The story of a group of teenagers in small town texas who unleash a deadly force after playing the famous game in an abandoned house where a grisly massacre once took place
Avicii - I'm Tim,"This is the story of Tim Bergling, a shy and insecure boy who, without realizing it, suddenly created one of the world's most loved artists - Avicii.",7.7, (8.3K,"https://m.media-amazon.com/images/M/MV5BYmJiNjAyZmMtOTkyOS00ZmI0LWI0MWMtYmQ0ZDQzYWU1NDVlXkEyXkFqcGc@._V1_QL75_UY133_CR8,0,90,133_.jpg",1h 35m,2024.0,This is the story of tim bergling a shy and insecure boy who without realizing it suddenly created one of the worlds most loved artists  avicii
Amar Singh Chamkila,"Follows the life of pop star duo Amar Singh Chamkila and Amarjot Kaur, whose songs that were social commentaries or devotionals became massive hits in the 80's.",7.8, (17K,"https://m.media-amazon.com/images/M/MV5BYTc1NzAwMGItZWNiNS00ZWI4LWE0ZTEtMmI4OTcyODYzZWQ2XkEyXkFqcGc@._V1_QL75_UY133_CR8,0,90,133_.jpg",2h 25m,2024.0,Follows the life of pop star duo amar singh chamkila and amarjot kaur whose songs that were social commentaries or devotionals became massive hits in the s
Colors of Evil: Red,"When a girl's body is found on a beach in Poland's Tricity, a prosecutor teams up with the victim's mother on an impassioned quest for the truth.",6.4, (9.4K,"https://m.media-amazon.com/images/M/MV5BZWQ0OTAzMjMtNTJkYS00ODUwLTg5NGYtYTUwOWMzZjU1NThlXkEyXkFqcGc@._V1_QL75_UX90_CR0,1,90,133_.jpg",1h 51m,2024.0,When a girls body is found on a beach in polands tricity a prosecutor teams up with the victims mother on an impassioned quest for the truth
Love Across Time,A real estate inspector working in England at an old Georgian manor accidentally opens a portal to its 18th-century past and its dashing then-owner.,7.0, (1.2K,"https://m.media-amazon.com/images/M/MV5BOTVlY2JlNGQtOWMwZC00OWQ2LThkM2MtNmI1ODAxNjI3ZDUwXkEyXkFqcGc@._V1_QL75_UY133_CR5,0,90,133_.jpg",1h 36m,2024.0,A real estate inspector working in england at an old georgian manor accidentally opens a portal to its thcentury past and its dashing thenowner
Armor,A father and son working as security guards for an armored truck company encounter a team of would-be robbers while on a bridge. They become trapped and must come up with a plan to escape and ensure their survival.,3.6, (5.5K,"https://m.media-amazon.com/images/M/MV5BMGFiM2VkMmUtZWU5Yy00NjAyLWEwN2QtNGQ4OGQ2ZGE3MDZjXkEyXkFqcGc@._V1_QL75_UX90_CR0,1,90,133_.jpg",1h 29m,2024.0,A father and son working as security guards for an armored truck company encounter a team of wouldbe robbers while on a bridge they become trapped and must come up with a plan to escape and ensure their survival
El 47,"Inspired on the true story of Manolo Vital, a bus driver who helped create the modern Barcelona during the 1970s city's boom.",7.2, (4.9K,"https://m.media-amazon.com/images/M/MV5BMTY2ZmY3MGEtMjkyNi00OWU4LTk3YWItZmRkNTk1OTA4YmE1XkEyXkFqcGc@._V1_QL75_UY133_CR2,0,90,133_.jpg",1h 50m,2024.0,Inspired on the true story of manolo vital a bus driver who helped create the modern barcelona during the s citys boom
Sound of Hope: The Story of Possum Trot,"The true story of Donna and Reverend WC Martin and their church in East Texas, in which 22 families adopted 77 children from the local foster system, igniting a movement for vulnerable children everywhere.",7.1, (2.5K,"https://m.media-amazon.com/images/M/MV5BOTkzYmNlZjQtYTRhMC00OWEyLTlmOGEtNGZmNTllMWExMGU1XkEyXkFqcGc@._V1_QL75_UX90_CR0,0,90,133_.jpg",2h 10m,2024.0,The true story of donna and reverend wc martin and their church in east texas in which  families adopted  children from the local foster system igniting a movement for vulnerable children everywhere
Sookshma Darshini,"Manuel returns with his mother to their former home in a middle-class neighbourhood. Suspicious of his intentions, Priyadarshini and her friends begin gathering clues, convinced he may be hiding something sinister.",7.8, (13K,"https://m.media-amazon.com/images/M/MV5BZDBmY2U2MGUtMWIxNi00ZWNjLTg5OWMtZWFhNDU0M2I4OTIzXkEyXkFqcGc@._V1_QL75_UY133_CR8,0,90,133_.jpg",2h 22m,2024.0,Manuel returns with his mother to their former home in a middleclass neighbourhood suspicious of his intentions priyadarshini and her friends begin gathering clues convinced he may be hiding something sinister
The Last Breath,A group of old college friends reunite on a Caribbean scuba diving trip exploring the wreckage of a WWII battleship and find themselves trapped inside the underwater labyrinth of rusted metal surrounded by great white sharks.,4.7, (3K,"https://m.media-amazon.com/images/M/MV5BY2Q3MjQ3ZjMtMmQ3My00MTNlLWI5NzEtYzJjMTE3OWQyNjQ3XkEyXkFqcGc@._V1_QL75_UX90_CR0,1,90,133_.jpg",1h 36m,2024.0,A group of old college friends reunite on a caribbean scuba diving trip exploring the wreckage of a wwii battleship and find themselves trapped inside the underwater labyrinth of rusted metal surrounded by great white sharks
Let's Start a Cult,"After missing out on a long-awaited mass suicide, an obnoxious cult member teams up with his former leader to gain a new following.",5.9, (2.1K,"https://m.media-amazon.com/images/M/MV5BMzlmNTMyMGUtMDBmYi00NTI2LTg0YjYtMTZhM2JmMDg2MjkyXkEyXkFqcGc@._V1_QL75_UX90_CR0,0,90,133_.jpg",1h 30m,2024.0,After missing out on a longawaited mass suicide an obnoxious cult member teams up with his former leader to gain a new following
How to Date Billy Walsh,"Follows a pair of childhood friends: Amelia and Archie. Archie has always kept his love for her a secret, but just as he builds up the courage to declare his feelings, Amelia falls for Billy Walsh, the new transfer student.",5.2, (4.3K,"https://m.media-amazon.com/images/M/MV5BM2Y2NDRkYzAtZDVkNi00OGI5LWEyOWYtYmJkYjk0NTEyMDJjXkEyXkFqcGc@._V1_QL75_UY133_CR5,0,90,133_.jpg",1h 38m,2024.0,Follows a pair of childhood friends amelia and archie archie has always kept his love for her a secret but just as he builds up the courage to declare his feelings amelia falls for billy walsh the new transfer student
Gunner,"Lee Gunner tries to save his sons, Luke and Travis, from a dangerous drug gang.",3.1, (3.3K,"https://m.media-amazon.com/images/M/MV5BNTIxZDA0NjctZWVjMi00NDIwLWI1YTUtZDY5M2E0NTI3Njg1XkEyXkFqcGc@._V1_QL75_UX90_CR0,0,90,133_.jpg",1h 46m,2024.0,Lee gunner tries to save his sons luke and travis from a dangerous drug gang
Matt and Mara,"A young professor struggles in her marriage, only to meet Matt, a man from her past who wanders onto her university campus.",6.5, (1.4K,"https://m.media-amazon.com/images/M/MV5BODNlYmQ5ZDgtOTgyMC00MTBlLThjNWQtNGYwNGE3OWRhZTQzXkEyXkFqcGc@._V1_QL75_UY133_CR8,0,90,133_.jpg",1h 20m,2024.0,A young professor struggles in her marriage only to meet matt a man from her past who wanders onto her university campus
The Goat Life,"An Indian man seeking work follows a job lead to Saudi Arabia, only to find himself forced to labor without pay as a goat herder in the remote desert.",7.1, (50K,"https://m.media-amazon.com/images/M/MV5BMjJiNjk2MzgtYWIzNy00Yzc0LTg4YzUtYjQ5OGZjZTc1YjU0XkEyXkFqcGc@._V1_QL75_UY133_CR8,0,90,133_.jpg",2h 53m,2024.0,An indian man seeking work follows a job lead to saudi arabia only to find himself forced to labor without pay as a goat herder in the remote desert
The Great Lillian Hall,"Lillian Hall, a Broadway actress, has never missed a performance throughout her long, illustrious career. Yet in the rehearsals her confidence is challenged. People and events conspire to take away her ability to do what she loves most.",7.3, (2.4K,"https://m.media-amazon.com/images/M/MV5BMDIzMWI0MDUtYjVhZi00OWMyLWE5ZmEtYWMyMWVlNjcyYjZkXkEyXkFqcGc@._V1_QL75_UX90_CR0,0,90,133_.jpg",1h 50m,2024.0,Lillian hall a broadway actress has never missed a performance throughout her long illustrious career yet in the rehearsals her confidence is challenged people and events conspire to take away her ability to do what she loves most
Macbeth,"Macbeth encounters witches who foretell his kingship. Lady Macbeth hatches a plot to seize the throne. Guilt and paranoia consume them as rebellion and Lady Macbeth's spiral lead to their downfall, prophecies' sinister unraveling.",7.9, (191,"https://m.media-amazon.com/images/M/MV5BM2UyODI0MjMtZjk0ZS00MTkzLWEwNDUtOTkxMzRhZjA5MzcyXkEyXkFqcGc@._V1_QL75_UX90_CR0,0,90,133_.jpg",2h 36m,2024.0,Macbeth encounters witches who foretell his kingship lady macbeth hatches a plot to seize the throne guilt and paranoia consume them as rebellion and lady macbeths spiral lead to their downfall prophecies sinister unraveling
Haikyu!! The Dumpster Battle,"Despite a strong field, the Karasuno High volleyball team advances past the preliminary round of the Harutaka tournament in Miyagi prefecture to reach the third round.",7.7, (7.7K,"https://m.media-amazon.com/images/M/MV5BZWFiNmRkY2MtN2ViZC00MzhhLWI0YWYtNzVlZWFmZDI3ZjE3XkEyXkFqcGc@._V1_QL75_UX90_CR0,1,90,133_.jpg",1h 25m,2024.0,Despite a strong field the karasuno high volleyball team advances past the preliminary round of the harutaka tournament in miyagi prefecture to reach the third round
Kill the Jockey,"Remo's self-destructive behavior overshadows his talent. Abril, an upcoming jockey is pregnant by Remo and has to decide between child or continuing to race. They both race for Sirena, a businessman who saved Remo's life in the past .",6.3, (2.9K,"https://m.media-amazon.com/images/M/MV5BM2M2ZWQ4MDctMmEwZi00MDM1LTg1ODgtMTc2Y2Y4ZTg4NzdmXkEyXkFqcGc@._V1_QL75_UX90_CR0,0,90,133_.jpg",1h 36m,2024.0,Remos selfdestructive behavior overshadows his talent abril an upcoming jockey is pregnant by remo and has to decide between child or continuing to race they both race for sirena a businessman who saved remos life in the past 
"Beautiful Evening, Beautiful Day","Four close friends are renowned filmmakers in Yugoslavia in the 1950s, but their sexual orientation raises suspicion. A communist party loyalist is sent to sabotage their lives, turning their pursuit of freedom into a battle for survival.",8.2, (504,"https://m.media-amazon.com/images/M/MV5BNzhhYzc2YzQtZjAwZi00ZjNjLWE4ZDEtOWU4MWIyN2VhODhjXkEyXkFqcGc@._V1_QL75_UY133_CR2,0,90,133_.jpg",2h 17m,2024.0,Four close friends are renowned filmmakers in yugoslavia in the s but their sexual orientation raises suspicion a communist party loyalist is sent to sabotage their lives turning their pursuit of freedom into a battle for survival
#MissingCouple,"A real #vanlife couple were on an adventure to renovate an abandoned farm in middle-of-nowhere Mississippi. Cameras blazing, they chronicled their project on social media. But the farm was full of disturbing surprises, especially at night.",5.3, (1.2K,"https://m.media-amazon.com/images/M/MV5BNDcwNTA1NjMtMzQ1YS00NzdmLWFkMzAtMmQyMzM5YmUwMjg1XkEyXkFqcGc@._V1_QL75_UX90_CR0,1,90,133_.jpg",1h 33m,2024.0,A real vanlife couple were on an adventure to renovate an abandoned farm in middleofnowhere mississippi cameras blazing they chronicled their project on social media but the farm was full of disturbing surprises especially at night
Escape from the 21st Century,"Three friends discover they have the power to travel back and forth 20 years with a sneeze. However, the future is not as good as they hoped, and they need to take on the responsibility of saving the world.",6.4, (1.5K,"https://m.media-amazon.com/images/M/MV5BOTc5MDJkZGYtNjc1Mi00ZDhkLTk5ODktYzkyMzg1M2U3NWMxXkEyXkFqcGc@._V1_QL75_UX90_CR0,1,90,133_.jpg",1h 38m,2024.0,Three friends discover they have the power to travel back and forth  years with a sneeze however the future is not as good as they hoped and they need to take on the responsibility of saving the world
Reading Lolita in Tehran,The autobiographical story of a fearless teacher who secretly gathers seven of her female students to read forbidden Western classics in revolutionary Iran.,6.1, (1.1K,"https://m.media-amazon.com/images/M/MV5BMjg4MzU2OTAtYjBmMy00OTQ0LWJhZGEtN2IzZjc3OTRiYmM1XkEyXkFqcGc@._V1_QL75_UY133_CR2,0,90,133_.jpg",1h 48m,2024.0,The autobiographical story of a fearless teacher who secretly gathers seven of her female students to read forbidden western classics in revolutionary iran
Daddy's Head,A boy and his stepmother fear for their safety after an eerie creature resembling the boy's recently deceased father visits them.,5.6, (6.4K,"https://m.media-amazon.com/images/M/MV5BYmIwZTg5OTktOWM2YS00MjA5LWFlOWEtZTY0ZTk1MWZlNjgzXkEyXkFqcGc@._V1_QL75_UX90_CR0,1,90,133_.jpg",1h 32m,2024.0,A boy and his stepmother fear for their safety after an eerie creature resembling the boys recently deceased father visits them
Ultraman: Rising,"Ken Sato is a superstar baseball player who returns to Japan to become the latest hero to carry the mantle of Ultraman. However, he is compelled to raise a newborn kaiju monster, the offspring of his greatest enemy, as his own child.",6.9, (7.3K,"https://m.media-amazon.com/images/M/MV5BYzlhM2QwZDktNTdhOS00NGFjLTkxMzQtZmVmZDFlYzgxZjUxXkEyXkFqcGc@._V1_QL75_UX90_CR0,0,90,133_.jpg",1h 57m,2024.0,Ken sato is a superstar baseball player who returns to japan to become the latest hero to carry the mantle of ultraman however he is compelled to raise a newborn kaiju monster the offspring of his greatest enemy as his own child
Dead Mail,"An ominous help note finds its way to a 1980s post office, connecting a dead letter investigator to a kidnapped keyboard technician.",6.0, (3.3K,"https://m.media-amazon.com/images/M/MV5BYzVkYmRjZDgtMjdlYy00ODRjLWJjNmUtNGQ0ZmQyN2ZmNmI3XkEyXkFqcGc@._V1_QL75_UX90_CR0,0,90,133_.jpg",1h 46m,2024.0,An ominous help note finds its way to a s post office connecting a dead letter investigator to a kidnapped keyboard technician
The Ties That Bind Us,"Exploring the challenges of modern family structures, the film follows a single father, a feminist librarian and a child seeking a place to belong as they navigate love and desires. It questions what it means to be a family.",7.2, (1.6K,"https://m.media-amazon.com/images/M/MV5BMGYzMjhlYTQtZTYwMi00ZWYxLTllZjAtZDNiZjg4ODYzOWIzXkEyXkFqcGc@._V1_QL75_UY133_CR4,0,90,133_.jpg",1h 46m,2024.0,Exploring the challenges of modern family structures the film follows a single father a feminist librarian and a child seeking a place to belong as they navigate love and desires it questions what it means to be a family
The American Society of Magical Negroes,A young man is recruited into a secret society of magical black people who dedicate their lives to a cause of utmost importance: making white people's lives easier.,3.8, (13K,"https://m.media-amazon.com/images/M/MV5BYTk0YWRlNjAtY2NhZi00MWIxLWIwMTUtMmJhOTcwMjM1MzlhXkEyXkFqcGc@._V1_QL75_UX90_CR0,0,90,133_.jpg",1h 44m,2024.0,A young man is recruited into a secret society of magical black people who dedicate their lives to a cause of utmost importance making white peoples lives easier
My Hero Academia: You're Next,"Deku, Bakugo, Todoroki and the rest of U.A. High Class 1-A must face off against Dark Might and the obscure crime organisation under his control, the Gollini Family.",7.0, (3.7K,"https://m.media-amazon.com/images/M/MV5BNGVmZDJhNjItYzdlOC00ODA2LWFkYjctY2NmMzNiZTQ2NTVjXkEyXkFqcGc@._V1_QL75_UY133_CR2,0,90,133_.jpg",1h 50m,2024.0,Deku bakugo todoroki and the rest of ua high class a must face off against dark might and the obscure crime organisation under his control the gollini family
Premalu,"Sachin's quest for love takes unexpected turns, creating a laughter-filled love triangle.",7.8, (23K,"https://m.media-amazon.com/images/M/MV5BZmYzYjA5OTktNTJlMy00NmU2LTk0M2ItOTc2NDlhOTI1ODAzXkEyXkFqcGc@._V1_QL75_UY133_CR1,0,90,133_.jpg",2h 36m,2024.0,Sachins quest for love takes unexpected turns creating a laughterfilled love triangle
The Good Teacher,"When a Literature teacher is confronted with a teenage student's complaint of inappropriate behavior, he is called upon to fight to protect his name, his position in the school, and his longtime gay relationship, which no one knows.",6.6, (2.5K,"https://m.media-amazon.com/images/M/MV5BYWU3N2RjNGMtNTAwOS00MDQyLThjYjItZDM0NWYyNjY3NDdhXkEyXkFqcGc@._V1_QL75_UY133_CR5,0,90,133_.jpg",1h 31m,2024.0,When a literature teacher is confronted with a teenage students complaint of inappropriate behavior he is called upon to fight to protect his name his position in the school and his longtime gay relationship which no one knows
Ferry 2,"After losing his drug empire, Ferry Bouman seems to have found peace away from Brabant's underworld. Why would he put it all on the line and come back?",5.6, (4.3K,"https://m.media-amazon.com/images/M/MV5BY2M2N2NiZjEtZDYwZi00YzlhLWFkZDEtMzRhNmE4MzM4YjliXkEyXkFqcGc@._V1_QL75_UY133_CR3,0,90,133_.jpg",1h 34m,2024.0,After losing his drug empire ferry bouman seems to have found peace away from brabants underworld why would he put it all on the line and come back
Goyo,"A young autistic museum guide lives by a strict routine until he falls in love with his coworker and must confront a whirlwind of new, intense emotions.",6.6, (2.4K,"https://m.media-amazon.com/images/M/MV5BYWVlOTUzN2UtNWEyMC00NTM5LTlmOWQtY2Q3ZDdmODI2YTc5XkEyXkFqcGc@._V1_QL75_UY133_CR3,0,90,133_.jpg",1h 46m,2024.0,A young autistic museum guide lives by a strict routine until he falls in love with his coworker and must confront a whirlwind of new intense emotions
Everyone Is Going to Die,An entrepreneur is attempting to reconnect with his daughter on her Birthday. The party is interrupted and they are taken hostage by two masked female robbers who appear to have real problems with the Patriarchy.,3.8, (655,"https://m.media-amazon.com/images/M/MV5BZjgyM2ZkYzYtNjE3OC00ZGE2LTkyMzktZjY4NjgxOWY2MmE4XkEyXkFqcGc@._V1_QL75_UX90_CR0,0,90,133_.jpg",1h 24m,2024.0,An entrepreneur is attempting to reconnect with his daughter on her birthday the party is interrupted and they are taken hostage by two masked female robbers who appear to have real problems with the patriarchy
Lola,"Lola James works to save enough money to get her little brother, Arlo, out of their toxic home. Arlo keeps her hopeful, until one tragic night, when her whole world gets uprooted. From that moment on, nothing will ever be the same.",3.8, (1.3K,"https://m.media-amazon.com/images/M/MV5BZjI3MTEyODgtYjZiMi00ODY1LWIzMjgtNTRmNGI2OTVlNjljXkEyXkFqcGc@._V1_QL75_UX90_CR0,0,90,133_.jpg",1h 24m,2024.0,Lola james works to save enough money to get her little brother arlo out of their toxic home arlo keeps her hopeful until one tragic night when her whole world gets uprooted from that moment on nothing will ever be the same
Through My Window: Looking at You,"After the events of the summer, Ares and Raquel can't find a way to carry on their relationship and decide to go their separate ways. When they see each other again in winter, the love and attraction they feel for each other is undeniable.",5.5, (6.6K,"https://m.media-amazon.com/images/M/MV5BOWNiNTAwOWItNjY4NC00MzY1LTk5NzEtYzE0Mzk2YWNhMjc2XkEyXkFqcGc@._V1_QL75_UY133_CR1,0,90,133_.jpg",1h 45m,2024.0,After the events of the summer ares and raquel cant find a way to carry on their relationship and decide to go their separate ways when they see each other again in winter the love and attraction they feel for each other is undeniable
Maldoror,"Two girls vanish. Police recruit Paul Chartier joins a covert unit tracking a sex offender. After the operation falters, Chartier pursues the perpetrators independently, disillusioned with legal constraints.",6.6, (1.9K,"https://m.media-amazon.com/images/M/MV5BYzNiODkyODAtN2ZlZS00ZjJmLWI3YWQtYjU5YzBiYzg5Njk5XkEyXkFqcGc@._V1_QL75_UY133_CR4,0,90,133_.jpg",2h 35m,2024.0,Two girls vanish police recruit paul chartier joins a covert unit tracking a sex offender after the operation falters chartier pursues the perpetrators independently disillusioned with legal constraints
A Little Something Extra,"To escape the police, a son and his father find refuge in a summer camp for young adults with disabilities, posing as a resident and his educator. The beginning of trouble and a wonderful human experience that will change them forever.",7.0, (6.3K,"https://m.media-amazon.com/images/M/MV5BZTAwODk4M2UtNjEyZC00Y2QzLWJlZDEtNjY2YmE5NGExMzVjXkEyXkFqcGc@._V1_QL75_UY133_CR4,0,90,133_.jpg",1h 39m,2024.0,To escape the police a son and his father find refuge in a summer camp for young adults with disabilities posing as a resident and his educator the beginning of trouble and a wonderful human experience that will change them forever
The Thundermans Return,"It centers on the family as they begin a new era of superhero crimefighting. When one save goes wrong, the Thundermans are sent back to Hiddenville.",5.0, (2.1K,"https://m.media-amazon.com/images/M/MV5BNzg2ZTgxMzUtZDUzNy00M2Y0LWE2NzItZjdmNzE5NmZlY2NlXkEyXkFqcGc@._V1_QL75_UY133_CR8,0,90,133_.jpg",1h 10m,2024.0,It centers on the family as they begin a new era of superhero crimefighting when one save goes wrong the thundermans are sent back to hiddenville
The Beautiful Game,Advocates to end homelessness organize an annual tournament for homeless men to compete in a series of football matches known as The Homeless World Cup.,6.3, (8.8K,"https://m.media-amazon.com/images/M/MV5BMzFhMDY4ZjMtM2I4MS00ODE1LWJhNDMtMzg0Njc1M2ZjZGMyXkEyXkFqcGc@._V1_QL75_UX90_CR0,1,90,133_.jpg",2h 5m,2024.0,Advocates to end homelessness organize an annual tournament for homeless men to compete in a series of football matches known as the homeless world cup
The Parades,"A mother searches for her missing son after a devastating calamity, only to realize that she has died and is now confined to a realm of restless spirits.",6.6, (1K,"https://m.media-amazon.com/images/M/MV5BM2ViNTk0NTEtYjVlYi00NzQzLTk3MWEtNmU1Y2VhMzRjMDMyXkEyXkFqcGc@._V1_QL75_UX90_CR0,0,90,133_.jpg",2h 12m,2024.0,A mother searches for her missing son after a devastating calamity only to realize that she has died and is now confined to a realm of restless spirits
The Paradise of Thorns,"Unmarried gay couple builds home, durian farm together. After one partner's accidental death, his family seizes assets due to lack of legal marriage recognition. Surviving partner fights to reclaim their shared property and life's work.",7.6, (1.7K,"https://m.media-amazon.com/images/M/MV5BMzZlMmQwZjktZjQ3Yy00MzJjLTliYzYtNzIxMWE0MWM0M2U0XkEyXkFqcGc@._V1_QL75_UY133_CR2,0,90,133_.jpg",2h 11m,2024.0,Unmarried gay couple builds home durian farm together after one partners accidental death his family seizes assets due to lack of legal marriage recognition surviving partner fights to reclaim their shared property and lifes work
Grafted,A bright but socially awkward exchange student takes her craving for popularity to horrifying heights.,5.6, (3.3K,"https://m.media-amazon.com/images/M/MV5BYTljYWQwNDktZGE2MS00YWE1LThkY2YtN2ZkNTJmOTAwNGU4XkEyXkFqcGc@._V1_QL75_UY133_CR2,0,90,133_.jpg",1h 36m,2024.0,A bright but socially awkward exchange student takes her craving for popularity to horrifying heights
Bad Shabbos,An engaged interfaith couple are about to have their parents meet for the first time over a Shabbat dinner when an accidental death gets in the way.,6.4, (1.5K,"https://m.media-amazon.com/images/M/MV5BODUwZDJmMTQtNTdmMi00NmQzLWFjNzItNTNlOWRjNDg4Y2E5XkEyXkFqcGc@._V1_QL75_UX90_CR0,1,90,133_.jpg",1h 24m,2024.0,An engaged interfaith couple are about to have their parents meet for the first time over a shabbat dinner when an accidental death gets in the way
Axes and Os,"Four college girls on a weekend getaway are hunted by a legendary ax murderer, until the hunter becomes the prey when one female turns out to be something otherworldly.",7.4, (20,"https://m.media-amazon.com/images/M/MV5BN2EzY2Q4MWQtMzM0Yi00MWM5LWE3Y2EtMTI2ODlkY2M1MjVkXkEyXkFqcGc@._V1_QL75_UY133_CR5,0,90,133_.jpg",,2024.0,Four college girls on a weekend getaway are hunted by a legendary ax murderer until the hunter becomes the prey when one female turns out to be something otherworldly
The Soul Eater,"When violent and gruesome deaths starts plaguing a small mountain village, an old legend about a malevolent creature resurfaces.",5.8, (3.7K,"https://m.media-amazon.com/images/M/MV5BMGRhNTZhYzAtY2VmMy00MmJjLTg1MTYtY2E3OTdkNjA2NDZmXkEyXkFqcGc@._V1_QL75_UY133_CR2,0,90,133_.jpg",1h 48m,2024.0,When violent and gruesome deaths starts plaguing a small mountain village an old legend about a malevolent creature resurfaces
The Best Christmas Pageant Ever,Nobody is ready for the mayhem and surprises that ensue when six of the worst youngsters disrupt the town's yearly Christmas performance.,6.8, (8.4K,"https://m.media-amazon.com/images/M/MV5BMmZhOTNkYmEtMjRlNC00YzViLWFlNGMtNWFmN2FiODM5NmYzXkEyXkFqcGc@._V1_QL75_UX90_CR0,1,90,133_.jpg",1h 39m,2024.0,Nobody is ready for the mayhem and surprises that ensue when six of the worst youngsters disrupt the towns yearly christmas performance
The New Year That Never Came,"On the brink of revolution in 1989 Romania, six lives intersect amid protests and personal struggles, leading to the explosive fall of Ceausescu and the communist regime.",8.1, (6.4K,"https://m.media-amazon.com/images/M/MV5BOTUyN2NjYzEtZmE5My00NmUzLWFjMTgtYjY1NGMxMWM0MTVlXkEyXkFqcGc@._V1_QL75_UY133_CR2,0,90,133_.jpg",2h 18m,2024.0,On the brink of revolution in  romania six lives intersect amid protests and personal struggles leading to the explosive fall of ceausescu and the communist regime
Tikdam,"In a small hill town, a father plans to migrate to the big city. However, his young children embark on an adventurous mission to stop him, using every trick in the book. Will their efforts keep the family together?",7.7, (509,"https://m.media-amazon.com/images/M/MV5BYzkyYTkzYmMtZjVmOS00MzU1LTgwZjYtMDAxNTkzODgxODM1XkEyXkFqcGc@._V1_QL75_UY133_CR8,0,90,133_.jpg",1h 57m,2024.0,In a small hill town a father plans to migrate to the big city however his young children embark on an adventurous mission to stop him using every trick in the book will their efforts keep the family together
Handsome Guys,"Self-proclaimed tough guys 'Jae-pil' and 'Sang-gu' move into their dream European-style house. When unwanted visitors arrive, awakening an evil spirit hitherto sealed in the basement, a dark aura begins to envelop the house.",6.5, (1.8K,"https://m.media-amazon.com/images/M/MV5BYWU1YWMxN2UtMTY2OS00ZTc5LTg4ZjYtZjE3ZTIyZGM1YTk5XkEyXkFqcGc@._V1_QL75_UX90_CR0,1,90,133_.jpg",1h 41m,2024.0,Selfproclaimed tough guys jaepil and sanggu move into their dream europeanstyle house when unwanted visitors arrive awakening an evil spirit hitherto sealed in the basement a dark aura begins to envelop the house
Alien: Rubicon,A series of alien spheres land on planet Earth destroying everything in their path with ease. It's up to a scientist and the President of the USA to find a way to stop the alien invasion.,2.4, (1.1K,"https://m.media-amazon.com/images/M/MV5BYzMxMTgyMWEtMDQ4ZC00OTc5LTk1OGQtZjJjY2U2MTRkNmU4XkEyXkFqcGc@._V1_QL75_UX90_CR0,1,90,133_.jpg",1h 26m,2024.0,A series of alien spheres land on planet earth destroying everything in their path with ease its up to a scientist and the president of the usa to find a way to stop the alien invasion
Guns & Moses,A beloved small town rabbi in the high desert becomes an unlikely gunslinger after his community is violently attacked.,5.4, (903,"https://m.media-amazon.com/images/M/MV5BZjZiMTBiYWMtMTZjZi00OTMxLWI5NmUtMWE2OTFmZjQwMDI1XkEyXkFqcGc@._V1_QL75_UX90_CR0,0,90,133_.jpg",1h 34m,2024.0,A beloved small town rabbi in the high desert becomes an unlikely gunslinger after his community is violently attacked
One Fast Move,"A young man seeks out his estranged father to pursue his dream of becoming a professional motorcycle racer. With help from his love interest and a motorcycle shop owner, he begins to break down the walls his father's absence had created.",5.0, (2.5K,"https://m.media-amazon.com/images/M/MV5BZmU1ZGMyYWQtNjg4Yi00ZGJlLWEyOGYtZTExZTNkMjA5YTNjXkEyXkFqcGc@._V1_QL75_UX90_CR0,1,90,133_.jpg",1h 48m,2024.0,A young man seeks out his estranged father to pursue his dream of becoming a professional motorcycle racer with help from his love interest and a motorcycle shop owner he begins to break down the walls his fathers absence had created
La Cocina,"In the heart of a bustling Times Square kitchen, dreams and desperation collide as the staff each chase the elusive American dream.",7.0, (4.8K,"https://m.media-amazon.com/images/M/MV5BMGYyYjI3MGQtNGIzNS00MTgxLWE2NDctMmZlNzE5OGY4NTY3XkEyXkFqcGc@._V1_QL75_UY133_CR0,0,90,133_.jpg",2h 19m,2024.0,In the heart of a bustling times square kitchen dreams and desperation collide as the staff each chase the elusive american dream
Apocalypse in the Tropics,An exploration of the profound impact of evangelism on Brazil's political landscape.,7.5, (2.7K,"https://m.media-amazon.com/images/M/MV5BZmIyNTViNGItNWJmYy00ZDY2LWE2MGMtMDQ0NDE4ZjhkY2I4XkEyXkFqcGc@._V1_QL75_UX90_CR0,1,90,133_.jpg",1h 50m,2024.0,An exploration of the profound impact of evangelism on brazils political landscape
Black Box Diaries,"Journalist Shiori Ito investigates her own sexual assault, seeking to prosecute the high-profile offender. Her quest becomes a landmark case, exposing Japan's outdated judicial and societal systems.",7.5, (4.4K,"https://m.media-amazon.com/images/M/MV5BYTNiMTk5Y2ItOTNlZi00OGYxLTljMmUtZTJiNzEzZjliZmVmXkEyXkFqcGc@._V1_QL75_UY133_CR2,0,90,133_.jpg",1h 42m,2024.0,Journalist shiori ito investigates her own sexual assault seeking to prosecute the highprofile offender her quest becomes a landmark case exposing japans outdated judicial and societal systems
Horror in the High Desert 3: Firewatch,"As a wildfire bears down on the opposite side of the state, Oscar Mendoza, armed with a secret, takes advantage of the distraction and journeys to Northeastern Nevada in search of missing outdoorsman Gary Hinge's last known whereabouts.",5.4, (986,"https://m.media-amazon.com/images/M/MV5BZjEyOGZiNGUtZTJmNS00N2NiLTlmOTEtY2E5YmY2YWY4YzliXkEyXkFqcGc@._V1_QL75_UY133_CR5,0,90,133_.jpg",1h 28m,2024.0,As a wildfire bears down on the opposite side of the state oscar mendoza armed with a secret takes advantage of the distraction and journeys to northeastern nevada in search of missing outdoorsman gary hinges last known whereabouts
Levels,"After witnessing his girlfriend's murder, a man risks everything - including reality itself - to discover the truth.",5.0, (2K,"https://m.media-amazon.com/images/M/MV5BOTAxMmVlMzQtMTgxOS00NDQ5LWJmZTctZTc1OGNlZmU5M2EyXkEyXkFqcGc@._V1_QL75_UY133_CR1,0,90,133_.jpg",1h 33m,2024.0,After witnessing his girlfriends murder a man risks everything  including reality itself  to discover the truth
Trouble,"Conny, a divorced salesman, gets wrongfully imprisoned for murder. There, he meets criminals who mistake him for a pilot like his ex-wife's new boyfriend. Chaos ensues as he navigates life behind bars while separated from his daughter.",6.2, (7.8K,"https://m.media-amazon.com/images/M/MV5BOTMwZmFkZjctOGJhMi00ZmQyLTk4ODAtYTM0OTFlNjkyZTVlXkEyXkFqcGc@._V1_QL75_UY133_CR3,0,90,133_.jpg",1h 38m,2024.0,Conny a divorced salesman gets wrongfully imprisoned for murder there he meets criminals who mistake him for a pilot like his exwifes new boyfriend chaos ensues as he navigates life behind bars while separated from his daughter
The Fire Inside,Claressa Shields becomes the first American woman to win a gold medal only to learn that not all dreams are created equal.,6.7, (3.5K,"https://m.media-amazon.com/images/M/MV5BYjI4YmU1MTAtOGVkZi00NWI5LTljMGItZjhlYWU2YzEzNzg1XkEyXkFqcGc@._V1_QL75_UX90_CR0,0,90,133_.jpg",1h 49m,2024.0,Claressa shields becomes the first american woman to win a gold medal only to learn that not all dreams are created equal
The Greatest Night in Pop,"On January 28th 1985, dozens of the era's most popular musicians gathered in Los Angeles to record a charity single for African famine relief. Setting egos aside, they collaborated on a song that would make history.",7.9, (16K,"https://m.media-amazon.com/images/M/MV5BNDhiMmU0YzEtNzE0Mi00OTRmLWEyMjAtZWRhNzJlZmRiM2U2XkEyXkFqcGc@._V1_QL75_UX90_CR0,0,90,133_.jpg",1h 36m,2024.0,On january th  dozens of the eras most popular musicians gathered in los angeles to record a charity single for african famine relief setting egos aside they collaborated on a song that would make history
Else,"A romance blossoms between an introvert and a confident woman, but their relationship faces a threat when a strange epidemic causes the infected to merge with their surroundings, trapping the couple in a shapeshifting nightmare.",5.4, (825,"https://m.media-amazon.com/images/M/MV5BNmZiZGM1ZWYtMWFiNS00NDhiLThhNzYtYzY2M2Q0YjM1YWM5XkEyXkFqcGc@._V1_QL75_UY133_CR2,0,90,133_.jpg",1h 42m,2024.0,A romance blossoms between an introvert and a confident woman but their relationship faces a threat when a strange epidemic causes the infected to merge with their surroundings trapping the couple in a shapeshifting nightmare
The Strange Dark,"With her family's safety on the line, Susan must choose who to trust: her husband, who claims he can see the future, or the mysterious strangers at her door.",5.4, (405,"https://m.media-amazon.com/images/M/MV5BZTUwYzA5ODItYTI1Zi00NmI3LWE5NzEtOGExMDZiNGMzYmQ1XkEyXkFqcGc@._V1_QL75_UX90_CR0,0,90,133_.jpg",1h 24m,2024.0,With her familys safety on the line susan must choose who to trust her husband who claims he can see the future or the mysterious strangers at her door
Long Gone Heroes,"A special forces soldier who has given up country, religion, and even hope, must return to the field of battle to track down his niece, a reporter, caught in the middle of an illegal private contracting operation that went dead wrong.",5.1, (1.9K,"https://m.media-amazon.com/images/M/MV5BN2U3OGI5OTQtOWZmZS00YTJmLTkwMzYtZjVmNGNkN2QzMzI4XkEyXkFqcGc@._V1_QL75_UY133_CR0,0,90,133_.jpg",1h 41m,2024.0,A special forces soldier who has given up country religion and even hope must return to the field of battle to track down his niece a reporter caught in the middle of an illegal private contracting operation that went dead wrong
My Name Is Loh Kiwan,"After defecting from North Korea, Loh Kiwan struggles to obtain refugee status in Belgium, where he encounters a dejected woman who has lost all hope.",6.7, (4.8K,"https://m.media-amazon.com/images/M/MV5BZWNkMjk0NmItOWI4Yi00ZjNhLTlkZWItZDcxOTg3ZTUwZDYzXkEyXkFqcGc@._V1_QL75_UX90_CR0,0,90,133_.jpg",2h 11m,2024.0,After defecting from north korea loh kiwan struggles to obtain refugee status in belgium where he encounters a dejected woman who has lost all hope
Sons,The idealistic prison officer Eva is faced with the dilemma of her life when a young man from her past gets transferred to the prison where she works.,6.4, (3.1K,"https://m.media-amazon.com/images/M/MV5BNjUzNzJjOWMtN2FkNi00ZTYxLWFlYzMtNzJmMTZkMTA5NjJmXkEyXkFqcGc@._V1_QL75_UY133_CR8,0,90,133_.jpg",1h 40m,2024.0,The idealistic prison officer eva is faced with the dilemma of her life when a young man from her past gets transferred to the prison where she works
Breathe,"An East Flatbush mother and daughter, barely surviving in an oxygen-less world, must band together to protect each other when intruders arrive claiming to know their missing father.",4.3, (8.3K,"https://m.media-amazon.com/images/M/MV5BZmEyZGVjMGItNGIxZi00ZDdkLThmZWYtN2ExYmZlMGUwN2VlXkEyXkFqcGc@._V1_QL75_UX90_CR0,0,90,133_.jpg",1h 33m,2024.0,An east flatbush mother and daughter barely surviving in an oxygenless world must band together to protect each other when intruders arrive claiming to know their missing father
Blue Cave,"Navy soldier Cem embarks on trip to ""Blue Cave"" he promised wife Alara. Journey unveils details of their relationship, affirming enduring love beyond death.",5.3, (8.1K,"https://m.media-amazon.com/images/M/MV5BNTU4NTY0N2QtNjA1NC00MWFjLWI2YjQtZmUxZjM4OGU0MDU2XkEyXkFqcGc@._V1_QL75_UX90_CR0,0,90,133_.jpg",1h 28m,2024.0,Navy soldier cem embarks on trip to blue cave he promised wife alara journey unveils details of their relationship affirming enduring love beyond death
Bhakshak,Revolves around the journey of an unwavering woman's quest to seek justice and her perseverance in getting a heinous crime to light.,7.2, (7.5K,"https://m.media-amazon.com/images/M/MV5BNjJjODljMDMtZjFiMy00NTM4LThhMjctYWFjYzZkMmMzZTcyXkEyXkFqcGc@._V1_QL75_UY133_CR8,0,90,133_.jpg",2h 14m,2024.0,Revolves around the journey of an unwavering womans quest to seek justice and her perseverance in getting a heinous crime to light
The Other Side,"A forty-year-old poet wakes up handcuffed to a hospital bed. Accused of his mother's murder, he claims it was an act of love: a plan to aid his mother's death and end his own life at the same time.",7.3, (508,"https://m.media-amazon.com/images/M/MV5BMDNkYWZkMDctMmUwNC00ODg1LWEwZTktOTQ5NzU5MjI4NjU2XkEyXkFqcGc@._V1_QL75_UY133_CR1,0,90,133_.jpg",1h 58m,2024.0,A fortyyearold poet wakes up handcuffed to a hospital bed accused of his mothers murder he claims it was an act of love a plan to aid his mothers death and end his own life at the same time
Streets of Gloria,"Gabriel, a closeted gay anthropologist, travels to Rio after his grandmother's death to study sex workers. He becomes seduced by his research subjects and joins them as a sex worker himself.",5.8, (73,"https://m.media-amazon.com/images/M/MV5BY2IwYjBjYTQtNGNhNi00NjdmLThjMmItOTMzNzVlMjZmZTVhXkEyXkFqcGc@._V1_QL75_UY133_CR2,0,90,133_.jpg",1h 43m,2024.0,Gabriel a closeted gay anthropologist travels to rio after his grandmothers death to study sex workers he becomes seduced by his research subjects and joins them as a sex worker himself
5lbs of Pressure,"Trying to start over, Adam searches for redemption as he returns to his old neighborhood to put to rest his demons while the brother of the man he killed seeks revenge.",5.3, (2K,"https://m.media-amazon.com/images/M/MV5BZDRmYWQ1ZGYtNWE5MS00OTUxLThlMjItODQ1ZDBkZTA5MTg1XkEyXkFqcGc@._V1_QL75_UX90_CR0,1,90,133_.jpg",1h 51m,2024.0,Trying to start over adam searches for redemption as he returns to his old neighborhood to put to rest his demons while the brother of the man he killed seeks revenge
Kadaisi Ulaga Por,"In a dystopian future, political conflicts arise in India due to trade blockades by international forces, resulting in civil unrest.",6.1, (1.3K,"https://m.media-amazon.com/images/M/MV5BODYzOGY4NmEtYjRiNi00OGI3LWE4MWItZWJlM2MwNDUwMDM1XkEyXkFqcGc@._V1_QL75_UY133_CR9,0,90,133_.jpg",2h 20m,2024.0,In a dystopian future political conflicts arise in india due to trade blockades by international forces resulting in civil unrest
High Tide,"Heartbroken and adrift, undocumented Brazilian immigrant Lourenço searches for purpose in the queer mecca of Provincetown. As the summer season comes to a fade, he sparks an intense and unexpected romance with Maurice. Together, the two reconcile the pasts they've left behind and their uncertain futures.",6.3, (1.3K,"https://m.media-amazon.com/images/M/MV5BNjExYTQ5MTItZGVlYy00YzdmLWI5OWItMTBkOTJiYTFjODhiXkEyXkFqcGc@._V1_QL75_UY133_CR0,0,90,133_.jpg",1h 41m,2024.0,Heartbroken and adrift undocumented brazilian immigrant loureno searches for purpose in the queer mecca of provincetown as the summer season comes to a fade he sparks an intense and unexpected romance with maurice together the two reconcile the pasts theyve left behind and their uncertain futures
Air Force One Down,A rookie agent aboard the hijacked Air Force One battle terrorists threatening the energy deal and the president.,4.5, (3.2K,"https://m.media-amazon.com/images/M/MV5BZjljZDFjYjctZGYxNi00NWY0LTliYjAtNTQzZTZmNjczZDcwXkEyXkFqcGc@._V1_QL75_UY133_CR3,0,90,133_.jpg",1h 24m,2024.0,A rookie agent aboard the hijacked air force one battle terrorists threatening the energy deal and the president
Demon Slayer: Kimetsu No Yaiba - To the Hashira Training,"Tanjiro undergoes rigorous training with the Stone Hashira, Himejima, in his quest to become a Hashira. Meanwhile, Muzan continues to search for Nezuko and Ubuyashiki.",7.3, (11K,"https://m.media-amazon.com/images/M/MV5BMDg2Y2UxYTItMTViNi00ODA5LTljM2ItYzhiZDZmODQwOTE0XkEyXkFqcGc@._V1_QL75_UY133_CR2,0,90,133_.jpg",1h 44m,2024.0,Tanjiro undergoes rigorous training with the stone hashira himejima in his quest to become a hashira meanwhile muzan continues to search for nezuko and ubuyashiki
Boundless,"Detective Mørck and team reopen a cold case on Bornholm Island involving a girl's death, a cult, and missing women. Mørck must solve the case and confront his past to move forward with his fiancée.",5.6, (2.6K,"https://m.media-amazon.com/images/M/MV5BODJmYTQwYjctNGI1OC00NWJmLWEwZjUtOWE3ODJhOTBhNzE2XkEyXkFqcGc@._V1_QL75_UX90_CR0,1,90,133_.jpg",2h 1m,2024.0,Detective mrck and team reopen a cold case on bornholm island involving a girls death a cult and missing women mrck must solve the case and confront his past to move forward with his fiance
Family Pack,"When night falls, and the players have their eyes closed, werewolves make victims among the villagers.",5.5, (11K,"https://m.media-amazon.com/images/M/MV5BNjBjODdjMjAtYmY3Mi00ODdkLTlkODctMzFiNWIxOWRjMzc3XkEyXkFqcGc@._V1_QL75_UX90_CR0,0,90,133_.jpg",1h 34m,2024.0,When night falls and the players have their eyes closed werewolves make victims among the villagers
One More Shot,"Following the attack on the black site in Poland, Navy SEAL Jake Harris is ordered to escort terrorist suspect Amin Mansur to Washington D.C for interrogation.",5.4, (4.2K,"https://m.media-amazon.com/images/M/MV5BYmQ5YWNkMzktNGY0YS00NGI3LWE1MmItNzlkYzYyZDczNGY1XkEyXkFqcGc@._V1_QL75_UX90_CR0,1,90,133_.jpg",1h 43m,2024.0,Following the attack on the black site in poland navy seal jake harris is ordered to escort terrorist suspect amin mansur to washington dc for interrogation
The Balconettes,Three women in a Marseille apartment get stuck in a heat wave. They find themselves trapped in a terrifying affair and longing for freedom.,5.8, (2.6K,"https://m.media-amazon.com/images/M/MV5BM2Q2YTgyZTktMDM2MC00NTkxLThkZDEtOGE0NDk1MTQwYjA3XkEyXkFqcGc@._V1_QL75_UY133_CR5,0,90,133_.jpg",1h 44m,2024.0,Three women in a marseille apartment get stuck in a heat wave they find themselves trapped in a terrifying affair and longing for freedom
Goebbels and the Führer,Nazi propaganda minister Joseph Goebbels is in charge of building public support for the Holocaust and for the war that Hitler is about to start.,6.7, (3.4K,"https://m.media-amazon.com/images/M/MV5BMGEyMDY3ZWMtNzc1Yi00NTQxLTljODItMzEyYTMyZmZhNzk0XkEyXkFqcGc@._V1_QL75_UX90_CR0,0,90,133_.jpg",2h 15m,2024.0,Nazi propaganda minister joseph goebbels is in charge of building public support for the holocaust and for the war that hitler is about to start
Queen of Bones,"In 1931 Oregon, twins Lily and Sam defy their father's silence to uncover the dark supernatural ties behind their mother's death on their isolated homestead.",4.8, (1.1K,"https://m.media-amazon.com/images/M/MV5BMTFhMzIwMTgtMzcxNS00YWVjLThlMzctZmVjZjEzZGY2Y2Q4XkEyXkFqcGc@._V1_QL75_UX90_CR0,0,90,133_.jpg",1h 30m,2024.0,In  oregon twins lily and sam defy their fathers silence to uncover the dark supernatural ties behind their mothers death on their isolated homestead
Stream,"The Keenan family's simple weekend getaway truly turns into a vacation to die for, as four deranged killers playing a sadistic game lock down their hotel and compete for the most creative murders of all the guests.",5.7, (9.8K,"https://m.media-amazon.com/images/M/MV5BMjk3MmFmNGItOGI1NS00NzNiLWFiMmItOWMyZjE1MmE4N2M2XkEyXkFqcGc@._V1_QL75_UX90_CR0,0,90,133_.jpg",2h 3m,2024.0,The keenan familys simple weekend getaway truly turns into a vacation to die for as four deranged killers playing a sadistic game lock down their hotel and compete for the most creative murders of all the guests
Sugarcane,An investigation into abuse and missing children at an Indian residential school sparks a reckoning on the nearby Sugarcane Reserve.,7.0, (3.9K,"https://m.media-amazon.com/images/M/MV5BYjMwZjI4NTItNTg1Yi00YTgwLTg0YTUtNGQzZWEzYzEzMTgzXkEyXkFqcGc@._V1_QL75_UY133_CR0,0,90,133_.jpg",1h 47m,2024.0,An investigation into abuse and missing children at an indian residential school sparks a reckoning on the nearby sugarcane reserve
What Happened to Dorothy Bell?,"Ozzie Gray video documents her investigation into the traumatic events from her early childhood, which involved her late grandmother, Dorothy Bell.",6.2, (67,"https://m.media-amazon.com/images/M/MV5BMTUxMWFhNmYtMjMyYS00ZWZiLTkzZjMtNDllZGQ2YmQxODg2XkEyXkFqcGc@._V1_QL75_UX90_CR0,0,90,133_.jpg",,2024.0,Ozzie gray video documents her investigation into the traumatic events from her early childhood which involved her late grandmother dorothy bell
Detained,"A woman wakes up in a police interrogation room with no memory of the night prior. However, something does not seem quite right in this police station.",4.9, (2.3K,"https://m.media-amazon.com/images/M/MV5BYWU3NTk5NmMtNWU4My00OWQxLWEyYmItM2EzZWQ5NTYyMzFmXkEyXkFqcGc@._V1_QL75_UY133_CR1,0,90,133_.jpg",1h 37m,2024.0,A woman wakes up in a police interrogation room with no memory of the night prior however something does not seem quite right in this police station
Agak Laen,"An old man dies in a failing haunted house ride. The operators bury his body on site, turning it into a popular attraction.",7.6, (3.7K,"https://m.media-amazon.com/images/M/MV5BODg5YzA5MmEtN2NkOC00M2JhLTgzZjktZjg1M2U3ZmEyN2IyXkEyXkFqcGc@._V1_QL75_UY133_CR2,0,90,133_.jpg",1h 59m,2024.0,An old man dies in a failing haunted house ride the operators bury his body on site turning it into a popular attraction
The Menendez Brothers,"In 1996, the Menendez brothers faced trial for killing their parents, a case that captivated America. Years later, they share their side through interviews with those involved, offering a fresh take on the events.",7.0, (11K,"https://m.media-amazon.com/images/M/MV5BYTczNjBkYTgtNjcxNC00MzFlLWFiOWMtNDc2YTFiNDM4ZTYxXkEyXkFqcGc@._V1_QL75_UX90_CR0,0,90,133_.jpg",1h 59m,2024.0,In  the menendez brothers faced trial for killing their parents a case that captivated america years later they share their side through interviews with those involved offering a fresh take on the events
The Shadow,"Juhan Liiv, a struggling poet and an unlikely detective suffering from the early stages of schizophrenia, solves gruesome murder cases in Estonia in the 1890s under the shadow of the tyrannical Russian Empire.",6.1, (496,"https://m.media-amazon.com/images/M/MV5BYjY1YzMyNzAtOTFiZi00MmM3LTk2MzYtZWIzODAzMWI3NGMwXkEyXkFqcGc@._V1_QL75_UY133_CR2,0,90,133_.jpg",1h 30m,2024.0,Juhan liiv a struggling poet and an unlikely detective suffering from the early stages of schizophrenia solves gruesome murder cases in estonia in the s under the shadow of the tyrannical russian empire
Simarik,"This is the story of Mete, the spoiled son of a wealthy businessman whose father makes him believe he has reincarnated as a servant in a 16th-century Ottoman city.",5.3, (5.6K,"https://m.media-amazon.com/images/M/MV5BMjlkMzVhMjctMTI3Zi00ZTBlLTkwN2UtMjIzM2I0OTFhMzBhXkEyXkFqcGc@._V1_QL75_UY133_CR9,0,90,133_.jpg",1h 51m,2024.0,This is the story of mete the spoiled son of a wealthy businessman whose father makes him believe he has reincarnated as a servant in a thcentury ottoman city
Here Now,Sophie a young Californian traveling in Italy on her vacation with her sister. She meets Giulio and his group of friends with whom she spends the most terrifying night of her life.,5.0, (755,"https://m.media-amazon.com/images/M/MV5BMTRhYmMxMGEtNTA2ZS00MzMwLTk4NmItYTcyYWJjYjhmMTYwXkEyXkFqcGc@._V1_QL75_UY133_CR2,0,90,133_.jpg",1h 58m,2024.0,Sophie a young californian traveling in italy on her vacation with her sister she meets giulio and his group of friends with whom she spends the most terrifying night of her life
The Last Sacrifice,"Interrogating true crime's cultural impact, from murderous origins to modern revival. Exposing British society's prejudices and dark underbelly.",7.1, (71,"https://m.media-amazon.com/images/M/MV5BNDEyNzcxNjUtMjEyZC00ODdjLTk3OTItODkyYzEwZjA0ZDE2XkEyXkFqcGc@._V1_QL75_UX90_CR0,0,90,133_.jpg",1h 34m,2024.0,Interrogating true crimes cultural impact from murderous origins to modern revival exposing british societys prejudices and dark underbelly
A Bronx Tale: The Original One Man Show,"One man lives in the neighborhood, another man owns it. A devoted father battles the local crime boss for the love of his son",8.3, (63,"https://m.media-amazon.com/images/M/MV5BY2Q0MTkyNjktMmEzOC00MmUwLWE1OWEtOTNjZjc5MmQxODYyXkEyXkFqcGc@._V1_QL75_UY133_CR0,0,90,133_.jpg",1h 35m,2024.0,One man lives in the neighborhood another man owns it a devoted father battles the local crime boss for the love of his son
The Time It Takes,"A deeply felt narrative of the filmmaker's time with her father. A story that's both personal and told with the necessary distance. Like a passion, a life choice and a way of being in the world.",6.7, (582,"https://m.media-amazon.com/images/M/MV5BYTI0OTViNzQtM2JkOC00MWViLWEwYzMtM2UyMDNlMDA1NDBlXkEyXkFqcGc@._V1_QL75_UY133_CR2,0,90,133_.jpg",1h 50m,2024.0,A deeply felt narrative of the filmmakers time with her father a story thats both personal and told with the necessary distance like a passion a life choice and a way of being in the world
Grand Tour,"Edward, civil servant, flees fiancée Molly on their wedding day in Rangoon, 1917. His travels replace panic with melancholy. Molly, set on marriage, amused by his escape, trails him across Asia.",6.5, (2.7K,"https://m.media-amazon.com/images/M/MV5BMzBhYTU3MzItMDc3ZC00M2Q4LWI4ZmYtMDFlYjQyZjQ2OGZhXkEyXkFqcGc@._V1_QL75_UX90_CR0,0,90,133_.jpg",2h 9m,2024.0,Edward civil servant flees fiance molly on their wedding day in rangoon  his travels replace panic with melancholy molly set on marriage amused by his escape trails him across asia
Somnium,"At experimental sleep clinic, Somnium, dreams are made real. Side effects may include: hallucinations, confusion, paranoia, sleep paralysis, detachment from reality, lost sense of self, permanent nightmares.",4.9, (1.3K,"https://m.media-amazon.com/images/M/MV5BZGJmZDllZDYtZTg5OS00NjI5LThlNWEtZjM0MGVhNTBiM2IzXkEyXkFqcGc@._V1_QL75_UX90_CR0,1,90,133_.jpg",1h 32m,2024.0,At experimental sleep clinic somnium dreams are made real side effects may include hallucinations confusion paranoia sleep paralysis detachment from reality lost sense of self permanent nightmares
The Colors Within,A girl who can see colors in people's hearts joins a band with two other people.,7.0, (1.7K,"https://m.media-amazon.com/images/M/MV5BYzMzM2ZkM2MtZWE4My00NTcyLWEzZGEtZmM5OWJlODhmODlmXkEyXkFqcGc@._V1_QL75_UY133_CR2,0,90,133_.jpg",1h 41m,2024.0,A girl who can see colors in peoples hearts joins a band with two other people
Black Heat,"One night, two parents, out of options, infiltrate a top level drug dealer/pimp's apartment complex to rescue their teenage daughter.",7.2, (205,"https://m.media-amazon.com/images/M/MV5BOWNjNTBhYmUtODYwYS00Nzg0LTkwODEtOTY0ZmMwYzljOWQ2XkEyXkFqcGc@._V1_QL75_UY133_CR0,0,90,133_.jpg",1h 33m,2024.0,One night two parents out of options infiltrate a top level drug dealerpimps apartment complex to rescue their teenage daughter
A Place Called Silence,"Chen Yutong, a girl's middle school student, was bullied at school, but her mother Li Han was unable to save her daughter from the ""hell"". Everyone around her turned a blind eye, and a collective silence brewed greater violence.",6.5, (1.6K,"https://m.media-amazon.com/images/M/MV5BZDYyZDM1OTItNWU2Ni00MDIyLWExN2EtNjY2YzQ4Y2UzYWFiXkEyXkFqcGc@._V1_QL75_UX90_CR0,5,90,133_.jpg",1h 59m,2024.0,Chen yutong a girls middle school student was bullied at school but her mother li han was unable to save her daughter from the hell everyone around her turned a blind eye and a collective silence brewed greater violence
Midas Man,"On Thursday 9 November 1961, a man named Brian descended the stairs to a cellar in Liverpool and changed the world forever.",6.4, (2.1K,"https://m.media-amazon.com/images/M/MV5BMTNjMDExZWEtNzIyYi00NDBlLTkxMzUtNzgzMDc1ZDdkMDc5XkEyXkFqcGc@._V1_QL75_UX90_CR0,0,90,133_.jpg",1h 52m,2024.0,On thursday  november  a man named brian descended the stairs to a cellar in liverpool and changed the world forever
Depravity,"A group of tenants, suspecting that their neighbor could be is a serial killer, stumble upon an art heist worth millions.",4.3, (1.5K,"https://m.media-amazon.com/images/M/MV5BMzEwNzNjMjktODI2NC00NzJjLWI0MTItOWYyYTFhZTkwMzI0XkEyXkFqcGc@._V1_QL75_UX90_CR0,1,90,133_.jpg",1h 57m,2024.0,A group of tenants suspecting that their neighbor could be is a serial killer stumble upon an art heist worth millions
The Air He Breathes,"Elizabeth and Tristan, who find solace and healing in each other's company after suffering devastating losses. As they navigate their grief and past traumas, they discover the power of love and second chances.",6.5, (551,"https://m.media-amazon.com/images/M/MV5BZDYxODEzOTQtZWNlZC00NzRmLWE2ZGYtM2ZhODhhYTI0MGUyXkEyXkFqcGc@._V1_QL75_UX90_CR0,1,90,133_.jpg",1h 46m,2024.0,Elizabeth and tristan who find solace and healing in each others company after suffering devastating losses as they navigate their grief and past traumas they discover the power of love and second chances
The Girl in the Pool,A well-to-do family man is forced to struggle through a surprise birthday party moments after hiding the murdered corpse of his mistress.,4.2, (1.9K,"https://m.media-amazon.com/images/M/MV5BNGQ0ODdlZmUtNDJlZi00ODRmLTk0MTktN2UxMWYzOTBhM2UyXkEyXkFqcGc@._V1_QL75_UX90_CR0,3,90,133_.jpg",1h 29m,2024.0,A welltodo family man is forced to struggle through a surprise birthday party moments after hiding the murdered corpse of his mistress
Jim Henson: Idea Man,"A trip into the mind of creative visionary Jim Henson, from his early years puppeteering on local television to the worldwide success of Sesame Street (1969), The Muppet Show (1976), and beyond.",7.7, (4.2K,"https://m.media-amazon.com/images/M/MV5BODMyZGZiZDQtOTYyYy00MDA2LTkzZjgtYzEwZGIxNzlhMzEwXkEyXkFqcGc@._V1_QL75_UY133_CR8,0,90,133_.jpg",1h 51m,2024.0,A trip into the mind of creative visionary jim henson from his early years puppeteering on local television to the worldwide success of sesame street  the muppet show  and beyond
She's Obsessed with My Husband,"A woman moves in next door to her ex high school boyfriend, he's now married, and she schemes to end his marriage so she can become his wife instead.",4.9, (305,"https://m.media-amazon.com/images/M/MV5BYzRhMjA4MjAtZTZlZC00ODI5LTgyZmMtZDlmMjFjNzIwNWMzXkEyXkFqcGc@._V1_QL75_UY133_CR1,0,90,133_.jpg",1h 28m,2024.0,A woman moves in next door to her ex high school boyfriend hes now married and she schemes to end his marriage so she can become his wife instead
Love Bomb,A mysterious dating app designed for one night stands brings three strangers together with deadly consequences.,3.0, (324,"https://m.media-amazon.com/images/M/MV5BY2I1ODVjNDUtNzQ1OS00NDcwLTg0M2YtODU3YjgxYjM0NzU2XkEyXkFqcGc@._V1_QL75_UX90_CR0,0,90,133_.jpg",1h 15m,2024.0,A mysterious dating app designed for one night stands brings three strangers together with deadly consequences
Baki Hanma VS Kengan Ashura,"It's the ultimate showdown. The toughest fighters from Baki Hanma (2021) and Kengan Ashura (2019) clash in this unprecedented, hard-hitting martial arts crossover.",5.7, (2.2K,"https://m.media-amazon.com/images/M/MV5BOTNkMTU1OWQtNTE5Yi00OTViLTlhOTMtZmYxZWJiMTU2MTAwXkEyXkFqcGc@._V1_QL75_UY133_CR8,0,90,133_.jpg",1h 2m,2024.0,Its the ultimate showdown the toughest fighters from baki hanma  and kengan ashura  clash in this unprecedented hardhitting martial arts crossover
Don't Tell Mom the Babysitter's Dead,Tanya's summer plans are canceled when her mom jets off for a last-minute retreat and the elderly babysitter who arrives at her door unexpectedly passes away.,4.0, (1.6K,"https://m.media-amazon.com/images/M/MV5BNTZiZTUwYzktNTM4Ny00MzBmLThjNGItZmRjMjRlZWU0ZWExXkEyXkFqcGc@._V1_QL75_UX90_CR0,0,90,133_.jpg",1h 39m,2024.0,Tanyas summer plans are canceled when her mom jets off for a lastminute retreat and the elderly babysitter who arrives at her door unexpectedly passes away
Buffalo Kids,"Two Irish orphans journey by train across America, encountering villains and heroes. They make an extraordinary friend and search for a new home, facing adventures and dangers along the way.",6.6, (1K,"https://m.media-amazon.com/images/M/MV5BN2Y2NWMxMjctNjAxYS00YWNiLWEzYWItYTJjM2Q1OGIyNjNlXkEyXkFqcGc@._V1_QL75_UY133_CR1,0,90,133_.jpg",1h 21m,2024.0,Two irish orphans journey by train across america encountering villains and heroes they make an extraordinary friend and search for a new home facing adventures and dangers along the way
Succubus,A group of young people arrives to a remote village where they encounter an ancient spirit - a succubus - that can take human disguise. It feeds on one's deepest fears and brings out the darkest side in people.,3.6, (1K,"https://m.media-amazon.com/images/M/MV5BOWQzZTUwYjktZWFhMy00MmMwLWI3NDQtYjZlYjBhYzJjYWU1XkEyXkFqcGc@._V1_QL75_UY133_CR2,0,90,133_.jpg",1h 36m,2024.0,A group of young people arrives to a remote village where they encounter an ancient spirit  a succubus  that can take human disguise it feeds on ones deepest fears and brings out the darkest side in people
The Real Full Monty,"A group of male celebrities strip down to raise awareness for prostate, testicular, and colorectal cancer testing and research in this daring two-hour special.",7.3, (175,"https://m.media-amazon.com/images/M/MV5BZjhjZTQzYmItNDBhYy00NzJlLTlkNzYtMzYwODU3NjNmNmMzXkEyXkFqcGc@._V1_QL75_UY133_CR7,0,90,133_.jpg",1h 25m,2024.0,A group of male celebrities strip down to raise awareness for prostate testicular and colorectal cancer testing and research in this daring twohour special
A Mistake,"In the midst of a new scheme to publicly report surgeons' performance, a gifted surgeon's life is thrown into disarray as her colleagues begin to close ranks, and even her partner who is a nurse at the hospital turns her back on her.",5.7, (1.6K,"https://m.media-amazon.com/images/M/MV5BYTM0NTcxNTQtYjgxOC00ODI0LTgyMTQtMTQxNDYxMTIxMWM2XkEyXkFqcGc@._V1_QL75_UY133_CR5,0,90,133_.jpg",1h 41m,2024.0,In the midst of a new scheme to publicly report surgeons performance a gifted surgeons life is thrown into disarray as her colleagues begin to close ranks and even her partner who is a nurse at the hospital turns her back on her
Salisihan,"When a childless couple lets a pregnant woman inside their home, temptation starts to shake their once peaceful life.",4.1, (149,"https://m.media-amazon.com/images/M/MV5BY2E3NzY0ZWMtYmEzOC00NTExLTkxMmYtYTRjYWU0MjllNzNjXkEyXkFqcGc@._V1_QL75_UX90_CR0,1,90,133_.jpg",48m,2024.0,When a childless couple lets a pregnant woman inside their home temptation starts to shake their once peaceful life
The Traveller,"A college student's life changes when he meets a powerful woman after his grandfather's corpse is stolen. As he uncovers a dark conspiracy, he learns he belongs to a hidden group of people with supernatural abilities.",5.3, (282,"https://m.media-amazon.com/images/M/MV5BMTY5NDdjMzMtYjlmNS00NTU1LTk4ZGItYzQwNDcyZjViMGEyXkEyXkFqcGc@._V1_QL75_UY133_CR2,0,90,133_.jpg",2h 14m,2024.0,A college students life changes when he meets a powerful woman after his grandfathers corpse is stolen as he uncovers a dark conspiracy he learns he belongs to a hidden group of people with supernatural abilities
Toxic,"Dreaming of an escape from the bleakness of their hometown, two teens form a unique bond at a local modeling school, where the promise of a better life pushes girls to violate their bodies in increasingly extreme ways.",6.7, (1.9K,"https://m.media-amazon.com/images/M/MV5BMTQ5YTBjMzEtZDZmZC00NzhkLTg0MjgtZmVlNGJjMjFjNjJhXkEyXkFqcGc@._V1_QL75_UY133_CR2,0,90,133_.jpg",1h 39m,2024.0,Dreaming of an escape from the bleakness of their hometown two teens form a unique bond at a local modeling school where the promise of a better life pushes girls to violate their bodies in increasingly extreme ways
Invasion,"When neighboring country Veragua suddenly attacks Curaçao and Aruba, the Dutch government is taken completely by surprise. The conflict escalates rapidly. Three young Dutch Corps recruits must figure out what is the right thing to do.",4.8, (839,"https://m.media-amazon.com/images/M/MV5BYzhhNzNiYjMtOGEzMS00MDIxLThhNjktNTY5ZjVjN2Y5YmFjXkEyXkFqcGc@._V1_QL75_UY133_CR2,0,90,133_.jpg",1h 31m,2024.0,When neighboring country veragua suddenly attacks curaao and aruba the dutch government is taken completely by surprise the conflict escalates rapidly three young dutch corps recruits must figure out what is the right thing to do
How Could I Live Without You?,"Lili reads her mother Eszter's diary and love letters, revealing Eszter's summer romance with Geri, a musician, at Lake Balaton in the 1990s, defying her commitment to her boyfriend, impacting their lives and Lili's.",6.4, (2K,"https://m.media-amazon.com/images/M/MV5BMTRmYzc3NGEtNTYyOC00NjI1LWJmNTYtY2U3MjBmZmM5YzYwXkEyXkFqcGc@._V1_QL75_UY133_CR2,0,90,133_.jpg",1h 45m,2024.0,Lili reads her mother eszters diary and love letters revealing eszters summer romance with geri a musician at lake balaton in the s defying her commitment to her boyfriend impacting their lives and lilis
Megamind vs. The Doom Syndicate,"Megamind's former villain team, The Doom Syndicate, has returned. Newly crowned hero Megamind's must now keep up evil appearances until he can assemble his friends to stop his former evil teammates from launching Metro City to the Moon.",2.4, (6.2K,"https://m.media-amazon.com/images/M/MV5BNmMyNDM3ZjYtN2JhMy00YmZlLWIxMDYtOTMxOTQ1YzkyODFiXkEyXkFqcGc@._V1_QL75_UX90_CR0,1,90,133_.jpg",1h 23m,2024.0,Megaminds former villain team the doom syndicate has returned newly crowned hero megaminds must now keep up evil appearances until he can assemble his friends to stop his former evil teammates from launching metro city to the moon
Behind the Lines,Follows a passionate historian who travels the world to find and preserve letters written during times of war.,8.0, (54,"https://m.media-amazon.com/images/M/MV5BZTljMjg5MTQtN2Y0NC00MzFjLWI1NTItZjZmZjM0NDE4Yzk0XkEyXkFqcGc@._V1_QL75_UX90_CR0,1,90,133_.jpg",1h 47m,2024.0,Follows a passionate historian who travels the world to find and preserve letters written during times of war
Kang Mak,"A man named Makmur returned from the battlefield. However, Makmur finds Sari, his wife, has died and become a ghost.",6.4, (1.1K,"https://m.media-amazon.com/images/M/MV5BMTJhY2IxYzUtZTFjMy00ODYzLWJkOGUtM2EwN2VlYjdiYzM5XkEyXkFqcGc@._V1_QL75_UY133_CR2,0,90,133_.jpg",2h 2m,2024.0,A man named makmur returned from the battlefield however makmur finds sari his wife has died and become a ghost
Dominique,"Trained assassin Dominique, escaping her troubled past, crash lands her plane in a Colombian town rife with violence. Sheltered by a family, she faces attacks from police and must choose between self-preservation or defending her hosts.",5.3, (2.8K,"https://m.media-amazon.com/images/M/MV5BMzEwYTEyMzItMjU3NS00NzkyLTgyOWMtZmMyZDczMzMzNjZmXkEyXkFqcGc@._V1_QL75_UX90_CR0,1,90,133_.jpg",1h 40m,2024.0,Trained assassin dominique escaping her troubled past crash lands her plane in a colombian town rife with violence sheltered by a family she faces attacks from police and must choose between selfpreservation or defending her hosts
Night Shift,"A young nurse with a past of family violence starts working the night shift at a small hospital, where during the night a ghost nurse materializes.",5.2, (1.1K,"https://m.media-amazon.com/images/M/MV5BMWE5MGYyM2MtYzVkOC00NDYwLWIwMjktODMzYTU2Y2ZjYmQ4XkEyXkFqcGc@._V1_QL75_UY133_CR8,0,90,133_.jpg",1h 47m,2024.0,A young nurse with a past of family violence starts working the night shift at a small hospital where during the night a ghost nurse materializes
Chosen Family,"Yoga teacher Ann is trying to find inner peace despite having a manic family, a miserable dating life, and an inability to say no that keeps her busy trying to fix everyone else's problems.",4.8, (736,"https://m.media-amazon.com/images/M/MV5BNjhhZTFkOWMtMGU3Ni00MTAyLTg2ODMtYWI2NzlkYTg0MjBlXkEyXkFqcGc@._V1_QL75_UX90_CR0,0,90,133_.jpg",1h 28m,2024.0,Yoga teacher ann is trying to find inner peace despite having a manic family a miserable dating life and an inability to say no that keeps her busy trying to fix everyone elses problems
Nobody Dumps My Daughter,"After Jimmy breaks up with Theresa, her obsessive mother Mary tries desperately to reunite them, even hiring a hitman to kill Jimmy when bribing him fails.",6.0, (206,"https://m.media-amazon.com/images/M/MV5BYjQ5NTBmYjctMjBmNC00M2QxLTkwZDMtMDJhN2NiYTY3NmEzXkEyXkFqcGc@._V1_QL75_UY133_CR8,0,90,133_.jpg",1h 28m,2024.0,After jimmy breaks up with theresa her obsessive mother mary tries desperately to reunite them even hiring a hitman to kill jimmy when bribing him fails
Operation Valentine,"Showcasing the indomitable spirits of the Indian Air Force heroes on the frontlines and the challenges they face during one of the biggest, fiercest aerial attacks that India has ever seen.",5.4, (2K,"https://m.media-amazon.com/images/M/MV5BMWY3YTQxOGEtNTI2Ny00YmQ1LTk3NmQtNTU1ZGFkNDM4ZmJhXkEyXkFqcGc@._V1_QL75_UY133_CR8,0,90,133_.jpg",2h 13m,2024.0,Showcasing the indomitable spirits of the indian air force heroes on the frontlines and the challenges they face during one of the biggest fiercest aerial attacks that india has ever seen
Assassin's Guild,"After the Mermaid Wars, Iliad's city is attacked by dark forces. With the city full of rancor and corruption, Death herself forms an alliance and offers Atticus, an elite fighter, the chance to return to life. This gift comes at a price.",2.9, (203,"https://m.media-amazon.com/images/M/MV5BY2YyOTM3ZDctZTAxYS00YzU0LTgyNDktOWYxODhlZDEwZjc1XkEyXkFqcGc@._V1_QL75_UX90_CR0,0,90,133_.jpg",1h 43m,2024.0,After the mermaid wars iliads city is attacked by dark forces with the city full of rancor and corruption death herself forms an alliance and offers atticus an elite fighter the chance to return to life this gift comes at a price
Buy Now! The Shopping Conspiracy,"Pulls back the curtain on the world's top brands, exposing the hidden tactics and covert strategies used to keep all of us locked in an endless cycle of buying, no matter the cost.",6.7, (7.9K,"https://m.media-amazon.com/images/M/MV5BMTkyMzhhNWMtMTdiMi00MTkxLWFjNWQtZGY3ODJmMmVhMTkxXkEyXkFqcGc@._V1_QL75_UY133_CR3,0,90,133_.jpg",1h 24m,2024.0,Pulls back the curtain on the worlds top brands exposing the hidden tactics and covert strategies used to keep all of us locked in an endless cycle of buying no matter the cost
Silent Love,"Just love. In this complicated and muddy age, this is the most sad love story of this winter, gently holding up a transparent pure love.",6.4, (569,"https://m.media-amazon.com/images/M/MV5BZWMyOTRhOTMtNjMyZS00OWI1LTg0MWMtZmI3YzFjMjkxMzI5XkEyXkFqcGc@._V1_QL75_UY133_CR2,0,90,133_.jpg",1h 56m,2024.0,Just love in this complicated and muddy age this is the most sad love story of this winter gently holding up a transparent pure love
Latency,"When Hana, a professional gamer who suffers from acute agoraphobia, receives new equipment that enhances her game, she begins to wonder if it is reading her mind - or controlling it.",4.2, (3.2K,"https://m.media-amazon.com/images/M/MV5BZWQwZDBkM2EtMjI2OS00NGYzLTg2NjEtNmQ4NzI4MjZjOTc5XkEyXkFqcGc@._V1_QL75_UY133_CR0,0,90,133_.jpg",1h 34m,2024.0,When hana a professional gamer who suffers from acute agoraphobia receives new equipment that enhances her game she begins to wonder if it is reading her mind  or controlling it
The Birds Who Fear Death,"Two brothers, disinherited and desperate for cash, journey into the Canadian wilds to find themselves, their people and their fortune.",6.0, (115,"https://m.media-amazon.com/images/M/MV5BNWYyOTI1OTgtZjM5OC00MmFiLTkyYTEtMTI3MGU2ZDE3ODZiXkEyXkFqcGc@._V1_QL75_UX90_CR0,0,90,133_.jpg",1h 50m,2024.0,Two brothers disinherited and desperate for cash journey into the canadian wilds to find themselves their people and their fortune
Bloody Axe Wound,"Abbie Bladecut's family business, a video store, has thrived by disposing of teenagers to mimic horror movies. As the first female slasher, she battles gender bias while realizing the harsh realities behind the mass murders.",5.1, (1.5K,"https://m.media-amazon.com/images/M/MV5BMTJjOGZmZWMtMTQwYi00MTU4LWI1N2ItMWQ1ZWE2MGZkYjI3XkEyXkFqcGc@._V1_QL75_UY133_CR1,0,90,133_.jpg",1h 23m,2024.0,Abbie bladecuts family business a video store has thrived by disposing of teenagers to mimic horror movies as the first female slasher she battles gender bias while realizing the harsh realities behind the mass murders
The Quintessential Quintuplets Specials 2,"Futaro and quintuplet wives plan Hawaii honeymoon trip. Despite achieving dreams, they face worries. During preparations, incident causes panic.",6.8, (320,"https://m.media-amazon.com/images/M/MV5BMjNjM2Q4OTgtOGRiOC00YTQyLWFkZDQtY2VkMDQwZDVhNjI1XkEyXkFqcGc@._V1_QL75_UY133_CR2,0,90,133_.jpg",46m,2024.0,Futaro and quintuplet wives plan hawaii honeymoon trip despite achieving dreams they face worries during preparations incident causes panic
The Wages of Fear,"In order to prevent a deadly explosion, an illicit crack team has 24 hours to drive two truckloads of nitroglycerine across a desert laden with danger.",4.6, (4.5K,"https://m.media-amazon.com/images/M/MV5BODM2MGM3ZDUtYThkOS00OTY1LThkNGMtMWRhNzM0NGQzZWVhXkEyXkFqcGc@._V1_QL75_UY133_CR3,0,90,133_.jpg",1h 44m,2024.0,In order to prevent a deadly explosion an illicit crack team has  hours to drive two truckloads of nitroglycerine across a desert laden with danger
Thiru.Manickam,"A man who is getting chased by everyone for doing good, yet he overcomes opposition. Among everyone who is trying to survive, this man wants to live. Shows how Manikkam becomes Thiru Manikkam",8.0, (2.7K,"https://m.media-amazon.com/images/M/MV5BOWRjZGE4YmItZWNkOS00MTk4LWEzOTMtMDNhNWZkY2ZjNGJlXkEyXkFqcGc@._V1_QL75_UX90_CR0,1,90,133_.jpg",2h 2m,2024.0,A man who is getting chased by everyone for doing good yet he overcomes opposition among everyone who is trying to survive this man wants to live shows how manikkam becomes thiru manikkam
Overlord: The Sacred Kingdom,"Momonga, now known as the Sorcerer King Ains Ooal Gown, rallies the Sorcerer Kingdom and its undead army to join the fight alongside the Sacred Kingdom and the Slane Theocracy in hopes to defeat the Demon Emperor Jaldabaoth.",6.9, (2K,"https://m.media-amazon.com/images/M/MV5BOWI0ZjQ3ZTYtZGU5NC00NmU1LTlkMzMtMmY1OGM4NjRiZDljXkEyXkFqcGc@._V1_QL75_UX90_CR0,1,90,133_.jpg",2h 15m,2024.0,Momonga now known as the sorcerer king ains ooal gown rallies the sorcerer kingdom and its undead army to join the fight alongside the sacred kingdom and the slane theocracy in hopes to defeat the demon emperor jaldabaoth
How to Make Gravy,"A feature film adaptation of Australian music legend Paul Kelly's classic song, 'How to Make Gravy'.",7.0, (1.1K,"https://m.media-amazon.com/images/M/MV5BY2NmZjY0MTYtY2VkNC00ZmNjLTk2MzQtZDkxNDU2MjgzOGI0XkEyXkFqcGc@._V1_QL75_UX90_CR0,0,90,133_.jpg",2h,2024.0,A feature film adaptation of australian music legend paul kellys classic song how to make gravy
Why Do You?,"Love comes without asking. Often not to those, not so and not then. Can a genuine feeling survive when everything started wrong and the whole world is against it? Give up everything or give up? Burn or survive?",5.3, (567,"https://m.media-amazon.com/images/M/MV5BZjk3YTYxNGEtM2RhMi00Y2Q0LTg4MzctMzk4ZjIyMzM4MDY2XkEyXkFqcGc@._V1_QL75_UY133_CR2,0,90,133_.jpg",1h 43m,2024.0,Love comes without asking often not to those not so and not then can a genuine feeling survive when everything started wrong and the whole world is against it give up everything or give up burn or survive
Escape from Germany,"1939, Hitler's army was closing borders, and eighty-five American missionaries were in Germany serving their church. The escape of these missionaries from Nazi Germany is one of the most dramatic events to occur in modern church history.",5.5, (1.3K,"https://m.media-amazon.com/images/M/MV5BZTc5ZjVhYzYtNTFhZS00MDgwLWJiMDYtY2VhYzUxOWZmNTVjXkEyXkFqcGc@._V1_QL75_UY133_CR0,0,90,133_.jpg",1h 37m,2024.0, hitlers army was closing borders and eightyfive american missionaries were in germany serving their church the escape of these missionaries from nazi germany is one of the most dramatic events to occur in modern church history
Hunting with Tigers,"Malik returns from Spain to learn his stepfather Serge was arrested. On trial day lawyer Iris offers Malik a deal, pull off a dangerous heist in exchange for Serge's freedom. Malik agrees and joins ex-partners of Cherif for one last job.",5.6, (630,"https://m.media-amazon.com/images/M/MV5BNDM3ODBlODAtZjkyYi00MzhjLWI5NzYtMWEzYjgwMTMyMDdmXkEyXkFqcGc@._V1_QL75_UY133_CR8,0,90,133_.jpg",1h 49m,2024.0,Malik returns from spain to learn his stepfather serge was arrested on trial day lawyer iris offers malik a deal pull off a dangerous heist in exchange for serges freedom malik agrees and joins expartners of cherif for one last job
Die Hart 2: Die Harter,"Hart plans an innovative action film with unscripted, unexpected scenes to cement his legacy as the greatest. However, a blind spot leads him to fall victim to a vengeful plot from his past.",4.3, (6K,"https://m.media-amazon.com/images/M/MV5BMTIxODU5MGItNmJlNi00YjUxLTgzNmItNzVkYTczNWRiODI1XkEyXkFqcGc@._V1_QL75_UX90_CR0,0,90,133_.jpg",1h 32m,2024.0,Hart plans an innovative action film with unscripted unexpected scenes to cement his legacy as the greatest however a blind spot leads him to fall victim to a vengeful plot from his past
Corina,"Corina, a 20-year-old housebound woman, accidentally compromises her publishing company's famous book saga. To save her job and the company, she must overcome her fears and, aided by Carlos, embark on a journey to find a mysterious writer.",7.0, (980,"https://m.media-amazon.com/images/M/MV5BMDY4NTUxMTQtZjhhOC00ZWRkLTgwZjQtOTQ3ZGM0OTM4NDM3XkEyXkFqcGc@._V1_QL75_UY133_CR2,0,90,133_.jpg",1h 36m,2024.0,Corina a yearold housebound woman accidentally compromises her publishing companys famous book saga to save her job and the company she must overcome her fears and aided by carlos embark on a journey to find a mysterious writer
Faith of Angels,A stranger receives mysterious callings compelling him to search for a boy lost in an abandoned mine.,6.2, (446,"https://m.media-amazon.com/images/M/MV5BOTY2YjA5NWItZjIyYi00OWQ5LTliY2QtYzM4N2Y0YjRkMDQ0XkEyXkFqcGc@._V1_QL75_UX90_CR0,0,90,133_.jpg",1h 38m,2024.0,A stranger receives mysterious callings compelling him to search for a boy lost in an abandoned mine
Merry Christmas,Two strangers meet on a fateful Christmas Eve. A night of delirious romance turns into a nightmare. Revealing anything more would be a crime.,6.9, (30K,"https://m.media-amazon.com/images/M/MV5BOWYyMzdmYTEtMjMyNS00YzRhLTg3MjQtODlkNGQzNjYyODhjXkEyXkFqcGc@._V1_QL75_UX90_CR0,0,90,133_.jpg",2h 24m,2024.0,Two strangers meet on a fateful christmas eve a night of delirious romance turns into a nightmare revealing anything more would be a crime
Hold Your Breath,"In 1930s Oklahoma amid the region's horrific dust storms, a woman is convinced that a sinister presence is threatening her family.",5.3, (9.8K,"https://m.media-amazon.com/images/M/MV5BYzc4ZjUyOWItOGQ4My00YzM2LTg3YTUtMGM0MmFlYWNhMWZiXkEyXkFqcGc@._V1_QL75_UX90_CR0,1,90,133_.jpg",1h 34m,2024.0,In s oklahoma amid the regions horrific dust storms a woman is convinced that a sinister presence is threatening her family
A Hip Hop Story,A pioneer of the culture joins forces with a few of rap music's elite performers to attempt to save hip hop.,8.2, (123,"https://m.media-amazon.com/images/M/MV5BODRmYjYyNDYtMjk1Yy00NDk3LThjYjQtZGZmOTQ1MmVhOTkzXkEyXkFqcGc@._V1_QL75_UX90_CR0,0,90,133_.jpg",1h 30m,2024.0,A pioneer of the culture joins forces with a few of rap musics elite performers to attempt to save hip hop
You Are the Apple of My Eye,"A group of close friends who attend a private school all have a debilitating crush on the sunny star pupil, Sun-ah. The only member of the group who claims not to is Jin-woo, but he ends up loving her as well.",6.7, (4K,"https://m.media-amazon.com/images/M/MV5BODQ2NzhiMzEtZWEzNS00ZmYxLTkwZDMtNzhkMjMwNjYxZmJhXkEyXkFqcGc@._V1_QL75_UY133_CR2,0,90,133_.jpg",1h 41m,2024.0,A group of close friends who attend a private school all have a debilitating crush on the sunny star pupil sunah the only member of the group who claims not to is jinwoo but he ends up loving her as well
Calamity Jane,"After her husband-to-be Wild Bill Hickok is killed in an infamous poker game, Calamity Jane must break out of prison and find his murderers before Deadwood's Sheriff can arrest her.",4.4, (840,"https://m.media-amazon.com/images/M/MV5BODU3Yjg1NWUtYTJlNC00MWVhLThhZGQtN2ZkZWFhZWE3YzhlXkEyXkFqcGc@._V1_QL75_UY133_CR2,0,90,133_.jpg",1h 35m,2024.0,After her husbandtobe wild bill hickok is killed in an infamous poker game calamity jane must break out of prison and find his murderers before deadwoods sheriff can arrest her
Drugstore June,"After the pharmacy in her small town is robbed, a girl who still lives at home with her parents takes matters into her own hands to solve the crime, while at the same time trying to get over her ex-boyfriend and become more of an adult.",5.4, (2.2K,"https://m.media-amazon.com/images/M/MV5BZDY1ZTg4OTQtMDFkYS00NDU2LTlmZGYtYzgwYjhjNzEwZGM4XkEyXkFqcGc@._V1_QL75_UX90_CR0,0,90,133_.jpg",1h 31m,2024.0,After the pharmacy in her small town is robbed a girl who still lives at home with her parents takes matters into her own hands to solve the crime while at the same time trying to get over her exboyfriend and become more of an adult
House of Spoils,"It tells the story of a chef who opens her first restaurant where she battles kitchen chaos, a dubious investor and self doubt, but the pressure heats up thanks to the spirit of the estate's previous owner who threatens to sabotage her.",5.1, (4.4K,"https://m.media-amazon.com/images/M/MV5BYTNmZTUwMWUtYTFhZC00NDdlLThmYjMtNDM2OGUzZjJiMTY2XkEyXkFqcGc@._V1_QL75_UX90_CR0,1,90,133_.jpg",1h 41m,2024.0,It tells the story of a chef who opens her first restaurant where she battles kitchen chaos a dubious investor and self doubt but the pressure heats up thanks to the spirit of the estates previous owner who threatens to sabotage her
The Supremes at Earl's All-You-Can-Eat,"Lifelong friends, three women share an unbreakable bond after decades of weathering life's storms. Now, through new heartbreaks, the trio is put to the test as they face one of their most challenging moments.",6.5, (1.7K,"https://m.media-amazon.com/images/M/MV5BYmNiYWMwZmYtYjkzZi00NzZjLTlhZTAtZjMzNWZlODBmMjVhXkEyXkFqcGc@._V1_QL75_UY133_CR2,0,90,133_.jpg",2h 4m,2024.0,Lifelong friends three women share an unbreakable bond after decades of weathering lifes storms now through new heartbreaks the trio is put to the test as they face one of their most challenging moments
Quotation Gang Part 1,The film revolves around a bold female contract killer. She takes up the crime syndicate and fights for power. An incident changed her life upside down.,8.7, (41,"https://m.media-amazon.com/images/M/MV5BZmE3Y2EzMzItNDk1Yy00M2U1LTg1NmMtZDNjMWE2ZWVlNzczXkEyXkFqcGc@._V1_QL75_UX90_CR0,2,90,133_.jpg",1h 58m,2024.0,The film revolves around a bold female contract killer she takes up the crime syndicate and fights for power an incident changed her life upside down
Adult Best Friends,"Inseparable since childhood, levelheaded Katie takes her codependent best friend Delaney on a girls' trip to break the news that she is getting married. Things do not go as planned.",5.2, (752,"https://m.media-amazon.com/images/M/MV5BMGQwNjJlZTQtNGNlYi00YTEzLWI3MDEtNTJmOGMwNzdhZWMxXkEyXkFqcGc@._V1_QL75_UX90_CR0,0,90,133_.jpg",1h 30m,2024.0,Inseparable since childhood levelheaded katie takes her codependent best friend delaney on a girls trip to break the news that she is getting married things do not go as planned
Robin and the Hoods,"For the tenacious 11-year-old Robin and her loyal band of friends 'The Hoods', the patch of overgrown scrubland at the end of their cul-de-sac is a magical kingdom.",4.3, (627,"https://m.media-amazon.com/images/M/MV5BOGM3MWIzZDQtNGI1My00MWQ0LWEyZDItYzc0NDU5NzczOWFkXkEyXkFqcGc@._V1_QL75_UY133_CR1,0,90,133_.jpg",1h 40m,2024.0,For the tenacious yearold robin and her loyal band of friends the hoods the patch of overgrown scrubland at the end of their culdesac is a magical kingdom
O Diabo do Entrudo,A documentary about the oldest Shrovetide tradition in Portugal and their typical masks.,8.2, (18,"https://m.media-amazon.com/images/M/MV5BOTg0OWFlNDYtNDRhNi00NDJhLWI5NWMtNzk3YjY5MmViZjJlXkEyXkFqcGc@._V1_QL75_UY133_CR2,0,90,133_.jpg",52m,2024.0,A documentary about the oldest shrovetide tradition in portugal and their typical masks
Sumala,"Sumala, a name that is feared by people in a village in Semarang Regency from the past until now. No one dares to go out when night falls because Sumala will come to kill.",5.8, (1.6K,"https://m.media-amazon.com/images/M/MV5BYjdlMTNjZTYtOWJhMi00YWE5LWJhOGItYTllYjU0NWJmOTE0XkEyXkFqcGc@._V1_QL75_UY133_CR8,0,90,133_.jpg",1h 52m,2024.0,Sumala a name that is feared by people in a village in semarang regency from the past until now no one dares to go out when night falls because sumala will come to kill
Wild Diamond,"Liane, 19, lives with her mother and sister in Fréjus in the south of France. Consumed by aspirations of beauty and stardom, she auditions for a reality show called ""Miracle Island.""",6.2, (1.9K,"https://m.media-amazon.com/images/M/MV5BOTk3MGFiYTgtMTVhNC00ZWJmLTg2OTgtZjg3NGY0MGYzMGQ4XkEyXkFqcGc@._V1_QL75_UY133_CR5,0,90,133_.jpg",1h 43m,2024.0,Liane  lives with her mother and sister in frjus in the south of france consumed by aspirations of beauty and stardom she auditions for a reality show called miracle island
The Fabulous Four,It tells the story of two friends who travel to be bridesmaids in a surprise wedding of their college girlfriend.,4.9, (2K,"https://m.media-amazon.com/images/M/MV5BODcxZTIxNzItZmI2ZS00ZDBhLTgxZTAtZGVhNjEyODVlNDFlXkEyXkFqcGc@._V1_QL75_UY133_CR0,0,90,133_.jpg",1h 38m,2024.0,It tells the story of two friends who travel to be bridesmaids in a surprise wedding of their college girlfriend
The Cellar,"A young girl wakes up imprisoned underground, with amnesia. She must escape, unravel the mystery behind her captivity, and confront her personal struggles. A suspenseful tale of survival, truth, and inner turmoil unfolds.",3.3, (267,"https://m.media-amazon.com/images/M/MV5BZmE3OWQyMjYtZmE4Mi00NDI1LWEzNmYtZWFiMThjY2MyMWYwXkEyXkFqcGc@._V1_QL75_UY133_CR2,0,90,133_.jpg",1h 24m,2024.0,A young girl wakes up imprisoned underground with amnesia she must escape unravel the mystery behind her captivity and confront her personal struggles a suspenseful tale of survival truth and inner turmoil unfolds
Any Other Way: The Jackie Shane Story,"Jackie Shane was one of music's pioneering Black trans performers. On the edge of stardom, why did she disappear? Any Other Way: The Jackie Shane Story hands the mic over revealing her extraordinary journey, in her own unmistakable voice.",8.0, (104,"https://m.media-amazon.com/images/M/MV5BMTg0OGUwNWItOWExMy00YzRmLTllYjktNTUxNmFhYzkxNTBlXkEyXkFqcGc@._V1_QL75_UX90_CR0,2,90,133_.jpg",1h 38m,2024.0,Jackie shane was one of musics pioneering black trans performers on the edge of stardom why did she disappear any other way the jackie shane story hands the mic over revealing her extraordinary journey in her own unmistakable voice
Joe Baby,"A money collector for a private investigator is hired to track down 10 million dollars stolen in a dodgy real estate deal, opening a complex can of worms.",4.2, (217,"https://m.media-amazon.com/images/M/MV5BMjNlNmYxNDUtYmJjMy00MTNmLTlmYjAtM2RiZTc5YzUyMTI0XkEyXkFqcGc@._V1_QL75_UY133_CR0,0,90,133_.jpg",1h 26m,2024.0,A money collector for a private investigator is hired to track down  million dollars stolen in a dodgy real estate deal opening a complex can of worms
Between the Temples,A cantor in a crisis of faith finds his world turned upside down when his grade school music teacher re-enters his life as his new adult Bat Mitzvah student.,6.2, (3.5K,"https://m.media-amazon.com/images/M/MV5BYTQ1MTE3MWItZWUwMy00YjYzLTkyMDAtYzBhMjZmZjM5NTRkXkEyXkFqcGc@._V1_QL75_UX90_CR0,0,90,133_.jpg",1h 51m,2024.0,A cantor in a crisis of faith finds his world turned upside down when his grade school music teacher reenters his life as his new adult bat mitzvah student
I Wish You All the Best,"After being kicked out of the house by their parents, a teen embarks upon a journey of self-discovery that teaches them about love, friendship, and family.",5.4, (598,"https://m.media-amazon.com/images/M/MV5BMjJkMzQ3YjktODgzZS00ODA2LWIyM2YtMWQzZDNiZWY2NTA4XkEyXkFqcGc@._V1_QL75_UX90_CR0,1,90,133_.jpg",1h 33m,2024.0,After being kicked out of the house by their parents a teen embarks upon a journey of selfdiscovery that teaches them about love friendship and family
Something in the Water,A group of five friends must fight for their lives in open water after a dream wedding turns into a nightmare.,4.1, (5.7K,"https://m.media-amazon.com/images/M/MV5BMzViMTY5YjktMjMwYy00M2E5LWE2NzgtN2FjOGE2NTZjOWNiXkEyXkFqcGc@._V1_QL75_UX90_CR0,0,90,133_.jpg",1h 26m,2024.0,A group of five friends must fight for their lives in open water after a dream wedding turns into a nightmare
The Heirloom,A desperate filmmaker is seized by inspiration when he and his girlfriend adopt a traumatized rescue dog.,6.6, (58,"https://m.media-amazon.com/images/M/MV5BODQ0YTllZjQtYWNjMi00NTRjLWFhNDItZGQ2YTI4NWUxNDQ0XkEyXkFqcGc@._V1_QL75_UX90_CR0,0,90,133_.jpg",1h 27m,2024.0,A desperate filmmaker is seized by inspiration when he and his girlfriend adopt a traumatized rescue dog
Sixty Minutes,"Desperate not to lose custody, a mixed martial arts fighter makes dangerous enemies when he ditches a matchup to race to his daughter's birthday party.",5.7, (5.6K,"https://m.media-amazon.com/images/M/MV5BNGI0MjI4MjUtOGY4OS00MGRmLWI1N2ItMzU4ZDM0ZWM4ZTI2XkEyXkFqcGc@._V1_QL75_UX90_CR0,0,90,133_.jpg",1h 28m,2024.0,Desperate not to lose custody a mixed martial arts fighter makes dangerous enemies when he ditches a matchup to race to his daughters birthday party
April,"Nina, an OB-GYN, faces accusations after a newborn's death. Her life undergoes scrutiny during the investigation. She persists in her medical duties, determined to provide care others hesitate to offer, despite risks.",6.5, (1.3K,"https://m.media-amazon.com/images/M/MV5BNDJjNmZhMDEtMjYwMC00ZWFlLTk1NDMtMTdjMmJiNWMzNjc5XkEyXkFqcGc@._V1_QL75_UX90_CR0,0,90,133_.jpg",2h 14m,2024.0,Nina an obgyn faces accusations after a newborns death her life undergoes scrutiny during the investigation she persists in her medical duties determined to provide care others hesitate to offer despite risks
Block Pass,"Willy and Jojo are childhood friends who never leave each other's side. To beat boredom, they train at the Pampa, a motocross track. One evening, Willy discovers Jojo's secret.",6.8, (968,"https://m.media-amazon.com/images/M/MV5BZWY2NjA1YWQtOGEyNS00YmRlLWFhOGMtOTAzMWYxYzFjZWQ1XkEyXkFqcGc@._V1_QL75_UY133_CR8,0,90,133_.jpg",1h 44m,2024.0,Willy and jojo are childhood friends who never leave each others side to beat boredom they train at the pampa a motocross track one evening willy discovers jojos secret
Paying for It,"When an introverted cartoonist's girlfriend wants to redefine their relationship, he begins sleeping with sex workers and discovers a new kind of intimacy in the process. An adaptation of the Graphic Novel by Chester Brown.",6.2, (388,"https://m.media-amazon.com/images/M/MV5BODkxNzIwNTYtYTAyMy00OTE3LWE5MDQtMzkwMzIyMDZhZTM1XkEyXkFqcGc@._V1_QL75_UY133_CR0,0,90,133_.jpg",1h 25m,2024.0,When an introverted cartoonists girlfriend wants to redefine their relationship he begins sleeping with sex workers and discovers a new kind of intimacy in the process an adaptation of the graphic novel by chester brown
Manas,"Aware that the future does not hold many options for her in a riverside community on Marajó Island, a 13-year-old girl decides to confront the violent machinery that governs her family and the women in her community.",7.8, (1.1K,"https://m.media-amazon.com/images/M/MV5BYWY3MTExZmQtOGVkYi00ZTQ0LTlmMGMtNGM1YTJjYzRjNGI0XkEyXkFqcGc@._V1_QL75_UY133_CR1,0,90,133_.jpg",1h 41m,2024.0,Aware that the future does not hold many options for her in a riverside community on maraj island a yearold girl decides to confront the violent machinery that governs her family and the women in her community
Out Come the Wolves,"At a cabin deep in the wilderness, a weekend of hunting turns to mayhem and a fight for survival when a pack of wolves attack a man, his female best friend and her fiance.",4.7, (2K,"https://m.media-amazon.com/images/M/MV5BOWVjZTdkOTgtZmJkMS00OGZmLTgyZGEtNTYxYmFlZTJkNWMzXkEyXkFqcGc@._V1_QL75_UY133_CR2,0,90,133_.jpg",1h 26m,2024.0,At a cabin deep in the wilderness a weekend of hunting turns to mayhem and a fight for survival when a pack of wolves attack a man his female best friend and her fiance
The Freshly Cut Grass,"Pablo, a university professor, becomes romantically involved with a student. At the same time, Natalia, a university professor, becomes romantically involved with a student. Two paralleled stories, similar but different at the same time.",6.1, (306,"https://m.media-amazon.com/images/M/MV5BNTkyMjQ0ODktYzJiNS00NmI1LWE0M2YtY2YzOGM1OGI3ZGQ0XkEyXkFqcGc@._V1_QL75_UY133_CR8,0,90,133_.jpg",1h 54m,2024.0,Pablo a university professor becomes romantically involved with a student at the same time natalia a university professor becomes romantically involved with a student two paralleled stories similar but different at the same time
Futra Days,"After undergoing an experimental time travel ""process"" that sends a man into his future, he investigates the man he has become, by engaging in a romance with his future self's girlfriend in a mind-bending reality.",4.1, (198,"https://m.media-amazon.com/images/M/MV5BMzU3ZjlmMWUtOGY5Ni00ZmNjLWI5NjItYzRhZjQ2MTc2ODhhXkEyXkFqcGc@._V1_QL75_UX90_CR0,0,90,133_.jpg",1h 39m,2024.0,After undergoing an experimental time travel process that sends a man into his future he investigates the man he has become by engaging in a romance with his future selfs girlfriend in a mindbending reality
Devara Part 1,"A mighty sea warrior takes a violent stand against the criminal deeds of his village. Years later, his mild-mannered son walks a path of his own.",6.0, (23K,"https://m.media-amazon.com/images/M/MV5BYmI5NTljYWItMDhjMC00NDQwLWFhMjQtNWNjNDYzYzkwNGQ0XkEyXkFqcGc@._V1_QL75_UY133_CR8,0,90,133_.jpg",2h 56m,2024.0,A mighty sea warrior takes a violent stand against the criminal deeds of his village years later his mildmannered son walks a path of his own
Off the Record,"LA musician Astor Grey seems to have it all - true love, a big break, and a hot rock star boyfriend - but in the cutthroat music industry, success and love come at a cost, and nothing is as perfect as it seems.",6.4, (2.3K,"https://m.media-amazon.com/images/M/MV5BODg5ZTg3ZmMtMGUyZi00YjIzLWEzOTEtZGUwYzNmNTI4ZWQ5XkEyXkFqcGc@._V1_QL75_UY133_CR1,0,90,133_.jpg",1h 35m,2024.0,La musician astor grey seems to have it all  true love a big break and a hot rock star boyfriend  but in the cutthroat music industry success and love come at a cost and nothing is as perfect as it seems
Singham Again,"Bajirao Singham and a team of super cops must rescue his wife, Avni, who is producing a stage play based on the Ramayana, from a villainous kidnapper.",4.3, (76K,"https://m.media-amazon.com/images/M/MV5BMjQzZDExZDEtYjAxYy00ZGVhLWE4YWItNTVkZjA5ZjVjZWM3XkEyXkFqcGc@._V1_QL75_UX90_CR0,13,90,133_.jpg",2h 24m,2024.0,Bajirao singham and a team of super cops must rescue his wife avni who is producing a stage play based on the ramayana from a villainous kidnapper
Freedom,"Inspired by real events, the story of Bruno Sulak, a true Arsène Lupin of the 20th century.",5.9, (1.6K,"https://m.media-amazon.com/images/M/MV5BNWU3NzdjY2EtOGJhZC00MzM5LWExNjctNjZhMDc5Zjc2YzQ2XkEyXkFqcGc@._V1_QL75_UX90_CR0,0,90,133_.jpg",1h 50m,2024.0,Inspired by real events the story of bruno sulak a true arsne lupin of the th century
The Old Bachelor,"Two Iranian brothers live with their abusive father. When he rents to a young woman planning to marry her, her attraction to the older son creates tension in their already fractured family.",7.4, (3.5K,"https://m.media-amazon.com/images/M/MV5BODljNmQ3ZmQtZjQ1Zi00MmZmLWJjNmItNmJiZjZlMDYxNGI1XkEyXkFqcGc@._V1_QL75_UY133_CR3,0,90,133_.jpg",3h 12m,2024.0,Two iranian brothers live with their abusive father when he rents to a young woman planning to marry her her attraction to the older son creates tension in their already fractured family
Ulajh,"The journey of a young IFS officer, belonging to a prominent family of patriots, who gets embroiled in a dangerous personal conspiracy while far from her home turf, at a career-defining post.",6.0, (26K,"https://m.media-amazon.com/images/M/MV5BZDEwZjRlYzMtNDc2Ny00Y2Q4LTk1NmQtYmU3NzZhMzNiZWI4XkEyXkFqcGc@._V1_QL75_UY133_CR22,0,90,133_.jpg",2h 30m,2024.0,The journey of a young ifs officer belonging to a prominent family of patriots who gets embroiled in a dangerous personal conspiracy while far from her home turf at a careerdefining post
Hey Joe,"An American veteran who got involved with a young woman from Naples during World War II returns to the same city in the early 1970s to meet his son, who has no interest in his father.",6.4, (659,"https://m.media-amazon.com/images/M/MV5BZDk0MGVkOTQtNjQwNi00MTgwLTk1MTktNTE2NDFmZmZiNzUyXkEyXkFqcGc@._V1_QL75_UY133_CR8,0,90,133_.jpg",1h 57m,2024.0,An american veteran who got involved with a young woman from naples during world war ii returns to the same city in the early s to meet his son who has no interest in his father
The Most Precious of Cargoes,"During a war that plagues everything around, a lumberjack's wife finds an abandoned baby girl. This meeting transforms the lives of the couple and those whose destinies intertwine with that of the child.",7.1, (2.2K,"https://m.media-amazon.com/images/M/MV5BM2MxM2EyMzItNWMxYS00YzhkLTk1ZDgtMjM2Y2I1MzZlYWEzXkEyXkFqcGc@._V1_QL75_UX90_CR0,0,90,133_.jpg",1h 21m,2024.0,During a war that plagues everything around a lumberjacks wife finds an abandoned baby girl this meeting transforms the lives of the couple and those whose destinies intertwine with that of the child
Dan Da Dan: First Encounter,Momo Ayase is a school girl who meets her classmate Ken Takakura (named after the actor). Their unlikely friendship will face them against ghosts and aliens in a series of dark and funny adventures.,8.2, (3.8K,"https://m.media-amazon.com/images/M/MV5BMmE4NGI0NWUtOGFmNS00Yzk4LWFjYWYtYjU2MTAxYTMxMGQ5XkEyXkFqcGc@._V1_QL75_UY133_CR1,0,90,133_.jpg",1h 23m,2024.0,Momo ayase is a school girl who meets her classmate ken takakura named after the actor their unlikely friendship will face them against ghosts and aliens in a series of dark and funny adventures
Cita,A sexually charged story about a young woman who secretly sleeps with her husband's son. The two form an alliance to kill her husband but fate has other plans for Cita.,4.3, (211,"https://m.media-amazon.com/images/M/MV5BYmVjY2UxZWYtNDFlZC00YjU3LThhZTAtMWY2OTk0Y2E4YTI3XkEyXkFqcGc@._V1_QL75_UX90_CR0,1,90,133_.jpg",52m,2024.0,A sexually charged story about a young woman who secretly sleeps with her husbands son the two form an alliance to kill her husband but fate has other plans for cita
Angels Fallen: Warriors of Peace,"When an Iraq War veteran receives a calling from a higher power, he embarks on a mission to stop a fallen angel from raising an army of the dead to take over the world.",3.7, (6.6K,"https://m.media-amazon.com/images/M/MV5BODA2MTFhZmQtYWVhZS00NWViLWFhMGQtNGY2MzQwZTQ2N2UwXkEyXkFqcGc@._V1_QL75_UX90_CR0,0,90,133_.jpg",1h 43m,2024.0,When an iraq war veteran receives a calling from a higher power he embarks on a mission to stop a fallen angel from raising an army of the dead to take over the world
Heart of the Hunter,A retired assassin is pulled back into action when his friend uncovers a dangerous conspiracy at the heart of the South African government.,4.7, (2.3K,"https://m.media-amazon.com/images/M/MV5BZjhiMWM3NjEtNzkxNy00NTNjLWEyNzQtYjdiZTFkODczNWYxXkEyXkFqcGc@._V1_QL75_UY133_CR6,0,90,133_.jpg",1h 45m,2024.0,A retired assassin is pulled back into action when his friend uncovers a dangerous conspiracy at the heart of the south african government
Justice League: Crisis on Infinite Earths - Part Two,The Anti-Monitor (the Monitor's evil counterpart) is released into the DC Multiverse and begins to destroy the different Earths that compose it. The Monitor attempts to recruit heroes from across the Multiverse to fight back.,5.6, (6.3K,"https://m.media-amazon.com/images/M/MV5BNWIzNDFkMDAtMTcyZi00Yjc0LWI0MDAtZGM3NmU0YzkyMGU2XkEyXkFqcGc@._V1_QL75_UX90_CR0,1,90,133_.jpg",1h 34m,2024.0,The antimonitor the monitors evil counterpart is released into the dc multiverse and begins to destroy the different earths that compose it the monitor attempts to recruit heroes from across the multiverse to fight back
Kalikot,"Sal, a professor, moves near an auto shop. Arnel, a repairman, is attracted to her after she brings her car for repair. Their relationship develops, but they face challenges navigating it while Arnel works at the shop.",4.9, (234,"https://m.media-amazon.com/images/M/MV5BZmRmNTM1M2ItNTU4MS00NTgxLThmY2UtOGIzZDhmMDQ3YzJhXkEyXkFqcGc@._V1_QL75_UX90_CR0,1,90,133_.jpg",49m,2024.0,Sal a professor moves near an auto shop arnel a repairman is attracted to her after she brings her car for repair their relationship develops but they face challenges navigating it while arnel works at the shop
Sikandar Ka Muqaddar,"After an unsolved diamond heist, a hard-nosed cop's pursuit of his key suspect turns into obsession, until they finally face each other and the truth.",6.0, (26K,"https://m.media-amazon.com/images/M/MV5BYzZhNWEzNTktMDA1YS00ZmYyLTkwNjgtYTJiMmU2YjZiYjBhXkEyXkFqcGc@._V1_QL75_UY133_CR8,0,90,133_.jpg",2h 22m,2024.0,After an unsolved diamond heist a hardnosed cops pursuit of his key suspect turns into obsession until they finally face each other and the truth
Running on Empty,"Follows Mort who discovers he has less than a year to live, and after his fiancé leaves him, he meets Kate in a dating service that matches people by their death dates, all while being stalked by a disturbed pimp.",4.9, (848,"https://m.media-amazon.com/images/M/MV5BZDRkNWIzOTItOWE1Zi00ZGMwLWIxOTEtMDFjMzJiM2ZkMzhlXkEyXkFqcGc@._V1_QL75_UX90_CR0,0,90,133_.jpg",1h 31m,2024.0,Follows mort who discovers he has less than a year to live and after his fianc leaves him he meets kate in a dating service that matches people by their death dates all while being stalked by a disturbed pimp
Push,Follows a realtor who must survive a night of terror when a deranged client shows up at her open house.,4.6, (1K,"https://m.media-amazon.com/images/M/MV5BMTNhYWRiZTktYjc1NS00Yjk1LThkOTEtZDFlZmFmZGI5YmFhXkEyXkFqcGc@._V1_QL75_UX90_CR0,0,90,133_.jpg",1h 29m,2024.0,Follows a realtor who must survive a night of terror when a deranged client shows up at her open house
Before We Forget,"An Argentinian filmmaker struggling to finish a movie about his unrequited first love receives an unexpected invitation to reconstruct his memories, revisit his past and perhaps even find a new ending to his story.",7.0, (318,"https://m.media-amazon.com/images/M/MV5BMjg4ZDEyM2YtMTVkNi00NzYzLThmNTYtZTNlNGI2ZDYyZDc4XkEyXkFqcGc@._V1_QL75_UY133_CR8,0,90,133_.jpg",1h 48m,2024.0,An argentinian filmmaker struggling to finish a movie about his unrequited first love receives an unexpected invitation to reconstruct his memories revisit his past and perhaps even find a new ending to his story
Believer,"A struggling writer finds herself at the center of the story she is covering when brutally attacked by a notorious cult leader and mass murderer, a man who exerts an inexplicable control over his followers.",4.7, (591,"https://m.media-amazon.com/images/M/MV5BNjI5NWQzZDUtNWJmMC00YTliLTgyM2YtMWFiZTQ0NGNlZmQ4XkEyXkFqcGc@._V1_QL75_UX90_CR0,0,90,133_.jpg",1h 48m,2024.0,A struggling writer finds herself at the center of the story she is covering when brutally attacked by a notorious cult leader and mass murderer a man who exerts an inexplicable control over his followers
Panda Plan,International action superstar Jackie Chan is involved in a rescue operation of a beloved zoo panda named Hu Hu.,5.1, (2.1K,"https://m.media-amazon.com/images/M/MV5BNjUwM2YxNDQtZjAwMi00ZGI5LWJjZGEtZTczZThmYTQ4YTIwXkEyXkFqcGc@._V1_QL75_UX90_CR0,0,90,133_.jpg",1h 39m,2024.0,International action superstar jackie chan is involved in a rescue operation of a beloved zoo panda named hu hu
Trifole,"In this bittersweet portrait of a vanishing rural way of life, Dalia travels to Piedmont to care for her aging grandfather Igor, an expert forager. Armed with his loyal dog Birba, she hunts for a prizewinning truffle to save his home.",6.2, (129,"https://m.media-amazon.com/images/M/MV5BZjAyZjFiYjAtZTAwZS00NzcxLTg0ZDItMmQ4YjZiNjM4MWJkXkEyXkFqcGc@._V1_QL75_UX90_CR0,1,90,133_.jpg",1h 41m,2024.0,In this bittersweet portrait of a vanishing rural way of life dalia travels to piedmont to care for her aging grandfather igor an expert forager armed with his loyal dog birba she hunts for a prizewinning truffle to save his home
You Gotta Believe,"A Little League baseball team of misfits dedicates their season to a player's dying father. In doing so, they accomplish the impossible by reaching the World Series finals in a game that became an ESPN instant classic.",5.9, (1.8K,"https://m.media-amazon.com/images/M/MV5BZWM0ZjQ0MDgtYTNmNS00Yjc0LWFkNDUtMTM2MjU5NWVkZDRkXkEyXkFqcGc@._V1_QL75_UX90_CR0,0,90,133_.jpg",1h 44m,2024.0,A little league baseball team of misfits dedicates their season to a players dying father in doing so they accomplish the impossible by reaching the world series finals in a game that became an espn instant classic
Sting,"After raising an unnervingly talented spider in secret, 12-year-old Charlotte must face the facts about her pet-and fight for her family's survival-when the once-charming creature rapidly transforms into a giant, flesh-eating monster.",5.7, (19K,"https://m.media-amazon.com/images/M/MV5BOWU1NzZiMWQtOWIzNi00OWQ2LThjMjctMGQ4OTMxZTQwOGY3XkEyXkFqcGc@._V1_QL75_UX90_CR0,0,90,133_.jpg",1h 31m,2024.0,After raising an unnervingly talented spider in secret yearold charlotte must face the facts about her petand fight for her familys survivalwhen the oncecharming creature rapidly transforms into a giant flesheating monster
Little Wing,A 13-year-old girl is dragged into the world of pigeon racing as she deals with her parents' divorce and the impending loss of her home.,6.1, (1K,"https://m.media-amazon.com/images/M/MV5BNzc0YmEwYTItMmE5Mi00YmE3LWEzYzktNGNmMDc3ZjkxZDk4XkEyXkFqcGc@._V1_QL75_UX90_CR0,0,90,133_.jpg",1h 40m,2024.0,A yearold girl is dragged into the world of pigeon racing as she deals with her parents divorce and the impending loss of her home
The Reunion,"A family comes together at their estate under the pretext of celebrating their grandma's birthday, but they have come to ship her off to a nursing home and vie for the share of an inheritance in her wake.",6.1, (50,"https://m.media-amazon.com/images/M/MV5BODlkZmQxMTQtN2M5YS00OWQ2LWI4YTAtZGY2OTY4YmE2NzBlXkEyXkFqcGc@._V1_QL75_UX90_CR0,0,90,133_.jpg",1h 30m,2024.0,A family comes together at their estate under the pretext of celebrating their grandmas birthday but they have come to ship her off to a nursing home and vie for the share of an inheritance in her wake
Little Death,A middle-aged filmmaker on the verge of a breakthrough. Two kids in search of a lost backpack. A small dog a long way from home.,5.2, (235,"https://m.media-amazon.com/images/M/MV5BZjZlYmMxMjgtZDI1Yi00ZDIwLWFiYzYtNTc5YTdjZTI5NDM0XkEyXkFqcGc@._V1_QL75_UX90_CR0,1,90,133_.jpg",1h 50m,2024.0,A middleaged filmmaker on the verge of a breakthrough two kids in search of a lost backpack a small dog a long way from home
Tu Sangre,"Fourteen-year-old Sofia's mother vanished from the boarding school where she worked. After a Ouija board reveals she must search there, Sofia enrolls at the school to uncover what happened to her.",3.8, (140,"https://m.media-amazon.com/images/M/MV5BZGI3ZTc2Y2QtMjA4NC00MmY1LThjNmYtOWMyNTg2MTJkZDI2XkEyXkFqcGc@._V1_QL75_UY133_CR2,0,90,133_.jpg",1h 21m,2024.0,Fourteenyearold sofias mother vanished from the boarding school where she worked after a ouija board reveals she must search there sofia enrolls at the school to uncover what happened to her
Dayo,A club dancer leaves everything and starts a new life in a place where nobody knows her. But it seems that desire and temptation follow her wherever she goes.,5.4, (88,"https://m.media-amazon.com/images/M/MV5BNjJlN2Q2ZWUtYThmNC00Mzk0LTkzNDYtYzg5NTc3YzI1YTRmXkEyXkFqcGc@._V1_QL75_UX90_CR0,1,90,133_.jpg",1h 52m,2024.0,A club dancer leaves everything and starts a new life in a place where nobody knows her but it seems that desire and temptation follow her wherever she goes
Billy & Molly: An Otter Love Story,A man forms an unlikely friendship with a wild otter while living in the remote Shetland Islands,8.0, (2.5K,"https://m.media-amazon.com/images/M/MV5BZjlhMmZlNzgtNmExMC00OThiLTgxNTgtNzRiZjNlODkzOGMyXkEyXkFqcGc@._V1_QL75_UX90_CR0,0,90,133_.jpg",1h 17m,2024.0,A man forms an unlikely friendship with a wild otter while living in the remote shetland islands
Shahkot,"Iqbal Singh, a determined Punjabi youth who decides to pursue his passion of venturing abroad, only for his life to take an unexpected turn.",7.3, (97,"https://m.media-amazon.com/images/M/MV5BOGMzZmQ1NjgtOGUxOS00MGYzLWI5ODUtYTE4NzQ5NzcxYjZhXkEyXkFqcGc@._V1_QL75_UY133_CR8,0,90,133_.jpg",1h 55m,2024.0,Iqbal singh a determined punjabi youth who decides to pursue his passion of venturing abroad only for his life to take an unexpected turn
The Sabarmati Report,"A Hindi reporter struggles with a deadly fact when a train full of Karsewaks is set ablaze in Godhra. Years later, he is asked to help expose the Sabarmati Incident backed by a buried report.",6.4, (26K,"https://m.media-amazon.com/images/M/MV5BYzI1OTljM2EtMTM3NC00ODBiLTgxMDAtOTIyOWUyOWI1NjE2XkEyXkFqcGc@._V1_QL75_UX90_CR0,13,90,133_.jpg",2h 7m,2024.0,A hindi reporter struggles with a deadly fact when a train full of karsewaks is set ablaze in godhra years later he is asked to help expose the sabarmati incident backed by a buried report
Sweet Dreams,"Follows Morris, who must coach a misfit softball team of his fellow housemates during his mandatory stay at Sweet Dreams sober living in order to get his life back on track.",5.5, (1.9K,"https://m.media-amazon.com/images/M/MV5BMmI3YTc4NjgtODY0YS00YThmLTljZDgtNTM5NTFmNTIzNWQ3XkEyXkFqcGc@._V1_QL75_UY133_CR5,0,90,133_.jpg",1h 35m,2024.0,Follows morris who must coach a misfit softball team of his fellow housemates during his mandatory stay at sweet dreams sober living in order to get his life back on track
Saving Bikini Bottom: The Sandy Cheeks Movie,"When Bikini Bottom is scooped from the ocean, scientific squirrel Sandy Cheeks and her pal SpongeBob SquarePants saddle up for Texas to save their town.",3.6, (4.6K,"https://m.media-amazon.com/images/M/MV5BYTFmNDU1YjItZThmYi00NjM3LTk5OGEtODgyMDQ3ODFiYjZhXkEyXkFqcGc@._V1_QL75_UY133_CR5,0,90,133_.jpg",1h 22m,2024.0,When bikini bottom is scooped from the ocean scientific squirrel sandy cheeks and her pal spongebob squarepants saddle up for texas to save their town
The Great Ambition,"Follows the life of the great and popular political leader Enrico Berlinguer, who almost led Italy's Communist Party into power in 1978.",7.0, (1.4K,"https://m.media-amazon.com/images/M/MV5BZDY3MGI3ZmYtMDk4NS00NzJhLWFiODEtYTkzYzhlYjkyZGEwXkEyXkFqcGc@._V1_QL75_UY133_CR2,0,90,133_.jpg",2h 3m,2024.0,Follows the life of the great and popular political leader enrico berlinguer who almost led italys communist party into power in 
Pani,"When the peaceful married life of a couple is unexpectedly disrupted by two youngsters with criminal inclination, the trials and tribulations connect the mobster lives of Thrissur by becoming a part of vengeance.",6.9, (3.8K,"https://m.media-amazon.com/images/M/MV5BODQ4NmQ4MmEtNGU0Yy00MWQxLWEyYjktNDMxY2MyOWU5MDFmXkEyXkFqcGc@._V1_QL75_UY133_CR8,0,90,133_.jpg",2h 23m,2024.0,When the peaceful married life of a couple is unexpectedly disrupted by two youngsters with criminal inclination the trials and tribulations connect the mobster lives of thrissur by becoming a part of vengeance
Junction,"Junction addresses the modern day opioid crisis in America, and asks how did this happen, from three different points of view. The CEO of a pharmaceutical company, a doctor, and a patient.",5.2, (363,"https://m.media-amazon.com/images/M/MV5BMzkxYzk5ZjgtNGI4My00ZWNkLWI4ZWYtM2YyOGY4MzdjZWI0XkEyXkFqcGc@._V1_QL75_UX90_CR0,1,90,133_.jpg",1h 38m,2024.0,Junction addresses the modern day opioid crisis in america and asks how did this happen from three different points of view the ceo of a pharmaceutical company a doctor and a patient
Within the Pines,"As sound recordist Sam Evans treks through an isolated forest, his mic picks up a sound no one wants to hear while alone in the woods.",4.5, (275,"https://m.media-amazon.com/images/M/MV5BNjg3ZTBmNDAtZWZiYy00ZjI0LWI2MzYtYjM3OTE0NDA3ODIzXkEyXkFqcGc@._V1_QL75_UX90_CR0,0,90,133_.jpg",1h 13m,2024.0,As sound recordist sam evans treks through an isolated forest his mic picks up a sound no one wants to hear while alone in the woods
F-Buddies,"Jas' boyfriend breaks up with her because she's boring. To prove him wrong, and just to continue to be with him, she agrees to be his f*** buddy.",4.5, (223,"https://m.media-amazon.com/images/M/MV5BNWJhOTJlOGMtNGMyNi00ZjQ0LTliODktMGM5OTlmNzgwYjc0XkEyXkFqcGc@._V1_QL75_UX90_CR0,0,90,133_.jpg",53m,2024.0,Jas boyfriend breaks up with her because shes boring to prove him wrong and just to continue to be with him she agrees to be his f buddy
Cup,"The story of a sixteen-year-old boy, a badminton player from a village named Vellathooval in Idukki, who dreams of the Olympics.",8.5, (104,"https://m.media-amazon.com/images/M/MV5BNmUxOGFjN2YtZmUxYS00ODI4LThiODUtMmYxMDlmZDVlNjRhXkEyXkFqcGc@._V1_QL75_UY133_CR8,0,90,133_.jpg",2h 26m,2024.0,The story of a sixteenyearold boy a badminton player from a village named vellathooval in idukki who dreams of the olympics
Stormskerry Maja,"Seventeen-year-old Maja marries Janne, a fisherman, against her will. Her life on Stormskäret is full of challenges and setbacks. As a fisherman's wife, she has to fend for herself and take care of the family when her husband is at sea.",7.6, (3.1K,"https://m.media-amazon.com/images/M/MV5BNGIwOGRiYWUtZDVhYy00OGFmLTg3ZjctMGFhZGZkYWU0OWEyXkEyXkFqcGc@._V1_QL75_UY133_CR2,0,90,133_.jpg",2h 43m,2024.0,Seventeenyearold maja marries janne a fisherman against her will her life on stormskret is full of challenges and setbacks as a fishermans wife she has to fend for herself and take care of the family when her husband is at sea
Hounds of War,"After a mission goes wrong, only one of a group of mercenaries is left alive to take revenge for his brothers.",4.6, (2.4K,"https://m.media-amazon.com/images/M/MV5BMGM4NTYxMjktOTIxMS00NTQ0LWI1ZjAtY2JmODM1YjgyNTUzXkEyXkFqcGc@._V1_QL75_UX90_CR0,0,90,133_.jpg",1h 35m,2024.0,After a mission goes wrong only one of a group of mercenaries is left alive to take revenge for his brothers
Humans in the Loop,"A single mother from the Oraon tribe balances training AI systems and reconnecting with her roots, while her pre-teen son struggles to accept their new life away from the city.",7.4, (505,"https://m.media-amazon.com/images/M/MV5BYjI4YTAzMGItZjllZi00NjUzLWIyY2ItNjRmNWM0OTUyMzJkXkEyXkFqcGc@._V1_QL75_UY133_CR8,0,90,133_.jpg",1h 14m,2024.0,A single mother from the oraon tribe balances training ai systems and reconnecting with her roots while her preteen son struggles to accept their new life away from the city
An Autumn Summer,"In a magical lake town, one couple and four best friends spend the final month before college chasing an endless summer.",7.0, (11,"https://m.media-amazon.com/images/M/MV5BZjA1NGJlMjgtMGVkMy00ZjBiLWI4NDUtNWI0ZmQyMTQxOTFjXkEyXkFqcGc@._V1_QL75_UX90_CR0,0,90,133_.jpg",1h 38m,2024.0,In a magical lake town one couple and four best friends spend the final month before college chasing an endless summer
Night of the Zoopocalypse,A wolf and mountain lion team up when a meteor unleashes a virus turning zoo animals into zombies. They join forces with other survivors to rescue the zoo and stop the deranged mutant leader from spreading the virus.,6.0, (1.8K,"https://m.media-amazon.com/images/M/MV5BNDY5NjE2MjYtOWNhZC00YWJhLTg5MTAtYWUxMmEwYTE0ZjQ3XkEyXkFqcGc@._V1_QL75_UY133_CR1,0,90,133_.jpg",1h 31m,2024.0,A wolf and mountain lion team up when a meteor unleashes a virus turning zoo animals into zombies they join forces with other survivors to rescue the zoo and stop the deranged mutant leader from spreading the virus
Terminator: Skynet Rising,"Since Legion was destroyed, the machines have been working to restore Skynet. Now the resistance has discovered their plans and must find a way to prevent them.",6.3, (401,"https://m.media-amazon.com/images/M/MV5BMzdmNmQxMDktZWY4OC00M2QwLWExM2ItNjIyYzI5MWYyMWU4XkEyXkFqcGc@._V1_QL75_UX90_CR0,1,90,133_.jpg",1h 28m,2024.0,Since legion was destroyed the machines have been working to restore skynet now the resistance has discovered their plans and must find a way to prevent them
The Program,"Explores the unprecedented bipartisan congressional effort to uncover what intelligence agencies really know about UFOs, now referred to as UAP.",7.1, (1.2K,"https://m.media-amazon.com/images/M/MV5BYTlkMWI0OWUtNmQ5Ni00OWY2LWI4NjItMTcyMGZkMzc0MzA0XkEyXkFqcGc@._V1_QL75_UX90_CR0,1,90,133_.jpg",1h 42m,2024.0,Explores the unprecedented bipartisan congressional effort to uncover what intelligence agencies really know about ufos now referred to as uap
Destroy All Neighbors,"Struggling prog-rock musician William Brown finds himself in a living nightmare when he accidentally kills Vlad, the neighbor from hell.",5.3, (2.3K,"https://m.media-amazon.com/images/M/MV5BMGU4NzVmY2QtMTQ3YS00ZmZiLWFmYzEtMTE5NjA2ODc4NDY2XkEyXkFqcGc@._V1_QL75_UX90_CR0,1,90,133_.jpg",1h 25m,2024.0,Struggling progrock musician william brown finds himself in a living nightmare when he accidentally kills vlad the neighbor from hell
Unspoken,"Follows a closeted teenager in a religious community who finds a love letter written to his grandfather by another man, so he sets out to find the person.",7.2, (142,"https://m.media-amazon.com/images/M/MV5BNTRkYWVkNzItODEzZi00ZDk0LWE2ZjEtMjNiMGFkNTdhMDljXkEyXkFqcGc@._V1_QL75_UY133_CR1,0,90,133_.jpg",1h 31m,2024.0,Follows a closeted teenager in a religious community who finds a love letter written to his grandfather by another man so he sets out to find the person
Hack Your Health: The Secrets of Your Gut,An informative yet lighthearted documentary exploring the intricacies of the digestive system and its pivotal role in maintaining overall health and well-being.,6.6, (3.7K,"https://m.media-amazon.com/images/M/MV5BN2RkMzM2OGItYjkxNi00NWVkLTk4Y2ItOGQ1NTIxMjE2NjFmXkEyXkFqcGc@._V1_QL75_UY133_CR8,0,90,133_.jpg",1h 19m,2024.0,An informative yet lighthearted documentary exploring the intricacies of the digestive system and its pivotal role in maintaining overall health and wellbeing
Wallbanger,"Caroline, a single interior designer, moves into what seems like the perfect apartment only to be awakened nightly by her neighbor, the 'wallbanger,' sparking an unexpected, tension-filled connection.",5.6, (911,"https://m.media-amazon.com/images/M/MV5BODU4YTA0MTktZDllYS00YjMxLWFlYTItYTRmZjUyY2JhYmIxXkEyXkFqcGc@._V1_QL75_UX90_CR0,1,90,133_.jpg",1h 58m,2024.0,Caroline a single interior designer moves into what seems like the perfect apartment only to be awakened nightly by her neighbor the wallbanger sparking an unexpected tensionfilled connection
Challenger,,5.7, (311,"https://m.media-amazon.com/images/M/MV5BYmY5MGEwN2YtZWNmNC00Y2RlLWEzNDMtNjlhMjJhZGUzNTQzXkEyXkFqcGc@._V1_QL75_UY133_CR4,0,90,133_.jpg",1h 35m,2024.0,
Frida,"A raw and magical journey into the life of iconic artist Frida Kahlo, told through her own words from diaries, letters, essays, and interviews. Vividly brought to life with lyrical animation inspired by her unforgettable artwork.",7.5, (1.7K,"https://m.media-amazon.com/images/M/MV5BZGFjZTEwZTItOTM4OS00MzgxLTk1YjktMjlhMmJmMDA0OTdjXkEyXkFqcGc@._V1_QL75_UX90_CR0,0,90,133_.jpg",1h 27m,2024.0,A raw and magical journey into the life of iconic artist frida kahlo told through her own words from diaries letters essays and interviews vividly brought to life with lyrical animation inspired by her unforgettable artwork
Witches,"Examines the relationship between cinematic portrayals of witches and postpartum depression, utilizing film history footage alongside personal testimony.",7.4, (1.6K,"https://m.media-amazon.com/images/M/MV5BYmY5Nzc1NmUtZGVlMy00OWE2LWExNzAtMjM2NTdiZTExZTY1XkEyXkFqcGc@._V1_QL75_UX90_CR0,11,90,133_.jpg",1h 30m,2024.0,Examines the relationship between cinematic portrayals of witches and postpartum depression utilizing film history footage alongside personal testimony
Compulsion,"On the island of Malta, two women get engaged in a string of horrifying murders.",3.6, (517,"https://m.media-amazon.com/images/M/MV5BOTRkZGMwNmUtNjM0Mi00ZGQ3LTg1OTEtYTQ5MGU1ZmEyNjIyXkEyXkFqcGc@._V1_QL75_UX90_CR0,0,90,133_.jpg",1h 41m,2024.0,On the island of malta two women get engaged in a string of horrifying murders
Snow White,"Looking for love on dating apps. Iman falls for the romantic Emad online, she hides her dwarfism using a filter and catfishes Emad, but for the sake of love. Will her little secret be forgiven?",6.8, (144,"https://m.media-amazon.com/images/M/MV5BY2Y0ZmQ3YTMtMzkyYi00ZGQzLThiYjEtMWMyMTg2NGFlNGIxXkEyXkFqcGc@._V1_QL75_UY133_CR2,0,90,133_.jpg",1h 45m,2024.0,Looking for love on dating apps iman falls for the romantic emad online she hides her dwarfism using a filter and catfishes emad but for the sake of love will her little secret be forgiven
Love at 39 Degrees,"Fatih and Kumru, a lawyer from different cities, team up for a case involving a cheating spouse. They spend 8 hours racing around Izmir gathering evidence, unexpectedly altering their plans and lives.",5.6, (1.7K,"https://m.media-amazon.com/images/M/MV5BYjdjNTdlMDItNmQ4ZS00MDk1LWE3MDgtZDM1MGFhZmUwZTg1XkEyXkFqcGc@._V1_QL75_UX90_CR0,1,90,133_.jpg",1h 55m,2024.0,Fatih and kumru a lawyer from different cities team up for a case involving a cheating spouse they spend  hours racing around izmir gathering evidence unexpectedly altering their plans and lives
Straight A Pregnancy,Brilliant student Kelsey gets pregnant after a one-night stand with notorious frat boy Ben. He cuts her off until learning about the pregnancy.,8.2, (136,"https://m.media-amazon.com/images/M/MV5BOTUwNmJmNWMtNTZmYy00NjA0LTg1MDUtODg2MTk4NGVkNWRmXkEyXkFqcGc@._V1_QL75_UY133_CR5,0,90,133_.jpg",,2024.0,Brilliant student kelsey gets pregnant after a onenight stand with notorious frat boy ben he cuts her off until learning about the pregnancy
I Want to Talk,"Arjun loves to talk, but when he learns he has 100 days to live, his priorities shift. His only wishes: reconnect with his 7-year-old daughter and find a way to survive. I WANT TO TALK is a heartfelt dad-daughter story about life's beauty.",7.1, (2.5K,"https://m.media-amazon.com/images/M/MV5BZjYwOGExYjAtNjEwZC00MTRiLTkzY2UtZWNmMDc5ZWVjMmY5XkEyXkFqcGc@._V1_QL75_UX90_CR0,0,90,133_.jpg",2h 2m,2024.0,Arjun loves to talk but when he learns he has  days to live his priorities shift his only wishes reconnect with his yearold daughter and find a way to survive i want to talk is a heartfelt daddaughter story about lifes beauty
A Strange House,"Amemiya is an unpopular Youtuber who specializes in the occult. One day, his manager brings him a floor plan with an inscrutable point. With the help of Kurihara and Yuzuki, he begins to look into the plan and reveal the mystery behind.",5.2, (466,"https://m.media-amazon.com/images/M/MV5BNzU4ZjdmOWItMDYxNS00MmJmLThiNzUtMjBiNWMxYTIxMTNlXkEyXkFqcGc@._V1_QL75_UY133_CR2,0,90,133_.jpg",1h 50m,2024.0,Amemiya is an unpopular youtuber who specializes in the occult one day his manager brings him a floor plan with an inscrutable point with the help of kurihara and yuzuki he begins to look into the plan and reveal the mystery behind
The Truth vs. Alex Jones,"Centers on families of the victims of the 2012 Sandy Hook shooting. They take Alex Jones, a conspiracy theorist, to court for spreading lies about the event being a hoax.",7.5, (3.3K,"https://m.media-amazon.com/images/M/MV5BNzcwMTAyZjYtZGM0Zi00NjFmLWE5YTEtMzg1MmYwMjNiZDM5XkEyXkFqcGc@._V1_QL75_UX90_CR0,0,90,133_.jpg",2h 1m,2024.0,Centers on families of the victims of the  sandy hook shooting they take alex jones a conspiracy theorist to court for spreading lies about the event being a hoax
Babes,"Lifelong friends Eden and Dawn, one single and wanting a baby, the other already a mother, navigate challenges to their bond when Eden pursues pregnancy alone after a one-night stand.",6.3, (7.1K,"https://m.media-amazon.com/images/M/MV5BMDg2ZmU1MjYtODNhMS00MmI2LWI2ZGQtOWVmYjk1NDJkYWM3XkEyXkFqcGc@._V1_QL75_UX90_CR0,0,90,133_.jpg",1h 44m,2024.0,Lifelong friends eden and dawn one single and wanting a baby the other already a mother navigate challenges to their bond when eden pursues pregnancy alone after a onenight stand
National Theatre Live: Vanya,"Andrew Scott brings multiple characters to life in Chekhov's Uncle Vanya, filmed live in West End, London. Hopes, dreams, and regrets are thrust into sharp focus in this one-man adaptation which explores the complexities of human emotions.",8.5, (1.2K,"https://m.media-amazon.com/images/M/MV5BMTJmZDFmMTgtOTE5Zi00YWY2LTliOWQtOWIyMzUxMzgyYmRiXkEyXkFqcGc@._V1_QL75_UY133_CR2,0,90,133_.jpg",2h 2m,2024.0,Andrew scott brings multiple characters to life in chekhovs uncle vanya filmed live in west end london hopes dreams and regrets are thrust into sharp focus in this oneman adaptation which explores the complexities of human emotions
Successor,"Ma Chenggang and Chunlan, who have ""no oil in their soup and no money in their pockets"", ride a donkey to work and have a poor family. Their son Ma Jiye is the only hope who can change their fate.",6.8, (1.7K,"https://m.media-amazon.com/images/M/MV5BOTE1YWY1MTItNTFhMi00ZGZmLTg0YzYtNjM5YWFmYWUxY2JjXkEyXkFqcGc@._V1_QL75_UX90_CR0,1,90,133_.jpg",2h 13m,2024.0,Ma chenggang and chunlan who have no oil in their soup and no money in their pockets ride a donkey to work and have a poor family their son ma jiye is the only hope who can change their fate
Boot Camp,"Follows unathletic Whitney Carmichael, who signs up for an intense summer boot camp to reinvent herself and falls for her personal trainer. She then finds the strength to embrace her true self and ignore the others' expectations.",5.7, (1.5K,"https://m.media-amazon.com/images/M/MV5BMmE0ZjM4MGMtYmRhZi00ODVhLWI0MWQtZDM1Mzk2MzM0MDE0XkEyXkFqcGc@._V1_QL75_UY133_CR8,0,90,133_.jpg",1h 34m,2024.0,Follows unathletic whitney carmichael who signs up for an intense summer boot camp to reinvent herself and falls for her personal trainer she then finds the strength to embrace her true self and ignore the others expectations
Same Old West,"In the backlands of Goiás, two brutal men, after being abandoned by the same woman, turn violently against each other.",7.5, (768,"https://m.media-amazon.com/images/M/MV5BZmNhMTExOWYtNDZmOC00N2FhLWJhYzUtZDY3OTZlYzMzMmQ3XkEyXkFqcGc@._V1_QL75_UY133_CR8,0,90,133_.jpg",1h 38m,2024.0,In the backlands of gois two brutal men after being abandoned by the same woman turn violently against each other
Scared Shitless,"A plumber and his germophobic son are forced to get their hands dirty to save the residents of an apartment building, when a genetically engineered, blood-thirsty creature escapes into the plumbing system.",5.6, (1.2K,"https://m.media-amazon.com/images/M/MV5BYTlkODkyN2QtNDQwMi00Nzg5LTliOTYtOTRkYzExMTNjM2RmXkEyXkFqcGc@._V1_QL75_UX90_CR0,0,90,133_.jpg",1h 14m,2024.0,A plumber and his germophobic son are forced to get their hands dirty to save the residents of an apartment building when a genetically engineered bloodthirsty creature escapes into the plumbing system
Romeo,"A husband tries to win the love of his wife, who marries him because of familial obligation.",6.1, (1.5K,"https://m.media-amazon.com/images/M/MV5BYWUzMzM1MDktODFhNS00MDU4LTk1YzctZjI4OTg2N2Y4MDBiXkEyXkFqcGc@._V1_QL75_UY133_CR8,0,90,133_.jpg",2h 30m,2024.0,A husband tries to win the love of his wife who marries him because of familial obligation
The Last Journey,"Renowned Swedish TV-duo Filip and Fredrik embark on a trip to France, aiming to rekindle the zest for life of Filip's father",7.8, (6.1K,"https://m.media-amazon.com/images/M/MV5BZTU0YzI1MTMtZDhmMy00ZWI0LTkyMmEtYTczNTYxYWIwZDNmXkEyXkFqcGc@._V1_QL75_UY133_CR2,0,90,133_.jpg",1h 35m,2024.0,Renowned swedish tvduo filip and fredrik embark on a trip to france aiming to rekindle the zest for life of filips father
Second Life,"Whilst serving a prison sentence for killing a gang boss, Liang gives birth to a boy who is put into welfare. 30 years later, Liang is released from prison, and the gang send blind Ah Gui to pose as Liang's blind son so he can kill her.",6.7, (103,"https://m.media-amazon.com/images/M/MV5BN2EwMzdlMjQtNGNjZi00N2RlLTgxYjQtYTJmZjNiZDc2NGQzXkEyXkFqcGc@._V1_QL75_UY133_CR6,0,90,133_.jpg",1h 45m,2024.0,Whilst serving a prison sentence for killing a gang boss liang gives birth to a boy who is put into welfare  years later liang is released from prison and the gang send blind ah gui to pose as liangs blind son so he can kill her
Utopia,"Soldier investigates wife's disappearance, infiltrates facility believing she's trafficked. Discovers facility is futuristic fantasy park blurring reality and illusion, complicating his search for truth about her fate.",3.8, (596,"https://m.media-amazon.com/images/M/MV5BMDQ0NGE3ZTYtN2NiYy00MGQ0LTllYWEtNjZhMjBjNjEzZjAxXkEyXkFqcGc@._V1_QL75_UX90_CR0,1,90,133_.jpg",1h 31m,2024.0,Soldier investigates wifes disappearance infiltrates facility believing shes trafficked discovers facility is futuristic fantasy park blurring reality and illusion complicating his search for truth about her fate
Hiçbir Sey Normal Degil,A circus-like dark comedy about a country of destruction.,6.1, (175,"https://m.media-amazon.com/images/M/MV5BNGJjMmIzMWMtNDJlZi00NmVhLTg3MzEtNDJiYzU5NTkxNjQ5XkEyXkFqcGc@._V1_QL75_UY133_CR2,0,90,133_.jpg",1h 11m,2024.0,A circuslike dark comedy about a country of destruction
Mukadderat,After the loss of her husband Sultan wants to remarry. Thus she finds herself in a new way.,6.9, (2.5K,"https://m.media-amazon.com/images/M/MV5BODQ1ZjAyYjYtM2E2Ny00ZjI5LWExZmEtMzljYjY4NzE1OGViXkEyXkFqcGc@._V1_QL75_UY133_CR2,0,90,133_.jpg",1h 30m,2024.0,After the loss of her husband sultan wants to remarry thus she finds herself in a new way
Porcelain War,"Under roaring fighter jets, Ukrainian artists Slava, Anya, and Andrey choose to stay behind. Defiantly finding beauty amid destruction, they show that although it's easy to make people afraid, it's hard to destroy their passion for living.",7.1, (1.4K,"https://m.media-amazon.com/images/M/MV5BZjkxMTQ3YWMtYmE3My00MDZlLWE1MGEtNmM2NDMzMTljNDczXkEyXkFqcGc@._V1_QL75_UX90_CR0,3,90,133_.jpg",1h 27m,2024.0,Under roaring fighter jets ukrainian artists slava anya and andrey choose to stay behind defiantly finding beauty amid destruction they show that although its easy to make people afraid its hard to destroy their passion for living
Bir Cumhuriyet Sarkisi,"In 1930s Turkey, a handful of young, talented and determined people strive to realize an artistic revolution in a fledgling country.",7.4, (1.9K,"https://m.media-amazon.com/images/M/MV5BMjJjZjQzMGMtNmJiMi00OWM5LWJlOGEtYTUzY2E4NWQzYThhXkEyXkFqcGc@._V1_QL75_UY133_CR2,0,90,133_.jpg",2h 8m,2024.0,In s turkey a handful of young talented and determined people strive to realize an artistic revolution in a fledgling country
Transplant,A Korean-American surgical resident pushes himself to extreme lengths while training under a legendary heart transplant surgeon who's obsessed with protecting his perfect reputation.,8.3, (30,"https://m.media-amazon.com/images/M/MV5BZjYyNzI0ZjMtNTA5Ny00NTkzLWJkYjgtN2FmODI2MTljMGEzXkEyXkFqcGc@._V1_QL75_UX90_CR0,1,90,133_.jpg",1h 33m,2024.0,A koreanamerican surgical resident pushes himself to extreme lengths while training under a legendary heart transplant surgeon whos obsessed with protecting his perfect reputation
That Christmas,"It's an unforgettable Christmas for the townsfolk of Wellington-on-Sea when the worst snowstorm in history alters everyone's plans, including Santa's.",6.8, (20K,"https://m.media-amazon.com/images/M/MV5BZWRkZjQwNDctOWY2Yy00ZTczLTg2ZTMtMDBlYTVhNGE1OGYzXkEyXkFqcGc@._V1_QL75_UY133_CR8,0,90,133_.jpg",1h 31m,2024.0,Its an unforgettable christmas for the townsfolk of wellingtononsea when the worst snowstorm in history alters everyones plans including santas
All the Long Nights,"Misa, battling PMS and stigma, starts anew at Kurita Optics. Amidst work and sweets, she meets Takatoshi. Despite his quiet demeanor and struggle with panic attacks, a deep bond forms.",7.0, (1K,"https://m.media-amazon.com/images/M/MV5BYzJlYjhiYjUtZWRlNi00NjFjLWFkN2EtNDUyODkwYjc1YTY4XkEyXkFqcGc@._V1_QL75_UY133_CR2,0,90,133_.jpg",1h 59m,2024.0,Misa battling pms and stigma starts anew at kurita optics amidst work and sweets she meets takatoshi despite his quiet demeanor and struggle with panic attacks a deep bond forms
Ramón y Ramón,"After receiving the ashes of his father, with whom he had a distant relationship, Ramón meets Mateo during confinement. Despite their differences, a deep connection emerges. Mateo decides to accompany Ramón on a trip to scatter the ashes.",6.1, (121,"https://m.media-amazon.com/images/M/MV5BNTMzYWQyZTYtZGRhMi00ODMxLTg1NzktNmVhNmZmNzcxZWRkXkEyXkFqcGc@._V1_QL75_UY133_CR2,0,90,133_.jpg",1h 40m,2024.0,After receiving the ashes of his father with whom he had a distant relationship ramn meets mateo during confinement despite their differences a deep connection emerges mateo decides to accompany ramn on a trip to scatter the ashes
Possession: Kerasukan,"Faris, who had just returned from his duty as a soldier. Instead of being warm, his return was actually greeted with a request for divorce from his wife, Ratna.",3.5, (329,"https://m.media-amazon.com/images/M/MV5BMjM3MGI5YTEtN2Q2Ni00YzkzLWJjYjgtY2VhMzZjZDMxYzc2XkEyXkFqcGc@._V1_QL75_UX90_CR0,1,90,133_.jpg",1h 34m,2024.0,Faris who had just returned from his duty as a soldier instead of being warm his return was actually greeted with a request for divorce from his wife ratna
The Bloody Hundredth,It honors the heroes of the 100th Bomb Group.,7.5, (2.9K,"https://m.media-amazon.com/images/M/MV5BMWNlODgzZGItZjc3ZC00Zjc3LWE0Y2QtZTMwNjhhZjQyMTdiXkEyXkFqcGc@._V1_QL75_UX90_CR0,1,90,133_.jpg",1h 2m,2024.0,It honors the heroes of the th bomb group
The Other Way Around,"After 15 years as a couple, Ale and Alex decide to throw a party to celebrate their separation, leaving their loved ones perplexed.",6.4, (2K,"https://m.media-amazon.com/images/M/MV5BNTVkNDU5NzUtMTUzZS00MTgzLWJjZTgtNjM1YmI2ODFlMDYzXkEyXkFqcGc@._V1_QL75_UY133_CR2,0,90,133_.jpg",1h 54m,2024.0,After  years as a couple ale and alex decide to throw a party to celebrate their separation leaving their loved ones perplexed
Suspended Time,"During COVID-19 lockdown in 2020, two married couples quarantine together in a country house, leading to rising tensions and revelations about their relationships.",5.5, (416,"https://m.media-amazon.com/images/M/MV5BMWM4ZTM1ZGItMzdlOC00NmQ0LWEwZmEtYzFmMjQzNGFkMzI4XkEyXkFqcGc@._V1_QL75_UX90_CR0,0,90,133_.jpg",1h 45m,2024.0,During covid lockdown in  two married couples quarantine together in a country house leading to rising tensions and revelations about their relationships
Bel Ami,"A small, unknown border town has begun to snow. A man in his middle age, has decided to come out of the closet. He wanders the town, searching..",7.2, (200,"https://m.media-amazon.com/images/M/MV5BM2I5NWYxNWYtMjVkOC00ZWEzLTg0YWYtM2RiMTQxMmM2MjUyXkEyXkFqcGc@._V1_QL75_UY133_CR2,0,90,133_.jpg",1h 57m,2024.0,A small unknown border town has begun to snow a man in his middle age has decided to come out of the closet he wanders the town searching
Billy Preston: That's the Way God Planned It,Follows the story and challenging life of legendary musician and genius keyboardist Billy Preston.,8.7, (37,"https://m.media-amazon.com/images/M/MV5BOTMxZTQ4OTYtNTU1Ny00ZGFmLWJlMjYtOGM4YTlkODkyYjEyXkEyXkFqcGc@._V1_QL75_UX90_CR0,0,90,133_.jpg",1h 45m,2024.0,Follows the story and challenging life of legendary musician and genius keyboardist billy preston
Drie dagen vis,"This black-and-white drama/comedy explores the strained relationship between Gerrie and his son Dick during their annual three-day reunion in Rotterdam, with the looming threat that this might be Gerrie's last visit.",7.0, (581,"https://m.media-amazon.com/images/M/MV5BMTkxN2NlMjQtZmI0OS00OWViLTkwZWMtYWMyM2QwNWUyMzAwXkEyXkFqcGc@._V1_QL75_UY133_CR2,0,90,133_.jpg",1h 25m,2024.0,This blackandwhite dramacomedy explores the strained relationship between gerrie and his son dick during their annual threeday reunion in rotterdam with the looming threat that this might be gerries last visit
Being Maria,"Maria Schneider's rise to fame after ""Last Tango in Paris"" and its controversial production's impact on her life and career.",6.1, (1.1K,"https://m.media-amazon.com/images/M/MV5BNzFmZmMyNzktZDA5Ny00ZDZmLWFmZWYtZjdiYTk1YmQ0MmUzXkEyXkFqcGc@._V1_QL75_UX90_CR0,0,90,133_.jpg",1h 40m,2024.0,Maria schneiders rise to fame after last tango in paris and its controversial productions impact on her life and career
Elton John: Never Too Late,"It showcases never-before-seen concert footage of him over the past 50 years, as well as hand-written journals and present-day footage of him and his family.",6.6, (2.3K,"https://m.media-amazon.com/images/M/MV5BMDMyOTI1OGMtZjM4Ni00YzMxLThkZmItYWU4MjUwM2RlZTAwXkEyXkFqcGc@._V1_QL75_UY133_CR1,0,90,133_.jpg",1h 42m,2024.0,It showcases neverbeforeseen concert footage of him over the past  years as well as handwritten journals and presentday footage of him and his family
And Their Children After Them,"In eastern France, two teenage cousins have the summer of their lives when they paddle a purloined canoe to the far shore of a lake.",6.4, (1K,"https://m.media-amazon.com/images/M/MV5BN2NlNjY5MWItYjYzMy00ZDZmLWJiYzYtMzcxMDM5NDRkZmRhXkEyXkFqcGc@._V1_QL75_UY133_CR5,0,90,133_.jpg",2h 26m,2024.0,In eastern france two teenage cousins have the summer of their lives when they paddle a purloined canoe to the far shore of a lake
In Waves and War,Highly decorated Navy SEAL Marcus Capone struggles with PTSD after returning from Afghanistan. His wife finds hope in psychedelic therapy. They embark on providing access to this treatment for other veterans battling mental health issues.,7.8, (657,"https://m.media-amazon.com/images/M/MV5BYjg0NWU4NzQtMTIxOC00ZmUxLTkzZDQtMDRkMDNlZWUwMGI0XkEyXkFqcGc@._V1_QL75_UX90_CR0,1,90,133_.jpg",1h 47m,2024.0,Highly decorated navy seal marcus capone struggles with ptsd after returning from afghanistan his wife finds hope in psychedelic therapy they embark on providing access to this treatment for other veterans battling mental health issues
Bedspacer,Janice's steamy obsession to imitate Lexi propels them to campus stardom. But dark secrets blur the lines between authenticity and seductive deception.,4.3, (440,"https://m.media-amazon.com/images/M/MV5BZDEyNWUxN2ItNzg5ZC00NmExLThhYjctNDI2YmRkMDM4ZmRiXkEyXkFqcGc@._V1_QL75_UY133_CR0,0,90,133_.jpg",1h 30m,2024.0,Janices steamy obsession to imitate lexi propels them to campus stardom but dark secrets blur the lines between authenticity and seductive deception
The Problem with People,Two estranged cousins who never knew each other try to make amends for many generations of family dispute.,5.7, (727,"https://m.media-amazon.com/images/M/MV5BYmUyMDE1NGYtNDA1OS00Y2NlLTgwZjQtYTk0OGUzZTg3NGQ5XkEyXkFqcGc@._V1_QL75_UX90_CR0,0,90,133_.jpg",1h 42m,2024.0,Two estranged cousins who never knew each other try to make amends for many generations of family dispute
Mafia Wars,An ex-con gets released early from prison only to be forced into an undercover unit of six men and on his first day the other five are all killed. Now he must face the men who he was tasked to spy on.,3.6, (401,"https://m.media-amazon.com/images/M/MV5BNWM4MzUyNzUtMTFjOS00NDUwLWI0NzQtMzQzZDYyYTA0ZWZjXkEyXkFqcGc@._V1_QL75_UX90_CR0,1,90,133_.jpg",1h 38m,2024.0,An excon gets released early from prison only to be forced into an undercover unit of six men and on his first day the other five are all killed now he must face the men who he was tasked to spy on
Jimmy Carr: Natural Born Killer,"An iconic comedian tackles controversial issues such as gun control, religion, cancellation culture and consent through provocative humor.",6.7, (2.9K,"https://m.media-amazon.com/images/M/MV5BMWU5YTE5MTItMGRkNi00ZTk4LWE2MzEtMjVkMWE0OTZkMDNlXkEyXkFqcGc@._V1_QL75_UX90_CR0,0,90,133_.jpg",59m,2024.0,An iconic comedian tackles controversial issues such as gun control religion cancellation culture and consent through provocative humor
Summer Camp,"Follows Nora, Ginny, and Mary, three childhood best friends who used to spend every summer at a sleep-away camp together. After years, when the opportunity to get back together for a summer camp reunion presents itself, they all seize it.",4.6, (2.2K,"https://m.media-amazon.com/images/M/MV5BZTY4M2ZjN2ItMzJjNi00MDcxLWEwYjktZmRkZTIzZjE5MGRjXkEyXkFqcGc@._V1_QL75_UX90_CR0,0,90,133_.jpg",1h 35m,2024.0,Follows nora ginny and mary three childhood best friends who used to spend every summer at a sleepaway camp together after years when the opportunity to get back together for a summer camp reunion presents itself they all seize it
I Win,"While doing community service, Jax Donovan meets a young man with Down Syndrome. He also befriends Bailey, and Juliette, and they forge a friendship that teaches them about love, life and forgiveness.",7.8, (113,"https://m.media-amazon.com/images/M/MV5BNWNiZDQzMTAtYjE2ZS00NmU0LTg1NWEtZmVmZTVkNjAzMzAyXkEyXkFqcGc@._V1_QL75_UY133_CR2,0,90,133_.jpg",1h 27m,2024.0,While doing community service jax donovan meets a young man with down syndrome he also befriends bailey and juliette and they forge a friendship that teaches them about love life and forgiveness
Paper Flowers,"Paper Flowers-a USC grad's quest for change in Peru is cut short by cancer. Back home, he finds strength in family and his college love. Shalin's viral manifesto urges cherishing every moment-a true tale of love, legacy, and now.",7.8, (159,"https://m.media-amazon.com/images/M/MV5BOGNhOTI4YTEtNzBhMi00MzM0LTgzNDUtNDNiMGQyYjlmMGJlXkEyXkFqcGc@._V1_QL75_UX90_CR0,0,90,133_.jpg",1h 40m,2024.0,Paper flowersa usc grads quest for change in peru is cut short by cancer back home he finds strength in family and his college love shalins viral manifesto urges cherishing every momenta true tale of love legacy and now
The Clean Up Crew,"When a crime scene cleanup crew discovers a briefcase full of money, they are unwittingly sent into a battle with a ruthless and corrupt crime boss, mobsters, hitmen, and corrupt government agents who are hell-bent on getting it back.",4.2, (1.6K,"https://m.media-amazon.com/images/M/MV5BOWM2OTc0NWYtMjU3Ny00ZTU5LWJkMTItMjVjOTlkZTJjMGEwXkEyXkFqcGc@._V1_QL75_UY133_CR2,0,90,133_.jpg",1h 35m,2024.0,When a crime scene cleanup crew discovers a briefcase full of money they are unwittingly sent into a battle with a ruthless and corrupt crime boss mobsters hitmen and corrupt government agents who are hellbent on getting it back
Justice League: Crisis on Infinite Earths - Part One,"The Anti-Monitor, the Monitor's evil counterpart, is released into the DC Multiverse and begins to destroy the different Earths that compose it. The Monitor attempts to recruit heroes from across the Multiverse to fight back.",6.2, (9.7K,"https://m.media-amazon.com/images/M/MV5BNWQ1YWQwNWItNTI0NC00Mjk4LWJmOWItNDJmYjIzNzA3OWQ0XkEyXkFqcGc@._V1_QL75_UX90_CR0,1,90,133_.jpg",1h 33m,2024.0,The antimonitor the monitors evil counterpart is released into the dc multiverse and begins to destroy the different earths that compose it the monitor attempts to recruit heroes from across the multiverse to fight back
Let Go,"Stella juggles demands of young son, moody teen daughter, and distant husband. Chaos ensues until a message prompts a family trip where she must overcome challenges to reunite them.",7.0, (7.3K,"https://m.media-amazon.com/images/M/MV5BM2E0MWQ0MWEtMzM1Mi00ZjhiLTlhOTUtYWVlZjhlMGVlMTRlXkEyXkFqcGc@._V1_QL75_UX90_CR0,13,90,133_.jpg",1h 50m,2024.0,Stella juggles demands of young son moody teen daughter and distant husband chaos ensues until a message prompts a family trip where she must overcome challenges to reunite them
76 Days Adrift,"After a whale hits his boat, Steven Callahan survives 76 days alone on a life raft crossing the Atlantic. His bestselling story ""Adrift"" comes alive through vintage footage, photos, and recreations.",8.9, (10,"https://m.media-amazon.com/images/M/MV5BMWFlY2UzNGEtZGU4MC00MWZiLTlhODQtYjM1YmJiYWE4MmJiXkEyXkFqcGc@._V1_QL75_UX90_CR0,0,90,133_.jpg",1h 45m,2024.0,After a whale hits his boat steven callahan survives  days alone on a life raft crossing the atlantic his bestselling story adrift comes alive through vintage footage photos and recreations
Time Travel Is Dangerous,"Best friends Ruth and Megan run a vintage shop in Muswell Hill. Stumbling across a time machine, they embark on trips to the past to stock their shop with no idea of the irreparable damage they're causing to the fabric of the universe.",4.8, (476,"https://m.media-amazon.com/images/M/MV5BMTdhNmQyZmItZTNlZi00NTNjLTkxMjgtYTRiOWEzMzI4MTAxXkEyXkFqcGc@._V1_QL75_UX90_CR0,0,90,133_.jpg",1h 39m,2024.0,Best friends ruth and megan run a vintage shop in muswell hill stumbling across a time machine they embark on trips to the past to stock their shop with no idea of the irreparable damage theyre causing to the fabric of the universe
Gaslit by My Husband: The Morgan Metzer Story,"Morgan's ex-husband Rodney shows up minutes after a masked intruder has assaulted her in her home. Rodney's answers to the authorities' questions don't seem to add up, which makes him the prime suspect in the attack. Based on a true story.",6.1, (670,"https://m.media-amazon.com/images/M/MV5BNzUyMmEyNWYtMWEwMC00NDRkLWIxZDItMzczNmZjOTBkNjg0XkEyXkFqcGc@._V1_QL75_UX90_CR0,1,90,133_.jpg",1h 28m,2024.0,Morgans exhusband rodney shows up minutes after a masked intruder has assaulted her in her home rodneys answers to the authorities questions dont seem to add up which makes him the prime suspect in the attack based on a true story
The Calendar Killer,Klara is going to die today unless she kills her husband instead. The Calendar Killer has given her that impossible choice. When Jules starts his night shift at a safety helpline for lonely women on their way home Klara's call reaches him.,5.5, (5K,"https://m.media-amazon.com/images/M/MV5BMjg3ZTBhYjktOGUwOC00YWUzLWE0YzktYTgyZWY5MTZlZjkxXkEyXkFqcGc@._V1_QL75_UX90_CR0,0,90,133_.jpg",1h 37m,2024.0,Klara is going to die today unless she kills her husband instead the calendar killer has given her that impossible choice when jules starts his night shift at a safety helpline for lonely women on their way home klaras call reaches him
Rez Ball,"The Chuska Warriors, a Native American high school basketball team from New Mexico, must band together after losing their star player if they want to keep their quest for a state championship alive.",6.4, (2.9K,"https://m.media-amazon.com/images/M/MV5BMzAxZDVlYjItYTE4Mi00ZWEwLWJkNDktOGU2NTA1ZTAxNGM4XkEyXkFqcGc@._V1_QL75_UX90_CR0,0,90,133_.jpg",1h 51m,2024.0,The chuska warriors a native american high school basketball team from new mexico must band together after losing their star player if they want to keep their quest for a state championship alive
Shrek 5: The Contract - A Fan Made Film,"In this film, when all 4 of Shrek's old nemesis come back from the dead and kill Fiona, he must find a way to bring Fiona back from the dead via magical contract, all with the help of Donkey, Puss, and some new faces.",7.3, (33,"https://m.media-amazon.com/images/M/MV5BZThlNDAzZTAtZTZjZi00NmQ5LTk0MzYtNjk0Y2YxNTg3MmYzXkEyXkFqcGc@._V1_QL75_UX90_CR0,1,90,133_.jpg",1h 24m,2024.0,In this film when all  of shreks old nemesis come back from the dead and kill fiona he must find a way to bring fiona back from the dead via magical contract all with the help of donkey puss and some new faces
Held Hostage in My House,A single mother becomes trapped inside her own vacation rental and must piece together clues from the various guests who have stayed there in order to figure out who assaulted her and hopefully survive.,4.4, (312,"https://m.media-amazon.com/images/M/MV5BOGUwNmZkNzctOWY0Yy00ZmUwLWIxMzMtMjZkNmQwMWE5YWNjXkEyXkFqcGc@._V1_QL75_UX90_CR0,1,90,133_.jpg",1h 30m,2024.0,A single mother becomes trapped inside her own vacation rental and must piece together clues from the various guests who have stayed there in order to figure out who assaulted her and hopefully survive
Charlotte,"Left alone with nowhere to go, Charlotte is picked up by an older man with questionable intentions.",5.7, (302,"https://m.media-amazon.com/images/M/MV5BZjA2NjE3MDItY2NmYy00OTA3LWJiM2QtNmExNDNjZDU0ODhmXkEyXkFqcGc@._V1_QL75_UX90_CR0,1,90,133_.jpg",1h 26m,2024.0,Left alone with nowhere to go charlotte is picked up by an older man with questionable intentions
For Rana,"Aref lives with his wife and their daughter Rana. He intends to break the world record for motorcycle ramp jump, but gets entangled in family events that put him in a dilemma.",5.2, (38,"https://m.media-amazon.com/images/M/MV5BZWY2YjU5ZWYtN2NhMy00ZmY5LWEzNDktY2MzYmVlOGY5ZWI2XkEyXkFqcGc@._V1_QL75_UX90_CR0,0,90,133_.jpg",1h 27m,2024.0,Aref lives with his wife and their daughter rana he intends to break the world record for motorcycle ramp jump but gets entangled in family events that put him in a dilemma
Where Is Gilgamesh?,"A priceless tablet of Gilgamesh, the oldest and most important work of literature is stolen from a Museum. A security guard vows to do whatever it takes to get it back from a group of smugglers. Along the way, he face his own inner demons.",8.9, (643,"https://m.media-amazon.com/images/M/MV5BY2M4ZTkwOGQtM2QyOC00ZTgwLWIxNmYtZmQ4MjBiZDRmNmViXkEyXkFqcGc@._V1_QL75_UX90_CR0,0,90,133_.jpg",1h 30m,2024.0,A priceless tablet of gilgamesh the oldest and most important work of literature is stolen from a museum a security guard vows to do whatever it takes to get it back from a group of smugglers along the way he face his own inner demons
Valentine's Town,"Jude works for a well-known dating service that will develop a cheesy, romantic resort in his hometown of Arrowheart. Local businesswoman Melissa has organized the town against the resort. Melissa is Jude's former high school sweetheart.",5.2, (244,"https://m.media-amazon.com/images/M/MV5BNDNlOWU1ZDYtMWNlMC00NWVkLTllYjgtMTcyYzY4ZWYxZTgzXkEyXkFqcGc@._V1_QL75_UY133_CR16,0,90,133_.jpg",1h 24m,2024.0,Jude works for a wellknown dating service that will develop a cheesy romantic resort in his hometown of arrowheart local businesswoman melissa has organized the town against the resort melissa is judes former high school sweetheart
Nenormalnyy,"8-year-old Kolya is not like everyone else. The boy's mother, Tatyana, following the doctors, no longer believes that the congenital disease will recede and the child will one day become ""normal."" But her new acquaintance Yuri is determined to put Kolya on his feet with the help of his unique gymnastics system. And when during classes it accidentally turns out that the boy has a talent for music, learning to play the piano becomes another step on the path to recovery. Ahead of Kolya is a prestigious piano competition in China and a lot of obstacles, which the healing power of music and fatherly love will help him overcome.",6.5, (180,"https://m.media-amazon.com/images/M/MV5BOTQ5OWZlOWQtMjg2YS00Y2QyLThkZGMtYzM3M2FkOGY4ZGViXkEyXkFqcGc@._V1_QL75_UY133_CR1,0,90,133_.jpg",1h 43m,2024.0,Yearold kolya is not like everyone else the boys mother tatyana following the doctors no longer believes that the congenital disease will recede and the child will one day become normal but her new acquaintance yuri is determined to put kolya on his feet with the help of his unique gymnastics system and when during classes it accidentally turns out that the boy has a talent for music learning to play the piano becomes another step on the path to recovery ahead of kolya is a prestigious piano competition in china and a lot of obstacles which the healing power of music and fatherly love will help him overcome
A Beautiful Imperfection,"The passionate story of the life and love of Lucia, a renowned veiled courtesan who is the exception to the rule.",6.3, (805,"https://m.media-amazon.com/images/M/MV5BNzYzZThiNmYtNTNmMy00NmI4LWJhYTUtM2NiNjUzZTFlMTkxXkEyXkFqcGc@._V1_QL75_UY133_CR2,0,90,133_.jpg",1h 48m,2024.0,The passionate story of the life and love of lucia a renowned veiled courtesan who is the exception to the rule
Visceral,"A chronicle of a crime of passion, takes an unexpected turn. A young marriage in crisis, find themselves dragged into a world of police corruption, money laundering, and a long-ago-orchestrated revenge.",6.2, (16,"https://m.media-amazon.com/images/M/MV5BMDQzNjRmMzEtOWU3Ni00Y2M3LWI2NWYtZjdkZTY4ZDEwZTI4XkEyXkFqcGc@._V1_QL75_UY133_CR2,0,90,133_.jpg",,2024.0,A chronicle of a crime of passion takes an unexpected turn a young marriage in crisis find themselves dragged into a world of police corruption money laundering and a longagoorchestrated revenge
The Train of Death,"Bloody terror wiped out the Sangkara Train carriages one by one, putting passengers at risk of life and death.",4.7, (895,"https://m.media-amazon.com/images/M/MV5BYWU0MTEyZTktMTMzMC00MzJjLThjOGYtODU2NTkwYWEwZTZiXkEyXkFqcGc@._V1_QL75_UX90_CR0,1,90,133_.jpg",1h 43m,2024.0,Bloody terror wiped out the sangkara train carriages one by one putting passengers at risk of life and death
Main Atal Hoon,"Follows the extraordinary life and political journey of Shri Atal Bihari Vajpayee, an iconic figure in Indian politics and delves into the multifaceted persona of Vajpayee Ji, capturing his essence as a poet, a gentleman, and a statesman.",6.9, (6.5K,"https://m.media-amazon.com/images/M/MV5BMTUwN2VkODUtN2EzNS00NTdhLTg5N2YtNDNkOGU3MjcwMmM4XkEyXkFqcGc@._V1_QL75_UY133_CR8,0,90,133_.jpg",2h 19m,2024.0,Follows the extraordinary life and political journey of shri atal bihari vajpayee an iconic figure in indian politics and delves into the multifaceted persona of vajpayee ji capturing his essence as a poet a gentleman and a statesman
Rita,"A new wife Rita, who finds herself alone when husband Ariel works abroad. They both find sexual satisfaction in other people. When Ariel comes back, they both act like nothing happened. But will this keep their marriage from falling apart?",5.5, (1.2K,"https://m.media-amazon.com/images/M/MV5BMGM5ODMyYjAtZWNiNS00MDEwLTgyMTQtNDMzY2Q1MzFhN2ExXkEyXkFqcGc@._V1_QL75_UX90_CR0,1,90,133_.jpg",1h 55m,2024.0,A new wife rita who finds herself alone when husband ariel works abroad they both find sexual satisfaction in other people when ariel comes back they both act like nothing happened but will this keep their marriage from falling apart
Daye: Seret ahl el Daye,"Daye, an 14-year-old Nubian albino with a golden voice, faces adversity due to his unique appearance. Abandoned by his father and bullied by peers, he dreams of following his idol, Mohamed Mounir.",7.5, (348,"https://m.media-amazon.com/images/M/MV5BY2ZlY2ZiNmMtOGVjOC00NTgwLWEyY2UtMGE4ZTVlN2EyYzU2XkEyXkFqcGc@._V1_QL75_UY133_CR1,0,90,133_.jpg",1h 44m,2024.0,Daye an yearold nubian albino with a golden voice faces adversity due to his unique appearance abandoned by his father and bullied by peers he dreams of following his idol mohamed mounir
Strictly Confidential,"A haunted young woman finds herself drawn into a world of seduction, duplicity and betrayal as she desperately tries to uncover the mystery surrounding her best friend's suicide.",2.8, (970,"https://m.media-amazon.com/images/M/MV5BYmZlYTFmZWEtYzRiYy00MDZhLTliYzMtNzlhODRlNmI3YWFjXkEyXkFqcGc@._V1_QL75_UY133_CR2,0,90,133_.jpg",1h 34m,2024.0,A haunted young woman finds herself drawn into a world of seduction duplicity and betrayal as she desperately tries to uncover the mystery surrounding her best friends suicide
Hanu Man,An imaginary place called Anjanadri where the protagonist gets the powers of Hanuman and fights for Anjanadri.,7.7, (30K,"https://m.media-amazon.com/images/M/MV5BYmI0MDdhYzYtZDg3Mi00ODI2LTk0OTgtZDg4ZDUzNWZjYjMzXkEyXkFqcGc@._V1_QL75_UY133_CR8,0,90,133_.jpg",2h 38m,2024.0,An imaginary place called anjanadri where the protagonist gets the powers of hanuman and fights for anjanadri
Unpredictable,"A modern thriller filled with intense sexual tension. Betrayal, jealousy, revenge and lies. A plot full of tension and twists of events.",5.4, (478,"https://m.media-amazon.com/images/M/MV5BZjczZjhiNjktZTlkOS00ZjY5LTlhYjgtMWMwNTI0NDdhOTgyXkEyXkFqcGc@._V1_QL75_UY133_CR0,0,90,133_.jpg",1h 41m,2024.0,A modern thriller filled with intense sexual tension betrayal jealousy revenge and lies a plot full of tension and twists of events
Audrey's Children,"1969. Dr. Audrey Evans joins world-renowned children's hospital and battles sexism, medical conventions, and the subterfuge of her peers to develop revolutionary treatments and purchase the first Ronald McDonald House, impacting millions.",6.8, (939,"https://m.media-amazon.com/images/M/MV5BZDc1MmZhZGYtMWY3NS00Mjc4LThiMzUtMWE4NDE2MTk2NjYwXkEyXkFqcGc@._V1_QL75_UX90_CR0,0,90,133_.jpg",1h 50m,2024.0, dr audrey evans joins worldrenowned childrens hospital and battles sexism medical conventions and the subterfuge of her peers to develop revolutionary treatments and purchase the first ronald mcdonald house impacting millions
Arthur's Whisky,Three elderly ladies drink an elixir that makes them young again and soon discover that youth isn't all it's cracked up to be.,4.9, (1.3K,"https://m.media-amazon.com/images/M/MV5BNTAzOTY3OWEtZmZhNi00Mzc1LTgxODctMzA4OTFjMTFjMGU4XkEyXkFqcGc@._V1_QL75_UY133_CR0,0,90,133_.jpg",1h 34m,2024.0,Three elderly ladies drink an elixir that makes them young again and soon discover that youth isnt all its cracked up to be
Mascarpone: The Rainbow Cake,"After three years, Antonio and Luca are reunited. Antonio, a successful pastry chef, still has feelings for Luca, who is now engaged to Tancredi. Antonio is convinced that the past has come back to help them.",6.1, (673,"https://m.media-amazon.com/images/M/MV5BZmM2NWE2OTUtZmE3Mi00MzAxLWE3NTUtNmZmZGY3OWVjMWQ2XkEyXkFqcGc@._V1_QL75_UY133_CR7,0,90,133_.jpg",1h 45m,2024.0,After three years antonio and luca are reunited antonio a successful pastry chef still has feelings for luca who is now engaged to tancredi antonio is convinced that the past has come back to help them
The Red Virgin,"Hildegart Rodríguez, a precocious and prolific writer in Spain's 1930s, raised by her mother to become a model of future women.",6.8, (3.8K,"https://m.media-amazon.com/images/M/MV5BZWU5ZjdjYWItM2ZkNS00Yzg5LTgzNGUtNGFlYmJhOGQ2NDI1XkEyXkFqcGc@._V1_QL75_UY133_CR8,0,90,133_.jpg",1h 54m,2024.0,Hildegart rodrguez a precocious and prolific writer in spains s raised by her mother to become a model of future women
Beezel,"Over 60 years, three guests of a cursed home discover an eternal witch who lives beneath it with an insatiable thirst for living souls.",4.9, (2K,"https://m.media-amazon.com/images/M/MV5BOTEzMmU0Y2YtNTUzNS00Mzk5LWJjOTktODE4ODZhN2IzNGRlXkEyXkFqcGc@._V1_QL75_UY133_CR0,0,90,133_.jpg",1h 21m,2024.0,Over  years three guests of a cursed home discover an eternal witch who lives beneath it with an insatiable thirst for living souls
Poison,A love story about a couple reunited years after tragedy drove them apart. Their brief and intense meeting brings simmering pain and resentment to the surface but is a reminder too of cherished intimacies and the love they once shared.,6.1, (581,"https://m.media-amazon.com/images/M/MV5BMGQ4MWMwZDItMWVkMS00NzUxLWEwNjUtNmE3MTcwMzhlOWIxXkEyXkFqcGc@._V1_QL75_UY133_CR22,0,90,133_.jpg",1h 26m,2024.0,A love story about a couple reunited years after tragedy drove them apart their brief and intense meeting brings simmering pain and resentment to the surface but is a reminder too of cherished intimacies and the love they once shared
Omni Loop,"A woman from Miami, Florida decides to solve time travel in order to go back and be the person she always intended to.",5.6, (3.8K,"https://m.media-amazon.com/images/M/MV5BYzlkMzViMTAtYzQyYi00MTY1LWI2ZjQtZGY0NDY1MjAxMWMxXkEyXkFqcGc@._V1_QL75_UX90_CR0,1,90,133_.jpg",1h 52m,2024.0,A woman from miami florida decides to solve time travel in order to go back and be the person she always intended to
Here After,"Claire is overjoyed when her daughter Robin is miraculously revived after a fatal accident. But her relief turns to dread as Claire notices changes in her daughter, suspecting something dark has followed her back from the brink of death.",4.2, (2.2K,"https://m.media-amazon.com/images/M/MV5BODdjYTQ3NDMtZGZhZC00NmEwLThmYjItYjRmMzM2OTY4MTc3XkEyXkFqcGc@._V1_QL75_UX90_CR0,0,90,133_.jpg",1h 33m,2024.0,Claire is overjoyed when her daughter robin is miraculously revived after a fatal accident but her relief turns to dread as claire notices changes in her daughter suspecting something dark has followed her back from the brink of death
First Taste,"Yuna, a woman engaged with her long time boyfriend, Nicco, starts to have second thoughts when she meets again her first love, Becca. Now she is torn between the man she loves and the woman she first loved.",4.1, (364,"https://m.media-amazon.com/images/M/MV5BMjYyOTZkNzQtMjMyZS00NDQ4LWI0NTQtN2M0NmZkNWEwNDMyXkEyXkFqcGc@._V1_QL75_UX90_CR0,0,90,133_.jpg",1h 37m,2024.0,Yuna a woman engaged with her long time boyfriend nicco starts to have second thoughts when she meets again her first love becca now she is torn between the man she loves and the woman she first loved
Treasure,"An American journalist travels to Poland with her Holocaust survivor father to visit the places of his childhood. However, he sabotages the trip by avoiding reliving his trauma.",6.3, (2.5K,"https://m.media-amazon.com/images/M/MV5BYjMzODFhZGUtYmIxZi00M2M3LWJiNGMtN2JjYmU5NzdkOTA3XkEyXkFqcGc@._V1_QL75_UX90_CR0,0,90,133_.jpg",1h 51m,2024.0,An american journalist travels to poland with her holocaust survivor father to visit the places of his childhood however he sabotages the trip by avoiding reliving his trauma
Love Story,Tells the love story of a model and a director.,5.6, (502,"https://m.media-amazon.com/images/M/MV5BZDhmZjIxM2YtYTYzYS00YjAzLTg4OGEtY2Y2OGJiNDA3NTA2XkEyXkFqcGc@._V1_QL75_UY133_CR8,0,90,133_.jpg",2h 5m,2024.0,Tells the love story of a model and a director
Nurse Abi,"When overworked graphic designer Roy faints, he wakes up to the beautiful Nurse Abi taking care of him. This starts Roy's fantasy of going out and sleeping with Nurse Abi. But can he turn this fantasy into a reality?",4.2, (207,"https://m.media-amazon.com/images/M/MV5BMmI3ODllOTktZDNlMS00Yzk0LWIxNzEtODJjYjA1MjAzMzBjXkEyXkFqcGc@._V1_QL75_UX90_CR0,1,90,133_.jpg",47m,2024.0,When overworked graphic designer roy faints he wakes up to the beautiful nurse abi taking care of him this starts roys fantasy of going out and sleeping with nurse abi but can he turn this fantasy into a reality
Shirley,Shirley Chisholm makes a trailblazing run for the 1972 Democratic presidential nomination after becoming the first Black woman elected to Congress.,6.2, (3.6K,"https://m.media-amazon.com/images/M/MV5BMzFjMTk2NjctNzgxYy00MjA3LThiYTUtZDA1NTI1OTA3NDUzXkEyXkFqcGc@._V1_QL75_UY133_CR3,0,90,133_.jpg",1h 57m,2024.0,Shirley chisholm makes a trailblazing run for the  democratic presidential nomination after becoming the first black woman elected to congress
11 Rebels,"Amidst the Boshin War's brutal conflicts, a motley squad of criminals and samurai undertakes a desperate defense of a fortress, their stand triggered by clashing interests of the Shibata clan, the shogunate, and the new government.",6.2, (1.2K,"https://m.media-amazon.com/images/M/MV5BOWQ2N2ZiYjEtYTkzNy00OWYxLTk1YzYtYWQ5MGI1MTQwNzc2XkEyXkFqcGc@._V1_QL75_UX90_CR0,1,90,133_.jpg",2h 35m,2024.0,Amidst the boshin wars brutal conflicts a motley squad of criminals and samurai undertakes a desperate defense of a fortress their stand triggered by clashing interests of the shibata clan the shogunate and the new government
Art of Love,"After learning that the art thief she has been chasing is her ex-lover, an officer working for Interpol concocts a plan to catch him red-handed.",4.6, (2.6K,"https://m.media-amazon.com/images/M/MV5BNWM3YTQwMzMtNDhiYy00NTZiLTgxNjEtYTBkMmUxMDcwYzA1XkEyXkFqcGc@._V1_QL75_UY133_CR3,0,90,133_.jpg",1h 39m,2024.0,After learning that the art thief she has been chasing is her exlover an officer working for interpol concocts a plan to catch him redhanded
The Containment,A dark and sinister being enters the body of an innocent child.,4.2, (171,"https://m.media-amazon.com/images/M/MV5BMTIxMjg2OWEtMzNiZS00MDA5LWIyZmQtZDJmOTNlZGI0N2M5XkEyXkFqcGc@._V1_QL75_UY133_CR2,0,90,133_.jpg",1h 22m,2024.0,A dark and sinister being enters the body of an innocent child
Heavier Trip,"Impaled Rektum, a band, is in jail but must escape when the guitarist's father falls ill and their family home/business faces demolition. They receive an offer to play a major festival but decline due to being imprisoned and unprepared.",6.1, (2K,"https://m.media-amazon.com/images/M/MV5BNDlhYmM4NmYtZWVlYS00MDYxLWFmOGItNmYxYzk0OTFmZmUzXkEyXkFqcGc@._V1_QL75_UX90_CR0,0,90,133_.jpg",1h 36m,2024.0,Impaled rektum a band is in jail but must escape when the guitarists father falls ill and their family homebusiness faces demolition they receive an offer to play a major festival but decline due to being imprisoned and unprepared
Louise Violet,"France. End of the 19th century. Louise Violet, a Parisian teacher, is sent on a mission to the French countryside. She has to impose the free, compulsory and secular school of the Republic.",6.6, (520,"https://m.media-amazon.com/images/M/MV5BYmUyZTE5NzQtY2JiYS00ZGE4LThlMWMtODRiYTQ3Y2JhYzRmXkEyXkFqcGc@._V1_QL75_UY133_CR5,0,90,133_.jpg",1h 48m,2024.0,France end of the th century louise violet a parisian teacher is sent on a mission to the french countryside she has to impose the free compulsory and secular school of the republic
Hagen,"A reinterpretation of the Nibelungen saga centering on Hagen von Tronje, a Viking who allies himself with the ancient gods and takes up arms against an unscrupulous ruler.",6.0, (1.7K,"https://m.media-amazon.com/images/M/MV5BN2JkYjliNTYtMDM2YS00MzE0LWI3OWUtOGRhZmUwODc0MmJlXkEyXkFqcGc@._V1_QL75_UY133_CR2,0,90,133_.jpg",2h 19m,2024.0,A reinterpretation of the nibelungen saga centering on hagen von tronje a viking who allies himself with the ancient gods and takes up arms against an unscrupulous ruler
The Shameless,"After killing a cop in a Delhi brothel, Renuka takes refuge in a northern India community of sex workers. There, she begins a forbidden romance with the 17-year-old Devika. Against all odds, they try to forge their path to freedom.",5.7, (450,"https://m.media-amazon.com/images/M/MV5BODliMzljM2YtNDhiYi00NDEzLWIwNmQtYjE2Y2U2MzhkMzQ0XkEyXkFqcGc@._V1_QL75_UY133_CR4,0,90,133_.jpg",1h 54m,2024.0,After killing a cop in a delhi brothel renuka takes refuge in a northern india community of sex workers there she begins a forbidden romance with the yearold devika against all odds they try to forge their path to freedom
McVeigh,Army veteran Timothy McVeigh hatches a deadly plan after the Waco siege. A psychological thriller depicting the deadliest act of domestic terrorism in U.S. history.,4.4, (851,"https://m.media-amazon.com/images/M/MV5BOGE1MGM2MjktODBjMi00Yzc4LTg0ZjEtNGYzYmE0M2ViNzM1XkEyXkFqcGc@._V1_QL75_UX90_CR0,0,90,133_.jpg",1h 30m,2024.0,Army veteran timothy mcveigh hatches a deadly plan after the waco siege a psychological thriller depicting the deadliest act of domestic terrorism in us history
Saripodhaa Sanivaaram,"In order to defend the innocent from a corrupt and brutal cop, a vigilante hero must work around his own self-imposed code of honor.",7.1, (13K,"https://m.media-amazon.com/images/M/MV5BODY3NTU1NDEtMWEyNS00MTk2LTllMWQtNmU0YWI1YzNkYzcyXkEyXkFqcGc@._V1_QL75_UY133_CR8,0,90,133_.jpg",2h 46m,2024.0,In order to defend the innocent from a corrupt and brutal cop a vigilante hero must work around his own selfimposed code of honor
Dear Paris,"In a series of interconnected stories, several Paris residents find their lives turned upside down when death knocks on their door.",5.5, (510,"https://m.media-amazon.com/images/M/MV5BOWQ1NDM2NTktNmViMS00Yzc2LTk5ZjUtZDY3ZWU3MWM3MDNlXkEyXkFqcGc@._V1_QL75_UY133_CR4,0,90,133_.jpg",1h 48m,2024.0,In a series of interconnected stories several paris residents find their lives turned upside down when death knocks on their door
The Deb,An original comedy musical about two teenage girls attending a debutante ball in a small rural town.,6.7, (95,"https://m.media-amazon.com/images/M/MV5BMmY2YjA3NjgtODFhZC00OTNjLWI0YzktMjI3M2JiYWJiYzBjXkEyXkFqcGc@._V1_QL75_UY133_CR1,0,90,133_.jpg",2h 1m,,An original comedy musical about two teenage girls attending a debutante ball in a small rural town
Hauntology,"An older sister takes her fearless runaway sibling on a road trip, to share the most chilling tales surrounding their hometown.",3.7, (415,"https://m.media-amazon.com/images/M/MV5BOGU0YmJhNjEtZmRlOC00MjdlLTljOGItY2Y4NDNjZGRlMGNkXkEyXkFqcGc@._V1_QL75_UX90_CR0,1,90,133_.jpg",1h 43m,2024.0,An older sister takes her fearless runaway sibling on a road trip to share the most chilling tales surrounding their hometown
Golam,A mysterious death during work hours in an office puzzles all but only Investigator ASP Sandeep Krishna observes it as a murder.,7.2, (7.4K,"https://m.media-amazon.com/images/M/MV5BNzY3OWZmYWEtNWE3MS00ZGNjLTkyNmQtMGE5ZDRkZjhkOWU0XkEyXkFqcGc@._V1_QL75_UY133_CR8,0,90,133_.jpg",2h,2024.0,A mysterious death during work hours in an office puzzles all but only investigator asp sandeep krishna observes it as a murder
Consumed,"A married couple, Jay and Beth, taking a celebratory camping trip a year after Beth's cancer remission find themselves trapped between a wild madman and a skin-stealing monster.",3.7, (850,"https://m.media-amazon.com/images/M/MV5BZTA5MTIyOTEtZGU3NC00NjJlLTk4ZGUtOWQ1OGVkY2VlOTU5XkEyXkFqcGc@._V1_QL75_UX90_CR0,0,90,133_.jpg",1h 29m,2024.0,A married couple jay and beth taking a celebratory camping trip a year after beths cancer remission find themselves trapped between a wild madman and a skinstealing monster
Gone Running,"Mother and daughters take on marathon relay after husband/father's death to honor his wish. Unprepared physically and mentally, their attempt creates ripples affecting relatives and friends, compounding challenge.",7.0, (5K,"https://m.media-amazon.com/images/M/MV5BNWIzY2U5NmQtOWZlYi00OTI5LWFhMGYtNjg2YjcxNmY5YTk5XkEyXkFqcGc@._V1_QL75_UY133_CR2,0,90,133_.jpg",1h 45m,2024.0,Mother and daughters take on marathon relay after husbandfathers death to honor his wish unprepared physically and mentally their attempt creates ripples affecting relatives and friends compounding challenge
Swimming Home,"An adaptation of cult author Deborah Levy's unique and provocative novel about love, loss and longing. A woman invites a naked stranger found floating in the pool of her family holiday villa to help her set those she loves free.",4.8, (592,"https://m.media-amazon.com/images/M/MV5BYTllYWM5NWYtN2YwNC00ZTYwLWE0YjQtZDI1OWEwMGUxYWFmXkEyXkFqcGc@._V1_QL75_UX90_CR0,1,90,133_.jpg",1h 39m,2024.0,An adaptation of cult author deborah levys unique and provocative novel about love loss and longing a woman invites a naked stranger found floating in the pool of her family holiday villa to help her set those she loves free
Finding Faith,"Victoria, a Christian advice columnist writing under the name Faith, begins to lose her faith after a series of life events. On her journey back to God, she also finds her way back to love.",7.0, (343,"https://m.media-amazon.com/images/M/MV5BZjY5MjY2ZjYtOTM0MS00M2Y0LWI4ZGYtODUxZWEzODA1YmZiXkEyXkFqcGc@._V1_QL75_UX90_CR0,1,90,133_.jpg",1h 37m,2024.0,Victoria a christian advice columnist writing under the name faith begins to lose her faith after a series of life events on her journey back to god she also finds her way back to love
Night Call,"This night is like all the others for Mady, student by day, locksmith by night. But Claire, the enigmatic young girl he helps out that night, is not who she claims to be. Mady has only one night to prove his innocence in a city in turmoil.",6.7, (3.6K,"https://m.media-amazon.com/images/M/MV5BNDIzODhjYzctMjljNy00MWJiLWI1ZjMtN2FiNmRiOTk1MWJmXkEyXkFqcGc@._V1_QL75_UX90_CR0,1,90,133_.jpg",1h 37m,2024.0,This night is like all the others for mady student by day locksmith by night but claire the enigmatic young girl he helps out that night is not who she claims to be mady has only one night to prove his innocence in a city in turmoil
Hamlet,"Shakespeare's timeless story of revenge is reimagined as a modern psychological thriller. The classic tragedy transcends the stage through a unique, contemporary lens.",5.4, (252,"https://m.media-amazon.com/images/M/MV5BZDViODhmYzAtMWZhZS00ZTU2LThlOWQtZDM2MDA2Nzc3ODI0XkEyXkFqcGc@._V1_QL75_UX90_CR0,0,90,133_.jpg",1h 57m,2024.0,Shakespeares timeless story of revenge is reimagined as a modern psychological thriller the classic tragedy transcends the stage through a unique contemporary lens
Universal Language,An absurdist triptych of seemingly unconnected stories finds a mysterious point of intersection in this tale set somewhere between Winnipeg and Tehran.,6.9, (3K,"https://m.media-amazon.com/images/M/MV5BOTJiYzA3ZGQtNjRjNS00YjUxLWFjMTYtNjE5ODAwMDRmY2FmXkEyXkFqcGc@._V1_QL75_UY133_CR8,0,90,133_.jpg",1h 29m,2024.0,An absurdist triptych of seemingly unconnected stories finds a mysterious point of intersection in this tale set somewhere between winnipeg and tehran
Mørkeland,"Ulrik Torp, once a fearless investigative journalist who is now tackling unemployment and a midlife crisis. He finds himself in the middle of a new political conspiracy.",6.2, (1.8K,"https://m.media-amazon.com/images/M/MV5BZDkwMjg2OGUtNjgzNy00OGZmLWI0N2QtNjAwNmVmYmZjZjI3XkEyXkFqcGc@._V1_QL75_UY133_CR2,0,90,133_.jpg",1h 39m,2024.0,Ulrik torp once a fearless investigative journalist who is now tackling unemployment and a midlife crisis he finds himself in the middle of a new political conspiracy
Castration Movie Anthology I: Traps,Trans sex worker Michaela mentors her newly-out friend Adeline while pursuing motherhood in Vancouver. Production assistant Turner slides toward inceldom as his relationship falls apart.,7.8, (180,"https://m.media-amazon.com/images/M/MV5BNGE4Y2NiY2ItNzg5OS00MTBhLWE5ZjktYTQyZjRjOTUwMTU4XkEyXkFqcGc@._V1_QL75_UY133_CR6,0,90,133_.jpg",4h 35m,2024.0,Trans sex worker michaela mentors her newlyout friend adeline while pursuing motherhood in vancouver production assistant turner slides toward inceldom as his relationship falls apart
From Contract Lover to the Billionaire's Bride,Chloe's fiance Mason dumps her to marry wealthy Sophia. He frames Chloe's father for his crimes. Lawyer Ethan initially dislikes Chloe but they team up when he agrees to defend her father to protect his sister.,6.9, (644,"https://m.media-amazon.com/images/M/MV5BOWVlMmVlZGUtNGMwNy00OTQ5LTg1OWItNjVmMWUyOTQ3NzJiXkEyXkFqcGc@._V1_QL75_UY133_CR2,0,90,133_.jpg",1h 24m,2024.0,Chloes fiance mason dumps her to marry wealthy sophia he frames chloes father for his crimes lawyer ethan initially dislikes chloe but they team up when he agrees to defend her father to protect his sister
Diva Futura,"In 1980s-1990s Italy, Riccardo Schicchi's agency Diva Futura turns free love into porn, making stars of Ilona Staller, Moana Pozzi and others. Their fame leads to Cicciolina's election and Pozzi's mayoral run.",6.0, (809,"https://m.media-amazon.com/images/M/MV5BMmE0ZDdkYjAtMDY4Mi00NTRiLThlNDEtNGJlNzRhN2U1NDY1XkEyXkFqcGc@._V1_QL75_UY133_CR9,0,90,133_.jpg",2h 5m,2024.0,In ss italy riccardo schicchis agency diva futura turns free love into porn making stars of ilona staller moana pozzi and others their fame leads to cicciolinas election and pozzis mayoral run
Mr. Crocket,A mother embarks on a perilous quest to rescue her son from a demonic children's show host who is kidnapping kids.,5.4, (5.5K,"https://m.media-amazon.com/images/M/MV5BMzMzZjg4MzAtMDRlYy00Y2U5LTlhYzMtZTQ2ODNjNDRhNjNjXkEyXkFqcGc@._V1_QL75_UY133_CR8,0,90,133_.jpg",1h 28m,2024.0,A mother embarks on a perilous quest to rescue her son from a demonic childrens show host who is kidnapping kids
Nuked,"A group of friends gets together for a cannabis-infused, technology free, dinner party only to learn a bomb is headed right for them.",4.8, (392,"https://m.media-amazon.com/images/M/MV5BZjUyNWQ0ZjEtYjI5OC00ZDRjLTk3NmMtYTk5M2ZmYWI0YjJmXkEyXkFqcGc@._V1_QL75_UY133_CR0,0,90,133_.jpg",1h 26m,2024.0,A group of friends gets together for a cannabisinfused technology free dinner party only to learn a bomb is headed right for them
Vulgar,"Angelika's seemingly perfect life conceals a lack of fulfillment. While arranging her best friend's wedding, she meets Simon, her friend's daring and passionate brother who challenges Angelika's deeply held principles and life beliefs.",4.7, (307,"https://m.media-amazon.com/images/M/MV5BNDEzNjhjZTktNzk1OC00NWQ1LWE5OGItZDQ4MWY1YThlZmQ0XkEyXkFqcGc@._V1_QL75_UX90_CR0,0,90,133_.jpg",1h 43m,2024.0,Angelikas seemingly perfect life conceals a lack of fulfillment while arranging her best friends wedding she meets simon her friends daring and passionate brother who challenges angelikas deeply held principles and life beliefs
The Moogai,"A young Aboriginal couple brings home their second baby. What should be a joyous time takes a sinister turn, as the baby's mother starts seeing a malevolent spirit she is convinced is trying to take her baby.",5.3, (731,"https://m.media-amazon.com/images/M/MV5BMTM1ZGFjYjUtNjU1Ni00MDIzLWFjYzYtZGNlOGI2YTk1ODZmXkEyXkFqcGc@._V1_QL75_UX90_CR0,0,90,133_.jpg",1h 23m,2024.0,A young aboriginal couple brings home their second baby what should be a joyous time takes a sinister turn as the babys mother starts seeing a malevolent spirit she is convinced is trying to take her baby
Mai,"Restlessly haunted by the past, Mai is greeted by a new dawn when she reluctantly befriends the neighborhood ladies' man. But when her yesterday catches up to her today, what will become of her tomorrow?",6.8, (1.7K,"https://m.media-amazon.com/images/M/MV5BNTgwNDBhOGItNTIxZC00ZjMzLWFhZTYtOGNiM2MzYWViMWUwXkEyXkFqcGc@._V1_QL75_UY133_CR1,0,90,133_.jpg",2h 11m,2024.0,Restlessly haunted by the past mai is greeted by a new dawn when she reluctantly befriends the neighborhood ladies man but when her yesterday catches up to her today what will become of her tomorrow
"Step Back, Doors Closing","When two open-hearted young adults spend an accidental weekend together in DC, they discover more about their beliefs, each other, and themselves than they bargained for.",8.3, (52,"https://m.media-amazon.com/images/M/MV5BNWQxYWFjMmItYjM1My00NGRhLWJlMGMtYWJjZmM1NDc1Y2ZkXkEyXkFqcGc@._V1_QL75_UX90_CR0,0,90,133_.jpg",1h 38m,,When two openhearted young adults spend an accidental weekend together in dc they discover more about their beliefs each other and themselves than they bargained for
Kabit,"Laura accepts the role in this play to rebel against her mother. The director pushes her to bring out her vulnerability and anger, hoping they will show these emotions on stage.",5.8, (404,"https://m.media-amazon.com/images/M/MV5BOTg0MjVkMWItNDVhYS00ZDhjLTgyOTItNWJiZDRjNGNkODBmXkEyXkFqcGc@._V1_QL75_UX90_CR0,1,90,133_.jpg",2h 6m,2024.0,Laura accepts the role in this play to rebel against her mother the director pushes her to bring out her vulnerability and anger hoping they will show these emotions on stage
Julie Keeps Quiet,"Julie is a star player at an elite tennis academy. When her coach falls under investigation and is suddenly suspended, all of the club's players are encouraged to speak up. But Julie decides to keep quiet.",6.5, (1.5K,"https://m.media-amazon.com/images/M/MV5BYjUyNzczM2MtNzU0OS00ZjVkLTk2ODAtMDAxNDk3Mzg3NTI0XkEyXkFqcGc@._V1_QL75_UY133_CR3,0,90,133_.jpg",1h 40m,2024.0,Julie is a star player at an elite tennis academy when her coach falls under investigation and is suddenly suspended all of the clubs players are encouraged to speak up but julie decides to keep quiet
Prey,A young couple is compelled to leave their Christian missionary station in the Kalahari Desert after being threatened with death by an extremist militant gang. After crashing their aircraft they must battle man and beast for their lives.,3.7, (3.9K,"https://m.media-amazon.com/images/M/MV5BMWY4MmI2OTItZWIyMi00NjNjLWJhMjAtNTJkNTgwMWEyZGJmXkEyXkFqcGc@._V1_QL75_UX90_CR0,0,90,133_.jpg",1h 26m,2024.0,A young couple is compelled to leave their christian missionary station in the kalahari desert after being threatened with death by an extremist militant gang after crashing their aircraft they must battle man and beast for their lives
Frankie Freako,Workaholic yuppie Conor is in an existential rut until one night he catches a bizarre ad for a party hotline hosted by a strange dancing goblin: Frankie Freako. Could this be just the recipe to spice up his boring life?,5.5, (1.8K,"https://m.media-amazon.com/images/M/MV5BOGY2ZTI0M2QtZTY2Yy00MjNmLWIyODItZGRkYjg4MzA3ZGNmXkEyXkFqcGc@._V1_QL75_UX90_CR0,0,90,133_.jpg",1h 25m,2024.0,Workaholic yuppie conor is in an existential rut until one night he catches a bizarre ad for a party hotline hosted by a strange dancing goblin frankie freako could this be just the recipe to spice up his boring life
Restless,"A middle-aged empty nester's mundane life is upended when raucous new neighbors move in next door, unleashing potential danger and disruption.",6.3, (1.4K,"https://m.media-amazon.com/images/M/MV5BYzAxZjlhZTUtYzZkNS00MGExLThiOGItN2YxMTE5NWNhNWY0XkEyXkFqcGc@._V1_QL75_UY133_CR0,0,90,133_.jpg",1h 29m,2024.0,A middleaged empty nesters mundane life is upended when raucous new neighbors move in next door unleashing potential danger and disruption
Mutants of Nature Cove,"Party girls take shy Beth to nude beach with secluded Mutants causing hallucinations. Mysterious woman chants spells, Mutants attack. Beth plans to send soul-stealing Mutants back to hell permanently.",3.5, (195,"https://m.media-amazon.com/images/M/MV5BNWJiNTkyMjAtOGI0OS00NjY2LTk1Y2QtNDY2ODFiNjEwMDk0XkEyXkFqcGc@._V1_QL75_UY133_CR5,0,90,133_.jpg",1h 28m,2024.0,Party girls take shy beth to nude beach with secluded mutants causing hallucinations mysterious woman chants spells mutants attack beth plans to send soulstealing mutants back to hell permanently
Waves,A compromising record can change history.,7.8, (2.6K,"https://m.media-amazon.com/images/M/MV5BZTcwYTY5MjAtOGU0MS00MGM5LThiYTMtMDM0YWIzYTM5OTczXkEyXkFqcGc@._V1_QL75_UY133_CR2,0,90,133_.jpg",2h 11m,2024.0,A compromising record can change history
Captain Miller,A man leaves and turns against the British-led Indian military after witnessing atrocity.,7.1, (14K,"https://m.media-amazon.com/images/M/MV5BZWU2MjQ1MzAtNGMyOC00ZTFjLThkMjEtNmM1OWM3ZmM0YmI2XkEyXkFqcGc@._V1_QL75_UY133_CR6,0,90,133_.jpg",2h 37m,2024.0,A man leaves and turns against the britishled indian military after witnessing atrocity
Blue Lock: Episode Nagi,Seishiro Nagi before he enters the titular Blue Lock facility.,6.6, (3.1K,"https://m.media-amazon.com/images/M/MV5BNjliYmU5N2EtYmNjNi00NGM0LWEzZWItN2Q0YzM5YTk4Y2Q1XkEyXkFqcGc@._V1_QL75_UX90_CR0,1,90,133_.jpg",1h 31m,2024.0,Seishiro nagi before he enters the titular blue lock facility
Ashes,"A wealthy, married woman falling in love with a mysterious carpenter, which will lead to many conflicts.",4.3, (2.8K,"https://m.media-amazon.com/images/M/MV5BODE0ZWVlZTEtMTZiMC00ZWZlLWIxYWQtNWI2MDg1YzYyODlhXkEyXkFqcGc@._V1_QL75_UY133_CR8,0,90,133_.jpg",1h 40m,2024.0,A wealthy married woman falling in love with a mysterious carpenter which will lead to many conflicts
Spread,"To make ends meet, an aspiring journalist is forced to take a job at the world's largest porn magazine-beginning her journey to change her life, and the porn industry, forever.",5.7, (745,"https://m.media-amazon.com/images/M/MV5BYmMyMjY3YjEtMTQwMC00MDI5LTkzMDEtNTRiNDgwZjJkMDllXkEyXkFqcGc@._V1_QL75_UY133_CR2,0,90,133_.jpg",1h 33m,2024.0,To make ends meet an aspiring journalist is forced to take a job at the worlds largest porn magazinebeginning her journey to change her life and the porn industry forever
The Glassworker,"The life of a young glassblower in training and his relationships over the years, as his land goes through war and strife.",7.0, (2.6K,"https://m.media-amazon.com/images/M/MV5BNjQzZTE2YWUtZTliOC00ZmUyLWE4ZmUtMjNhZmZlMDg0NDYzXkEyXkFqcGc@._V1_QL75_UX90_CR0,1,90,133_.jpg",1h 38m,2024.0,The life of a young glassblower in training and his relationships over the years as his land goes through war and strife
Meet the Barbarians,"Brittany's Town has unanimously decided to accept Ukrainian refugees in exchange for government subsidies. However, instead of seeing Ukrainians arrive, they now see Syrian migrants, which has caused some conflicts.",6.4, (921,"https://m.media-amazon.com/images/M/MV5BYzdkZWE5OGQtZjM4OS00YjdmLThlYjktZDdlYWNmZTJjYjVjXkEyXkFqcGc@._V1_QL75_UY133_CR4,0,90,133_.jpg",1h 41m,2024.0,Brittanys town has unanimously decided to accept ukrainian refugees in exchange for government subsidies however instead of seeing ukrainians arrive they now see syrian migrants which has caused some conflicts
Munkar,An oddity that caused unrest at an Islamic boarding school occurred since one of the female students returned.,5.2, (661,"https://m.media-amazon.com/images/M/MV5BMmJmNmM1ZWUtNWI0ZC00YzRiLWE0YzItYzZhMGMwYjZjYmQ0XkEyXkFqcGc@._V1_QL75_UY133_CR8,0,90,133_.jpg",1h 27m,2024.0,An oddity that caused unrest at an islamic boarding school occurred since one of the female students returned
"I, the Executioner","Rookie detective Park Sun Woo and Seo Do-Cheol, a veteran of the Violent Crimes Investigation Division team, chase after a serial killer who shakes up their world.",6.3, (2.5K,"https://m.media-amazon.com/images/M/MV5BZTJjYmE0MDYtOTk3MS00ODViLWFiNTctMWQ4ZjNjNjJlZTU1XkEyXkFqcGc@._V1_QL75_UY133_CR1,0,90,133_.jpg",1h 58m,2024.0,Rookie detective park sun woo and seo docheol a veteran of the violent crimes investigation division team chase after a serial killer who shakes up their world
Hatiran Yeter,"The story starts from the fact that the world is a silent place for the hearing-impaired Baha. However, his life changes when he meets someone with a similar condition named Leyla. Leyla opens a way for Baha to rediscover the world, and this love turns into Baha's greatest challenge.",6.5, (504,"https://m.media-amazon.com/images/M/MV5BMGQ4ZjJhMDMtMjA4Ni00ODI1LTk4ODEtYjgzMGYzYjkzYWY5XkEyXkFqcGc@._V1_QL75_UY133_CR2,0,90,133_.jpg",2h 18m,2024.0,The story starts from the fact that the world is a silent place for the hearingimpaired baha however his life changes when he meets someone with a similar condition named leyla leyla opens a way for baha to rediscover the world and this love turns into bahas greatest challenge
The Real Bros of Simi Valley: The Movie,"With the 10-year high school reunion around the corner, Xander and his squad embark on a journey to become the dopest versions of themselves in time to flex on all of their old classmates",7.0, (1.1K,"https://m.media-amazon.com/images/M/MV5BNmRiYmE3MjQtZDg5NS00NjU3LTg5ZmEtY2RhMDhmN2JkNzFlXkEyXkFqcGc@._V1_QL75_UY133_CR1,0,90,133_.jpg",1h 46m,2024.0,With the year high school reunion around the corner xander and his squad embark on a journey to become the dopest versions of themselves in time to flex on all of their old classmates
Vaazha: Biopic of a Billion Boys,"Four friends deemed 'losers' face immense pressure from parents and society upon entering adulthood. Their emotional tale sees them embark on a journey of self-discovery and acceptance, where love ultimately triumphs over judgment.",7.3, (5.7K,"https://m.media-amazon.com/images/M/MV5BNDEwZDMzMDUtMTU1Ny00YjU1LTg2ODctM2E4NTdjM2ExNTk5XkEyXkFqcGc@._V1_QL75_UY133_CR8,0,90,133_.jpg",2h 5m,2024.0,Four friends deemed losers face immense pressure from parents and society upon entering adulthood their emotional tale sees them embark on a journey of selfdiscovery and acceptance where love ultimately triumphs over judgment
Super/Man: The Christopher Reeve Story,"Reeve's rise to becoming a film star follows with a near-fatal horse-riding accident in 1995 that left him paralyzed from the neck down. After the accident, he became an activist for spinal cord injury treatments and disability rights.",8.0, (11K,"https://m.media-amazon.com/images/M/MV5BNzhhMjRkMmEtMGJiMi00NGEzLWExYzItNzliYmM2YmI0MjVkXkEyXkFqcGc@._V1_QL75_UX90_CR0,1,90,133_.jpg",1h 44m,2024.0,Reeves rise to becoming a film star follows with a nearfatal horseriding accident in  that left him paralyzed from the neck down after the accident he became an activist for spinal cord injury treatments and disability rights
Cinderella's Revenge,"Cinderella is pushed too far by her evil stepsisters and stepmother, which causes her to switch out her glass shoes and use the assistance of her Fairy Godmother to seek bloody vengeance.",3.8, (1.4K,"https://m.media-amazon.com/images/M/MV5BYzY0ZjIzZmQtZGI2YS00NDUyLWI3MDMtNzJkN2QzM2M4YTcxXkEyXkFqcGc@._V1_QL75_UY133_CR1,0,90,133_.jpg",1h 25m,2024.0,Cinderella is pushed too far by her evil stepsisters and stepmother which causes her to switch out her glass shoes and use the assistance of her fairy godmother to seek bloody vengeance
We Are Wolves,"When Fenix, a lost soul craving something more, tries to re-join her chosen family, to prove her worth, she must play some very dangerous games.",3.3, (307,"https://m.media-amazon.com/images/M/MV5BOTUzNTlkMDYtZDEyZC00MjczLTg2MzUtZDQ4MTIzNzkxYWRmXkEyXkFqcGc@._V1_QL75_UY133_CR3,0,90,133_.jpg",1h 37m,2024.0,When fenix a lost soul craving something more tries to rejoin her chosen family to prove her worth she must play some very dangerous games
Qalb,Two young hearts falling in love. The ride takes you through the 7 stages of love.,6.4, (2.5K,"https://m.media-amazon.com/images/M/MV5BMjdjNjg1MzgtYWRiNy00MjM2LWFkMGMtMTEzNmE0NzlkYTI3XkEyXkFqcGc@._V1_QL75_UY133_CR0,0,90,133_.jpg",2h 27m,2024.0,Two young hearts falling in love the ride takes you through the  stages of love
Johnny Puff: Secret Mission,Follows Johnny Puff and his friends as they embark on a secret mission to save Taigasville from the evil plans of Otto von Walrus.,4.6, (527,"https://m.media-amazon.com/images/M/MV5BMjYxZWYxYzctOTQ4MC00ZTVjLThkMzctNDkxZTJmMjJjNWU4XkEyXkFqcGc@._V1_QL75_UY133_CR5,0,90,133_.jpg",1h 27m,2024.0,Follows johnny puff and his friends as they embark on a secret mission to save taigasville from the evil plans of otto von walrus
We Were Dangerous,"Nellie, Daisy and Lou attend an institution for delinquent girls on an isolated island in 1954. The trio rail against the system, finding strength in their friendship but this is challenged when the school's matron divides them.",6.5, (526,"https://m.media-amazon.com/images/M/MV5BMWE5NzViMTItMTExMi00NDRmLWIxNzgtNmEzNjczZDk2YzZkXkEyXkFqcGc@._V1_QL75_UX90_CR0,0,90,133_.jpg",1h 23m,2024.0,Nellie daisy and lou attend an institution for delinquent girls on an isolated island in  the trio rail against the system finding strength in their friendship but this is challenged when the schools matron divides them
Vampire Zombies... From Space!,"In 1957, the small town of Marlow is under attack by: see title",6.3, (306,"https://m.media-amazon.com/images/M/MV5BOTJkZDdmY2QtYmY2Zi00M2M4LWFmYTEtN2VkYzI1ZjQ2YjA0XkEyXkFqcGc@._V1_QL75_UX90_CR0,2,90,133_.jpg",1h 38m,2024.0,In  the small town of marlow is under attack by see title
Woman with the Red Lipstick,"Looking to spice things up, Lucy and her boyfriend assume fake names and roleplay meeting for the first time in a bar. A few days later Lucy sees a news report about a missing persons case where the victim has the same name she just used.",5.4, (206,"https://m.media-amazon.com/images/M/MV5BMTU1NGIwNmUtYzRmNy00Y2IwLTgwZDMtNjY2N2M5MTY3Y2NjXkEyXkFqcGc@._V1_QL75_UY133_CR1,0,90,133_.jpg",1h 27m,2024.0,Looking to spice things up lucy and her boyfriend assume fake names and roleplay meeting for the first time in a bar a few days later lucy sees a news report about a missing persons case where the victim has the same name she just used
Prom Dates,"Jess and Hannah, at 13 years old made a pact to have the perfect prom, only 24 hours before the big event, everything is ruined when they break up with their dates. Now they have one night to find new dates and make the fantasy comes true.",5.2, (1.9K,"https://m.media-amazon.com/images/M/MV5BYmRhOGRiZmEtNGJiYS00NWQ0LTgyZDMtMzgwMzBlNzY3ZjQ5XkEyXkFqcGc@._V1_QL75_UX90_CR0,0,90,133_.jpg",1h 26m,2024.0,Jess and hannah at  years old made a pact to have the perfect prom only  hours before the big event everything is ruined when they break up with their dates now they have one night to find new dates and make the fantasy comes true
A Part of You,"Agnes, a teen envious of her popular older sister Julia, faces upheaval when tragedy strikes. Forced to reinvent herself, she's on the cusp of attaining her dreams but must navigate the consequences of her choices.",5.8, (3.2K,"https://m.media-amazon.com/images/M/MV5BMTBlODMyYmMtMTVmMi00YmZiLThhODgtM2I0MGM4ZmQyYTA4XkEyXkFqcGc@._V1_QL75_UY133_CR3,0,90,133_.jpg",1h 39m,2024.0,Agnes a teen envious of her popular older sister julia faces upheaval when tragedy strikes forced to reinvent herself shes on the cusp of attaining her dreams but must navigate the consequences of her choices
The Long Game,"Ambitious young actress Holly Sloan agrees to help her boyfriend Richard Metzger scam Hollywood legend Mariah McKay, but the two women strike up an unlikely friendship instead. Soon Holly must decide where her true loyalties lie.",5.2, (211,"https://m.media-amazon.com/images/M/MV5BZDgyM2IzNjMtN2IyMS00NDZiLThlOGQtMWVkNGUzYTBjNzY5XkEyXkFqcGc@._V1_QL75_UX90_CR0,0,90,133_.jpg",1h 28m,2024.0,Ambitious young actress holly sloan agrees to help her boyfriend richard metzger scam hollywood legend mariah mckay but the two women strike up an unlikely friendship instead soon holly must decide where her true loyalties lie
"From Hilde, with Love","In Berlin 1942, Hilde is a member of an anti-Nazi group. She falls in love with another member, Hans. The two spend a summer together until they get caught by the Gestapo and Hilde is imprisoned, eight months pregnant.",7.0, (1.5K,"https://m.media-amazon.com/images/M/MV5BNGFkMDA2YmMtN2VmMi00YzcxLTg0NDUtOWNkZGQyZjRhM2EzXkEyXkFqcGc@._V1_QL75_UX90_CR0,1,90,133_.jpg",2h 5m,2024.0,In berlin  hilde is a member of an antinazi group she falls in love with another member hans the two spend a summer together until they get caught by the gestapo and hilde is imprisoned eight months pregnant
Woh Bhi Din The,"A renowned photojournalist returns to his alma mater as a guest speaker, reminiscing about his carefree school days and first love",7.2, (618,"https://m.media-amazon.com/images/M/MV5BODRlNGQ3ZjMtNGFkMC00YzI0LWI1NmQtZjU4MGY0NGY4ZmExXkEyXkFqcGc@._V1_QL75_UY133_CR8,0,90,133_.jpg",2h 6m,2024.0,A renowned photojournalist returns to his alma mater as a guest speaker reminiscing about his carefree school days and first love
City Hunter,"An exceptional marksman and hopeless playboy, private eye Ryo Saeba reluctantly forms an alliance with his late partner's sister to investigate his death.",6.3, (6.1K,"https://m.media-amazon.com/images/M/MV5BNzI5ZWZjN2UtNjRiNS00MzViLTgzNjMtZWEyZTlmNWJhYjJkXkEyXkFqcGc@._V1_QL75_UX90_CR0,0,90,133_.jpg",1h 42m,2024.0,An exceptional marksman and hopeless playboy private eye ryo saeba reluctantly forms an alliance with his late partners sister to investigate his death
The Last Dance,"A debt-ridden wedding planner inadvertently becomes a successful funeral planner, but he must convince a traditional Taoist priest of his legitimacy to continue operating in the field.",7.6, (3.4K,"https://m.media-amazon.com/images/M/MV5BNTI2YzA2MzItOWE1NS00YjJmLTg2MWUtZDJlY2ExYmQ1ODFkXkEyXkFqcGc@._V1_QL75_UY133_CR2,0,90,133_.jpg",2h 6m,2024.0,A debtridden wedding planner inadvertently becomes a successful funeral planner but he must convince a traditional taoist priest of his legitimacy to continue operating in the field
Intoxicated by Love,"Story of Rumi, his friendship with Shams Tabrizi, the love he had for him and the great influence of Shams over him in his life, his poetry and his love for God.",7.0, (15K,"https://m.media-amazon.com/images/M/MV5BMGJkZWQwNDYtNThlYS00M2RkLWI3MTktYjQ0MzJhNTcyYWZjXkEyXkFqcGc@._V1_QL75_UY133_CR1,0,90,133_.jpg",1h 58m,2024.0,Story of rumi his friendship with shams tabrizi the love he had for him and the great influence of shams over him in his life his poetry and his love for god
Animale,"Camargue, France - Nejma trains hard to win the local bullfighting competition. When she is mauled after a celebration, she starts to notice disturbing changes. News of a rogue bull on the loose terrifies the community, killing young men.",5.7, (669,"https://m.media-amazon.com/images/M/MV5BMTVhN2M1MTktNDI4ZS00ZWM5LThhNjgtYWYxOWVmN2RiYTk1XkEyXkFqcGc@._V1_QL75_UY133_CR4,0,90,133_.jpg",1h 38m,2024.0,Camargue france  nejma trains hard to win the local bullfighting competition when she is mauled after a celebration she starts to notice disturbing changes news of a rogue bull on the loose terrifies the community killing young men
Three Friends,"Joan's love fades for Victor while Alice reassures her about her own unfulfilling relationship with Eric. Unbeknownst to Alice, Eric is involved with Rebecca. Their lives spiral after Joan leaves Victor, who goes missing.",6.6, (1.6K,"https://m.media-amazon.com/images/M/MV5BN2MwZmY3NTctZWMxNC00MjA3LTg2MTgtZmViNDg3NWM0MmM4XkEyXkFqcGc@._V1_QL75_UY133_CR4,0,90,133_.jpg",1h 57m,2024.0,Joans love fades for victor while alice reassures her about her own unfulfilling relationship with eric unbeknownst to alice eric is involved with rebecca their lives spiral after joan leaves victor who goes missing
A.R.M,"Set in the Northern Kerala in 1900, 1950 and 1990, three generations of heroes, Maniyan, Kunjikelu and Ajayan, try to protect the most important treasure of the land.",7.1, (10K,"https://m.media-amazon.com/images/M/MV5BMjRjM2U0MGYtZDI0Zi00MTA4LWJjYmQtN2QwMGM4NGU0ZGJmXkEyXkFqcGc@._V1_QL75_UX90_CR0,1,90,133_.jpg",2h 30m,2024.0,Set in the northern kerala in   and  three generations of heroes maniyan kunjikelu and ajayan try to protect the most important treasure of the land
Phir Aayi Hasseen Dillruba,"While evading the cops in Agra, Rani and Rishu scheme to run away together. But when their plans go awry, Rani asks a mild-mannered admirer for help.",5.8, (7.3K,"https://m.media-amazon.com/images/M/MV5BYmM5Zjc2ZmMtOWIwMy00OWY4LTkzZmQtODA5NTVlNDFlNGZlXkEyXkFqcGc@._V1_QL75_UY133_CR8,0,90,133_.jpg",2h 12m,2024.0,While evading the cops in agra rani and rishu scheme to run away together but when their plans go awry rani asks a mildmannered admirer for help
The Empire,A small village of Northern France is the battleground of undercover extraterrestrial knights.,5.2, (1.5K,"https://m.media-amazon.com/images/M/MV5BMzZjN2IzZGItNjE1Mi00ZGZiLTlmZTAtMzU5MjllZmQ1YmY3XkEyXkFqcGc@._V1_QL75_UX90_CR0,0,90,133_.jpg",1h 50m,2024.0,A small village of northern france is the battleground of undercover extraterrestrial knights
Boléro,"In 1928 Paris, choreographer Ida Rubinstein commissions Maurice Ravel to compose the music for her next ballet. Facing a crisis of inspiration, the composer revisits his life and dedicates himself to create a universal masterpiece, Bolero.",6.5, (1.1K,"https://m.media-amazon.com/images/M/MV5BYmExNDczNmQtY2QzMi00ZGI4LThjYTItYjZjNDU5NjZmZDU1XkEyXkFqcGc@._V1_QL75_UY133_CR4,0,90,133_.jpg",2h,2024.0,In  paris choreographer ida rubinstein commissions maurice ravel to compose the music for her next ballet facing a crisis of inspiration the composer revisits his life and dedicates himself to create a universal masterpiece bolero
Ipar Adalah Maut,Nisa and Aris initially happy household will be shaken by the appearance of Nisa's younger sibling who lives with them.,7.0, (1.5K,"https://m.media-amazon.com/images/M/MV5BNDRjYTA2MzgtYWI3My00YmFjLTk1MjgtYTkwZDkyMzg1OWVjXkEyXkFqcGc@._V1_QL75_UY133_CR8,0,90,133_.jpg",2h 11m,2024.0,Nisa and aris initially happy household will be shaken by the appearance of nisas younger sibling who lives with them
Shell Girl,,5.9, (58,"https://m.media-amazon.com/images/M/MV5BZjU4N2UxNmUtODkxNC00YWM3LWE2MjktMzA3YjIwNzI4MDA0XkEyXkFqcGc@._V1_QL75_UY133_CR6,0,90,133_.jpg",,2024.0,
Tim Travers & the Time Travelers Paradox,What happens if you travel back in time and eliminate your younger self? Terminally bored mad genius Tim Travers seeks to find the answer and unravel the time traveler's paradox. The Result? A crazy comedic adventure beyond comprehension.,5.5, (826,"https://m.media-amazon.com/images/M/MV5BMmEwYmRmYWYtYWMwZS00NDk1LWI3NGEtZDVmM2Y4OGM5NzM2XkEyXkFqcGc@._V1_QL75_UY133_CR0,0,90,133_.jpg",1h 35m,2024.0,What happens if you travel back in time and eliminate your younger self terminally bored mad genius tim travers seeks to find the answer and unravel the time travelers paradox the result a crazy comedic adventure beyond comprehension
Moon,"A former martial artist hired to train three wealthy Jordanian sisters finds her ""dream job"" turning unsettling as the isolated young women are under constant surveillance and show no interest in the sport. Why was she really hired?",6.5, (1.1K,"https://m.media-amazon.com/images/M/MV5BZDRjMjJiMjgtY2VkNi00MDUzLTgzNzEtNjI0ZjVmNWUyZjJlXkEyXkFqcGc@._V1_QL75_UY133_CR2,0,90,133_.jpg",1h 32m,2024.0,A former martial artist hired to train three wealthy jordanian sisters finds her dream job turning unsettling as the isolated young women are under constant surveillance and show no interest in the sport why was she really hired
Grand Theft Hamlet,"Two struggling actors find solace from lockdown isolation by staging Hamlet in Grand Theft Auto Online (2013), battling griefers as they connect through William Shakespeare.",6.9, (2.6K,"https://m.media-amazon.com/images/M/MV5BYTFmY2E0YzQtZTlmMC00NmNjLTg1MjUtY2NmNmZlNDgyMzM5XkEyXkFqcGc@._V1_QL75_UX90_CR0,0,90,133_.jpg",1h 29m,2024.0,Two struggling actors find solace from lockdown isolation by staging hamlet in grand theft auto online  battling griefers as they connect through william shakespeare
Way Home,"A father enters war-torn Syria seeking his son Adam, facing deadly challenges that test his limits and beliefs. A journey of parental love, sacrifice, powerlessness and forgiveness.",6.4, (1.9K,"https://m.media-amazon.com/images/M/MV5BNWRlYWY4ZWQtYWY4OC00NDk3LWJlMTYtZmU5MDk2ZGI2MThiXkEyXkFqcGc@._V1_QL75_UY133_CR2,0,90,133_.jpg",1h 38m,2024.0,A father enters wartorn syria seeking his son adam facing deadly challenges that test his limits and beliefs a journey of parental love sacrifice powerlessness and forgiveness
Down the Rabbit Hole,"Raised in opulence and culture, 10-year-old Tochtli's lavish life contrasts with the darkness that seeps in from his father's criminal activities.",5.6, (602,"https://m.media-amazon.com/images/M/MV5BZjc3NGFiNTEtMzk5OC00NmUyLThlZDgtMWU2ZTFmNzQ0YTY0XkEyXkFqcGc@._V1_QL75_UX90_CR0,0,90,133_.jpg",1h 42m,2024.0,Raised in opulence and culture yearold tochtlis lavish life contrasts with the darkness that seeps in from his fathers criminal activities
Tabaah,Revolves around the love and turmoil between our two protagonists. The journey of these characters is marked by such unfortunate twists and events that make it a tragic love story.,5.3, (644,"https://m.media-amazon.com/images/M/MV5BZDExZWEwNzYtNjNhMi00ZmQ2LTg3OWYtOWY2MzJjN2VmM2JmXkEyXkFqcGc@._V1_QL75_UY133_CR8,0,90,133_.jpg",1h 48m,2024.0,Revolves around the love and turmoil between our two protagonists the journey of these characters is marked by such unfortunate twists and events that make it a tragic love story
Love Switch,"Married couple James and Michelle, on the verge of divorce, magically switch bodies on their anniversary. Forced to experience life from each other's perspectives, they gain newfound respect and understanding, rekindling their love.",5.9, (433,"https://m.media-amazon.com/images/M/MV5BY2ZmYTNhNDgtY2I3Yy00M2FiLThhNDItYTZjYTcwYmIwMTkwXkEyXkFqcGc@._V1_QL75_UY133_CR5,0,90,133_.jpg",1h 29m,2024.0,Married couple james and michelle on the verge of divorce magically switch bodies on their anniversary forced to experience life from each others perspectives they gain newfound respect and understanding rekindling their love
To a Land Unknown,A Palestinian refugee living on the fringes of society in Athens gets ripped off by a smuggler and sets out to seek revenge.,7.3, (1.1K,"https://m.media-amazon.com/images/M/MV5BZmVhNTgyOTAtNWY1OC00YzJkLTkxY2YtNjRmOTFiMmFmYTEzXkEyXkFqcGc@._V1_QL75_UY133_CR0,0,90,133_.jpg",1h 45m,2024.0,A palestinian refugee living on the fringes of society in athens gets ripped off by a smuggler and sets out to seek revenge
House of Sayuri,"A family moves into a house, but discover that it is haunted by a murdered girl.",6.0, (715,"https://m.media-amazon.com/images/M/MV5BYWVkZjc3MTEtOTIzOS00NGNmLWJlYzAtMTBkNjI5NTJjNjUxXkEyXkFqcGc@._V1_QL75_UY133_CR2,0,90,133_.jpg",1h 48m,2024.0,A family moves into a house but discover that it is haunted by a murdered girl
Alienoid: The Return to the Future,Ancient Taoists travel through time and space in an effort to obtain a divine sword.,6.5, (3.2K,"https://m.media-amazon.com/images/M/MV5BNTZkMGM4NDAtNjliYy00YWJhLTkzZjEtMTU5MTlmMGU4ZGY4XkEyXkFqcGc@._V1_QL75_UY133_CR2,0,90,133_.jpg",2h 2m,2024.0,Ancient taoists travel through time and space in an effort to obtain a divine sword
Limonov: The Ballad of Eddie,"The outrageous story of Eduard Limonov, the radical Soviet poet who became a bum in New York, a sensation in France, and a political antihero in Russia.",5.8, (1.4K,"https://m.media-amazon.com/images/M/MV5BYTMzOTcwNzQtYWVlZi00YmUyLWI5ODAtNzRhMmJlNzQwMjM0XkEyXkFqcGc@._V1_QL75_UY133_CR8,0,90,133_.jpg",2h 18m,2024.0,The outrageous story of eduard limonov the radical soviet poet who became a bum in new york a sensation in france and a political antihero in russia
Yolo,"After an argument with her younger sister, Le Ying moves out on her own. She meets a boxing trainer and starts boxing.",6.9, (4.3K,"https://m.media-amazon.com/images/M/MV5BOTA3MTVkZGYtYzFlMi00MjAzLWI2MmQtZjUxYWUzNGU2ZjE3XkEyXkFqcGc@._V1_QL75_UY133_CR3,0,90,133_.jpg",2h 9m,2024.0,After an argument with her younger sister le ying moves out on her own she meets a boxing trainer and starts boxing
Kanguva,A tribal warrior's fierce struggle to save his people a millennium ago is mysteriously linked to a bounty hunter's perilous quest in the present.,4.5, (16K,"https://m.media-amazon.com/images/M/MV5BNjE2OGYyMTctY2ZkYy00ZWMzLWIzNjEtMWIzNjkxZTMyM2QwXkEyXkFqcGc@._V1_QL75_UY133_CR8,0,90,133_.jpg",2h 32m,2024.0,A tribal warriors fierce struggle to save his people a millennium ago is mysteriously linked to a bounty hunters perilous quest in the present
When the Light Breaks,"Una grapples with grief while harboring a secret, unable to fully express her emotions, as she navigates challenging events swirling around her.",6.6, (1.6K,"https://m.media-amazon.com/images/M/MV5BYTA0MTA5NWItYmI2Ny00MWU1LWIyZGQtYmI5NmZlMGEyODM3XkEyXkFqcGc@._V1_QL75_UY133_CR4,0,90,133_.jpg",1h 22m,2024.0,Una grapples with grief while harboring a secret unable to fully express her emotions as she navigates challenging events swirling around her
Hard Home,"A mother who is deeply saddened lures her daughter's killer into her smart home in order to take revenge, and gets involved in a distorted game where life and death are at stake.",4.1, (904,"https://m.media-amazon.com/images/M/MV5BYjczNWMxNGEtNTI0ZC00ZjQ3LTk1MzktNzBkYmYxZTcwNjJiXkEyXkFqcGc@._V1_QL75_UY133_CR0,0,90,133_.jpg",1h 27m,2024.0,A mother who is deeply saddened lures her daughters killer into her smart home in order to take revenge and gets involved in a distorted game where life and death are at stake
Meanwhile on Earth,"A 23-year-old girl is contacted by an unknown life form claiming to be able to bring her older brother, who disappeared during a space mission, safely back to Earth.",5.8, (1.3K,"https://m.media-amazon.com/images/M/MV5BNGVlMGVmNjQtNGI0NC00ZWVmLTk5MDQtOGM5MzBlYTQxNTU2XkEyXkFqcGc@._V1_QL75_UX90_CR0,1,90,133_.jpg",1h 29m,2024.0,A yearold girl is contacted by an unknown life form claiming to be able to bring her older brother who disappeared during a space mission safely back to earth
Lost & Found in Cleveland,"A 24-hour slice-of-life following five people whose paths cross when an antiques appraisal TV show visits their Midwestern city, exploring their personal journeys amidst the post-industrial American dream.",6.5, (174,"https://m.media-amazon.com/images/M/MV5BN2M0OGI3ODMtZGQ4OC00ZDNjLWFmYzItMjU2ZmE0MzdmMTUyXkEyXkFqcGc@._V1_QL75_UY133_CR0,0,90,133_.jpg",2h 3m,2024.0,A hour sliceoflife following five people whose paths cross when an antiques appraisal tv show visits their midwestern city exploring their personal journeys amidst the postindustrial american dream
Morando com o Crush,"Luana and Hugo are schoolmates and are in love with each other. But when Hugo's mother and Luana's father decide to go out together and move in with everyone, things get complicated for the suitors.",5.4, (212,"https://m.media-amazon.com/images/M/MV5BNTdiMWYwY2QtYzk3My00ZmJkLWI5MDQtNDMxZWU5MTlkOTY1XkEyXkFqcGc@._V1_QL75_UY133_CR1,0,90,133_.jpg",1h 30m,2024.0,Luana and hugo are schoolmates and are in love with each other but when hugos mother and luanas father decide to go out together and move in with everyone things get complicated for the suitors
Naples to New York,Follows two Neapolitan kids as they journey to New York to escape Italy's early postwar poverty.,6.9, (1.4K,"https://m.media-amazon.com/images/M/MV5BYzdmMGRkNmYtMDVmMy00ZmZiLTgyYTMtOWNkODdiMzk5MGQ1XkEyXkFqcGc@._V1_QL75_UY133_CR2,0,90,133_.jpg",2h 4m,2024.0,Follows two neapolitan kids as they journey to new york to escape italys early postwar poverty
Nobu,"Nobu examines culinary legend Nobuyuki Matsuhisa's empire, offering an intimate portrait of a man who has redefined global gastronomy.",6.7, (165,"https://m.media-amazon.com/images/M/MV5BYTEwYjY4ZjAtZjQ3Ny00ZWRlLTgwYTctYjJjMjcyMmMxZThkXkEyXkFqcGc@._V1_QL75_UX90_CR0,0,90,133_.jpg",1h 50m,2024.0,Nobu examines culinary legend nobuyuki matsuhisas empire offering an intimate portrait of a man who has redefined global gastronomy
Bob Mackie: Naked Illusion,"Bob Mackie, a six-decade costume designer, received a Lifetime Achievement award and Tony nomination for The Cher Show. His unique, unfiltered style has been showcased in a new documentary.",7.7, (109,"https://m.media-amazon.com/images/M/MV5BYTJjNDExMzAtNDg1MC00NWZhLWI2MDktMjVhMWYxZmU3MWFiXkEyXkFqcGc@._V1_QL75_UY133_CR0,0,90,133_.jpg",1h 45m,2024.0,Bob mackie a sixdecade costume designer received a lifetime achievement award and tony nomination for the cher show his unique unfiltered style has been showcased in a new documentary
Iconic,A beauty influencer living in Los Angeles gradually loses her grip on reality.,4.1, (541,"https://m.media-amazon.com/images/M/MV5BNmUxZGUzNTYtN2Q2My00ZTVhLTk0NTctNGIxZjYwNTczOGE5XkEyXkFqcGc@._V1_QL75_UX90_CR0,3,90,133_.jpg",1h 30m,2024.0,A beauty influencer living in los angeles gradually loses her grip on reality
Conjuring the Cult,"After finding his daughter's bloodied body, David joins a support group, but a cult offers to resurrect her. His choices will determine not only his fate but his daughter's soul.",3.9, (1K,"https://m.media-amazon.com/images/M/MV5BNTBhNTI5NzMtNmY0MC00ZWJhLTgxOWEtMzkxZTg0ODQxOTQ0XkEyXkFqcGc@._V1_QL75_UY133_CR5,0,90,133_.jpg",1h 33m,2024.0,After finding his daughters bloodied body david joins a support group but a cult offers to resurrect her his choices will determine not only his fate but his daughters soul
I Want to Be Neenja! The Movie,"One of the greatest songs ever is now a movie. Buckle up for a laughter-filled ride. Jennifer Murphy ""GoGirl"" is a superhero on a mission to spread smiles, but she is being sabotaged by Chow, the billionaire ninja villain. Who will win?!.",3.1, (454,"https://m.media-amazon.com/images/M/MV5BN2E1Y2VmNmEtODkxNy00MTkwLWIyM2UtYmU2ZjRjMjUxZjc0XkEyXkFqcGc@._V1_QL75_UX90_CR0,1,90,133_.jpg",1h 30m,2024.0,One of the greatest songs ever is now a movie buckle up for a laughterfilled ride jennifer murphy gogirl is a superhero on a mission to spread smiles but she is being sabotaged by chow the billionaire ninja villain who will win
The Southern Chronicles,"It follows Rimants who is more interested in playing rugby, listening to music and dealing on the black market than studying for school, but when he falls in love with Monika, his faith in love and the future is tested.",8.5, (3.5K,"https://m.media-amazon.com/images/M/MV5BZTJlY2Y2ZmMtZDEzOC00MzQ3LWFlNzUtN2I2M2E5YzNlYWZlXkEyXkFqcGc@._V1_QL75_UX90_CR0,1,90,133_.jpg",2h,2024.0,It follows rimants who is more interested in playing rugby listening to music and dealing on the black market than studying for school but when he falls in love with monika his faith in love and the future is tested
Eks,Three compelling stories in one erotic experience. Yen Durano plays three different women in three titillating stories.,4.3, (263,"https://m.media-amazon.com/images/M/MV5BNTU3NDRkMTItYWU0Ny00NjcxLWFhZDUtZGQ4YWIyZGIzYTljXkEyXkFqcGc@._V1_QL75_UX90_CR0,1,90,133_.jpg",2h 1m,2024.0,Three compelling stories in one erotic experience yen durano plays three different women in three titillating stories
Dahomey,"The journey of 26 plundered royal treasures from the Kingdom of Dahomey exhibited in Paris, now being returned to Benin. Diop artistically voices a new generation's demands.",6.7, (3.3K,"https://m.media-amazon.com/images/M/MV5BMzUxYWUyNTctMDM5Mi00MmYxLWIyZGQtM2JjZDA1MzE3YTQ4XkEyXkFqcGc@._V1_QL75_UX90_CR0,0,90,133_.jpg",1h 8m,2024.0,The journey of  plundered royal treasures from the kingdom of dahomey exhibited in paris now being returned to benin diop artistically voices a new generations demands
Tenants,"After waking up in an unfamiliar apartment complex, a woman desperately searches for her sister while being hunted by a shadowy figure. As she makes her way through the building, unspeakable horrors befall the tenants she interacts with.",4.4, (174,"https://m.media-amazon.com/images/M/MV5BZjgwM2Q2MzMtNWYzOS00YTQyLTliNDEtYWI2MDllNjBlNDI2XkEyXkFqcGc@._V1_QL75_UX90_CR0,0,90,133_.jpg",1h 34m,2024.0,After waking up in an unfamiliar apartment complex a woman desperately searches for her sister while being hunted by a shadowy figure as she makes her way through the building unspeakable horrors befall the tenants she interacts with
Christspiracy,"The moral dimension of humanity's interaction with nonhuman animals and the industries that profit from their exploitation, as informed by world religions. A historical explanation of how the current global situation came to be.",8.5, (731,"https://m.media-amazon.com/images/M/MV5BZTA5YzJjMGUtNDkxMy00MzA5LWFlNGEtZWE0YThhMzFkNDk4XkEyXkFqcGc@._V1_QL75_UY133_CR3,0,90,133_.jpg",1h 51m,2024.0,The moral dimension of humanitys interaction with nonhuman animals and the industries that profit from their exploitation as informed by world religions a historical explanation of how the current global situation came to be
Chain Reactions,"The Texas Chain Saw Massacre's impact on 5 artists - Patton Oswalt, Takashi Miike, Alexandra Heller-Nicholas, Stephen King, Karyn Kusama - through interviews, outtakes, exploring how it shaped their art, psyche from childhood trauma.",7.1, (464,"https://m.media-amazon.com/images/M/MV5BYjFkYzUwZTktZjI3OC00ZjFkLThhZGUtNzQ2ODdlNmRiOGExXkEyXkFqcGc@._V1_QL75_UX90_CR0,1,90,133_.jpg",1h 43m,2024.0,The texas chain saw massacres impact on  artists  patton oswalt takashi miike alexandra hellernicholas stephen king karyn kusama  through interviews outtakes exploring how it shaped their art psyche from childhood trauma
How to Rob a Bank,"In this true-crime documentary, a charismatic rebel in 1990s Seattle pulls off an unprecedented string of bank robberies straight out of the movies.",6.6, (4.5K,"https://m.media-amazon.com/images/M/MV5BMWIxOGYzY2UtMDhlYi00ZjM5LThmNDktNmIzNWNhMjc3MjE5XkEyXkFqcGc@._V1_QL75_UY133_CR8,0,90,133_.jpg",1h 28m,2024.0,In this truecrime documentary a charismatic rebel in s seattle pulls off an unprecedented string of bank robberies straight out of the movies
No Dogs Allowed,"15-year-old Gabo struggles to control and hide his pedophilic urges, confiding only in online forums where he encounters the manipulative older Dave. When Dave is arrested for suspected abuse of minors, Gabo must make a choice.",7.6, (437,"https://m.media-amazon.com/images/M/MV5BMjQ3ZTE1ZTMtN2MzNi00ZWNmLWIxMWYtMjYyNzljY2ZiMDY5XkEyXkFqcGc@._V1_QL75_UY133_CR2,0,90,133_.jpg",1h 46m,2024.0,Yearold gabo struggles to control and hide his pedophilic urges confiding only in online forums where he encounters the manipulative older dave when dave is arrested for suspected abuse of minors gabo must make a choice
Dange,"Journey that delves deep into the complexities of friends. Set against the backdrop of a vibrant college festival, the movie explores the intricate dynamics between two friends whose paths diverge and ignite a fierce competition.",5.3, (845,"https://m.media-amazon.com/images/M/MV5BMjg0ZTRmNzktMzE2Zi00ZWMxLThlZDktZTlkMzdmMjMzZTMyXkEyXkFqcGc@._V1_QL75_UY133_CR8,0,90,133_.jpg",2h 34m,2024.0,Journey that delves deep into the complexities of friends set against the backdrop of a vibrant college festival the movie explores the intricate dynamics between two friends whose paths diverge and ignite a fierce competition
Blade of Fury,"Knife catcher Pei Xing originally exchanged his life for money as bounty hunter, but after witnessing the killing of people who stood up for justice, he gradually awakened and decided to fight back.",6.3, (188,"https://m.media-amazon.com/images/M/MV5BNzBhN2QyNmYtOTI5NC00ZGE0LTljNmMtMTYwOWE0NjRiODA3XkEyXkFqcGc@._V1_QL75_UX90_CR0,13,90,133_.jpg",1h 30m,2024.0,Knife catcher pei xing originally exchanged his life for money as bounty hunter but after witnessing the killing of people who stood up for justice he gradually awakened and decided to fight back
Blackout,"The streets of Pune, where a single night of darkness engulfs the city in mystery, as crime reporter Lenny, gets entangled in a web of greed and misfortune.",6.1, (12K,"https://m.media-amazon.com/images/M/MV5BYjIzODZjYTItNDkwNS00NjkxLWIwOTQtOGYxNzRkOGQyODcyXkEyXkFqcGc@._V1_QL75_UY133_CR22,0,90,133_.jpg",2h 2m,2024.0,The streets of pune where a single night of darkness engulfs the city in mystery as crime reporter lenny gets entangled in a web of greed and misfortune
Parvulos,"Three young brothers living in a cabin in the middle of the woods hide a dark, disturbing secret in their basement.",6.4, (559,"https://m.media-amazon.com/images/M/MV5BYzY0MWVhNmItN2EyZC00YjJiLThmOTktNWY4NWVkYmU1YmEyXkEyXkFqcGc@._V1_QL75_UY133_CR2,0,90,133_.jpg",1h 59m,2024.0,Three young brothers living in a cabin in the middle of the woods hide a dark disturbing secret in their basement
Sunray: Fallen Soldier,"A war veteran calls on friends from his past to hunt down those responsible for the death of his daughter. Along the way, he learns more about himself than he anticipated as a violent crime syndicate unravels in his wake.",4.4, (879,"https://m.media-amazon.com/images/M/MV5BNWRlMzA2MjktZjY0Zi00OGIyLWExYTMtODRiZjZmODI2YWJjXkEyXkFqcGc@._V1_QL75_UX90_CR0,1,90,133_.jpg",1h 55m,2024.0,A war veteran calls on friends from his past to hunt down those responsible for the death of his daughter along the way he learns more about himself than he anticipated as a violent crime syndicate unravels in his wake
Seize Them!,"Dark Ages Britain where Queen Dagan is toppled by a revolution led by Humble Joan. The Queen becomes a fugitive in her own land, and must face hardship and danger as she embarks on a voyage to win back her throne.",5.1, (1.3K,"https://m.media-amazon.com/images/M/MV5BN2EzZjlkZWItZDQ2OC00NjExLTk5NDktZTJjZmFlYjY0OGQxXkEyXkFqcGc@._V1_QL75_UX90_CR0,0,90,133_.jpg",1h 31m,2024.0,Dark ages britain where queen dagan is toppled by a revolution led by humble joan the queen becomes a fugitive in her own land and must face hardship and danger as she embarks on a voyage to win back her throne
Shayar,Satta and Seero's enduring love faces obstacles from destiny. Their journey depicts the resilience of true passion as they strive to overcome adversity and be together,8.1, (761,"https://m.media-amazon.com/images/M/MV5BNjU3NjJkZTUtMGM2Yy00YWEyLTllNTUtN2IxMzFkZjBkMDYxXkEyXkFqcGc@._V1_QL75_UY133_CR8,0,90,133_.jpg",2h 35m,2024.0,Satta and seeros enduring love faces obstacles from destiny their journey depicts the resilience of true passion as they strive to overcome adversity and be together
They Called Him Mostly Harmless,"A hiker found dead in Florida wilderness is identified by internet sleuths after 2 years. His identity triggers more questions as multiple hikers claim to have met him, but he never revealed his name.",5.9, (3.5K,"https://m.media-amazon.com/images/M/MV5BYWUxNTYwZTktOGE0YS00NDllLTg4OTgtYzE0ZGQyNTRmYjM5XkEyXkFqcGc@._V1_QL75_UX90_CR0,0,90,133_.jpg",1h 29m,2024.0,A hiker found dead in florida wilderness is identified by internet sleuths after  years his identity triggers more questions as multiple hikers claim to have met him but he never revealed his name
The Stepdaughter,"A teen moves in with birth father and new family, planning revenge on stepmom. Seeking retribution for mom and grandma's deaths, she aims to get close to dad and remove obstacles.",5.2, (345,"https://m.media-amazon.com/images/M/MV5BYWI2NDY2ZDYtNWU2ZS00ZTA0LTlkOWQtZGZiODY1M2M5YjNkXkEyXkFqcGc@._V1_QL75_UY133_CR2,0,90,133_.jpg",1h 45m,2024.0,A teen moves in with birth father and new family planning revenge on stepmom seeking retribution for mom and grandmas deaths she aims to get close to dad and remove obstacles
Kingdom 4: Return of the Great General,"While Qin continues to fight for the unification of the region, its neighboring country invades Qin from the north.",7.2, (1.7K,"https://m.media-amazon.com/images/M/MV5BODkxNmNlZmMtZDI5ZS00YWI5LWIxODctNTY3MWRiMmJlOTJiXkEyXkFqcGc@._V1_QL75_UY133_CR2,0,90,133_.jpg",2h 25m,2024.0,While qin continues to fight for the unification of the region its neighboring country invades qin from the north
GTMax,"When a notorious gang of bikers recruits her brother for a heist, a former motocross champion must face her deepest fears to keep her family safe.",5.0, (1.4K,"https://m.media-amazon.com/images/M/MV5BZDk1ODA0ZmQtNmM4YS00Mzc1LWJmMDItYmU3ZGE0M2FjMGY0XkEyXkFqcGc@._V1_QL75_UY133_CR3,0,90,133_.jpg",1h 40m,2024.0,When a notorious gang of bikers recruits her brother for a heist a former motocross champion must face her deepest fears to keep her family safe
Bhoothaddam Bhaskar Narayana,"In a small town in southern India, a rash of unsolved murders over the past 18 years has left the region shrouded in mystery. Despite repeated efforts, local police have failed to find any explanation or suspect.",6.1, (350,"https://m.media-amazon.com/images/M/MV5BNGU0NjJhMzMtMmM1Zi00OWY5LThkNjYtMGRiYzNiOTE5M2E0XkEyXkFqcGc@._V1_QL75_UX90_CR0,3,90,133_.jpg",2h 21m,2024.0,In a small town in southern india a rash of unsolved murders over the past  years has left the region shrouded in mystery despite repeated efforts local police have failed to find any explanation or suspect
I Can Never Be Yours,"When fresh-faced college graduate Sheryl Davis has a one-night stand with billionaire Liam Anderson on New Year's Eve, she never expects to become his secretary. Will Liam realize his perfect match has been right before him all along?",8.0, (249,"https://m.media-amazon.com/images/M/MV5BYzdiZGVjZjktNzI1Ny00NDdkLTg4ODEtOWZkNzc3OTUzZjI2XkEyXkFqcGc@._V1_QL75_UY133_CR4,0,90,133_.jpg",,2024.0,When freshfaced college graduate sheryl davis has a onenight stand with billionaire liam anderson on new years eve she never expects to become his secretary will liam realize his perfect match has been right before him all along
The Commandant's Shadow,"Follows Hans Jürgen Höss, the son of Rudolf Höss, the Camp Commandant of Auschwitz when he confronts his father's involvement in the murder of over a million Jews during the Holocaust.",7.4, (1.3K,"https://m.media-amazon.com/images/M/MV5BMjExYWE1MWMtN2RhMS00YzZkLTg0ODUtN2VkNmYyMDM3Yjg3XkEyXkFqcGc@._V1_QL75_UX90_CR0,0,90,133_.jpg",1h 43m,2024.0,Follows hans jrgen hss the son of rudolf hss the camp commandant of auschwitz when he confronts his fathers involvement in the murder of over a million jews during the holocaust
Micro Budget,"A comedy feature about an aspiring director who recklessly moves himself and his nine-months-pregnant actress wife from Iowa to LA to shoot a low-budget indie movie and sell it to a streamer for a ""f***-ton of money.""",7.8, (50,"https://m.media-amazon.com/images/M/MV5BMjZlNDQwNzAtODM1Yi00NzRkLThjYWQtNTZkM2I2YTQwNTgyXkEyXkFqcGc@._V1_QL75_UX90_CR0,0,90,133_.jpg",1h 28m,,A comedy feature about an aspiring director who recklessly moves himself and his ninemonthspregnant actress wife from iowa to la to shoot a lowbudget indie movie and sell it to a streamer for a fton of money
Everybody Loves Touda,"Touda is a Sheikha, a traditional Moroccan singer. Performing in the bars of her provincial town under the gaze of men, she plans to leave for the lights of Casablanca, to gain recognition and ensure a better future for her son.",6.4, (648,"https://m.media-amazon.com/images/M/MV5BMjg5YzBiOTItODM3My00NjRmLTk2NTctM2UxZDI1NWQzNGQxXkEyXkFqcGc@._V1_QL75_UX90_CR0,1,90,133_.jpg",1h 42m,2024.0,Touda is a sheikha a traditional moroccan singer performing in the bars of her provincial town under the gaze of men she plans to leave for the lights of casablanca to gain recognition and ensure a better future for her son
Face Off 7: One Wish,"When a 73-year-old widow is forced to depend on the care of her 5 busy adult children after an injury, she begins to question the meaning of family love.",7.2, (405,"https://m.media-amazon.com/images/M/MV5BMGY2MWU4YTUtMTUxMi00NTk5LWI3ODQtZDZkNzIxNWU0MjgxXkEyXkFqcGc@._V1_QL75_UY133_CR1,0,90,133_.jpg",2h 18m,2024.0,When a yearold widow is forced to depend on the care of her  busy adult children after an injury she begins to question the meaning of family love
Albany Road,"On her way to the most important meeting of her career, a New York executive is forced to share a rental car with her ex-fiancé's mother, only to discover that the mother is hiding a major secret.",6.4, (261,"https://m.media-amazon.com/images/M/MV5BMmNjZGVkYzItZmY4YS00YTE4LTkzMGYtYzMzOTBkYTc0NjExXkEyXkFqcGc@._V1_QL75_UX90_CR0,0,90,133_.jpg",2h 15m,2024.0,On her way to the most important meeting of her career a new york executive is forced to share a rental car with her exfiancs mother only to discover that the mother is hiding a major secret
A Sudden Case of Christmas,"An American couple takes their 10-year-old daughter to her grandfather's hotel in Italy to tell her that they are separating. Hoping to bring them back together, she asks to celebrate one last Christmas together, although it's August.",5.1, (1.5K,"https://m.media-amazon.com/images/M/MV5BMDA2YjU5NjItMzA2ZS00NTJiLWE5MTUtMjc2NmIxOGFlNmE3XkEyXkFqcGc@._V1_QL75_UX90_CR0,1,90,133_.jpg",1h 31m,2024.0,An american couple takes their yearold daughter to her grandfathers hotel in italy to tell her that they are separating hoping to bring them back together she asks to celebrate one last christmas together although its august
Fine Young Men,"When Alf returns to school after a year away, he begins to bond with new student Oliver. This will deeply damage the relationship between Alf and Oliver as Alf faces the transition to adulthood alone, embroiled in crime.",6.3, (153,"https://m.media-amazon.com/images/M/MV5BZTIyN2E0NGYtZjM3Ni00ZWEyLTlhODktMjRjYTQ2ZDc4OGJjXkEyXkFqcGc@._V1_QL75_UY133_CR2,0,90,133_.jpg",1h 29m,2024.0,When alf returns to school after a year away he begins to bond with new student oliver this will deeply damage the relationship between alf and oliver as alf faces the transition to adulthood alone embroiled in crime
Conquer: Lahad Datu,"The Malaysian security forces in quelling the militant group of the Sulu Sultanate aka ""Operation Daulat"" in Lahad Datu, Sabah.",6.5, (630,"https://m.media-amazon.com/images/M/MV5BMmVkZDAzY2UtMmFkZS00MTY3LWJkNmUtNjE3Zjg3NGZhMzI2XkEyXkFqcGc@._V1_QL75_UY133_CR1,0,90,133_.jpg",2h,2024.0,The malaysian security forces in quelling the militant group of the sulu sultanate aka operation daulat in lahad datu sabah
Slay,"After a booking mistake, four drag queens find themselves performing for a mostly unwelcoming crowd, but when vampires attack, the crowd looks to the queens to save the day.",6.5, (1.4K,"https://m.media-amazon.com/images/M/MV5BNTY0ZWJkZDAtZTFjNi00MGFmLWI5MDItMTU5MDM2ZjE2NDczXkEyXkFqcGc@._V1_QL75_UY133_CR0,0,90,133_.jpg",1h 39m,2024.0,After a booking mistake four drag queens find themselves performing for a mostly unwelcoming crowd but when vampires attack the crowd looks to the queens to save the day
In Vitro,"On a struggling cattle farm some years in the future, a woman discovers the unsettling consequences of her husband's animal breeding technology.",5.5, (706,"https://m.media-amazon.com/images/M/MV5BY2E3NWJkNWMtMWFkMC00ZjAwLWJkZDYtMTFjYTU0NDYwZmE5XkEyXkFqcGc@._V1_QL75_UY133_CR2,0,90,133_.jpg",1h 29m,2024.0,On a struggling cattle farm some years in the future a woman discovers the unsettling consequences of her husbands animal breeding technology
Daughters,"Four young girls prepare for a special Daddy/Daughter Dance with their incarcerated fathers as part of a unique fatherhood program in a Washington, D.C. jail.",7.6, (1.9K,"https://m.media-amazon.com/images/M/MV5BZjRmNDEzOGQtNzhhZi00MzA0LWIyOWUtMTRiMjIxODE0NTIxXkEyXkFqcGc@._V1_QL75_UX90_CR0,1,90,133_.jpg",1h 48m,2024.0,Four young girls prepare for a special daddydaughter dance with their incarcerated fathers as part of a unique fatherhood program in a washington dc jail
3391 Kilometres,"A lonely Turkish girl meets a boy who lives in a small town of France. Despite living far apart, they bond over shared quirks. Through late night chats they become close, overcoming physical distance to find friendship.",4.4, (1.4K,"https://m.media-amazon.com/images/M/MV5BYjk3YzQ2ZjgtYTYxOS00MzUyLThjYmItNzUzZWYwMmM2ZTQwXkEyXkFqcGc@._V1_QL75_UY133_CR2,0,90,133_.jpg",1h 50m,2024.0,A lonely turkish girl meets a boy who lives in a small town of france despite living far apart they bond over shared quirks through late night chats they become close overcoming physical distance to find friendship
Son's Will,"A post-apocalyptic tale set in the west Balkans, after a nuclear war.",7.3, (1.3K,"https://m.media-amazon.com/images/M/MV5BMGJiZGNjZjAtZTRjNC00MTY4LWI0ZTEtOWJjNGNjODRlNmFjXkEyXkFqcGc@._V1_QL75_UY133_CR3,0,90,133_.jpg",2h 28m,2024.0,A postapocalyptic tale set in the west balkans after a nuclear war
Yudhra,"A young man consumed by vengeance, Yudhra infiltrates a ruthless cartel to avenge his murdered parents, only to discover a dark truth about his past that will test his limits.",4.9, (14K,"https://m.media-amazon.com/images/M/MV5BZWM0YTZhMTAtMjc0MS00MzhmLTljZWQtZDFkYzFkMGZjZmVhXkEyXkFqcGc@._V1_QL75_UY133_CR8,0,90,133_.jpg",2h 22m,2024.0,A young man consumed by vengeance yudhra infiltrates a ruthless cartel to avenge his murdered parents only to discover a dark truth about his past that will test his limits
Binny and Family,Rebellious teenage Binny and her conservative grandfather from Bihar connect after a dramatic incident. Can the contrasting personalities bridge generational gaps and impact each other's lives?,7.5, (5.5K,"https://m.media-amazon.com/images/M/MV5BNjliOTZhY2UtZjExNS00N2E4LThhNTgtMjk2MmNkY2E5Mjc1XkEyXkFqcGc@._V1_QL75_UX90_CR0,1,90,133_.jpg",2h 20m,2024.0,Rebellious teenage binny and her conservative grandfather from bihar connect after a dramatic incident can the contrasting personalities bridge generational gaps and impact each others lives
If I Tell You,"Set in the Iron Range area of Minnesota, the story follows Michael, 12, a happy, friendly kid, whose life is changed the night his mom comes home with a black eye and bruised lip.",8.1, (29,"https://m.media-amazon.com/images/M/MV5BZjliMWQxZDgtNzNkOS00NDRiLWE3YWMtNjFhZDU5NzU1MWIyXkEyXkFqcGc@._V1_QL75_UX90_CR0,0,90,133_.jpg",,2024.0,Set in the iron range area of minnesota the story follows michael  a happy friendly kid whose life is changed the night his mom comes home with a black eye and bruised lip
Man and Witch: The Dance of a Thousand Steps,"A goatherd seeks help from a witch to break a curse that prevents him from taking a wife, so she sets upon him a series of impossible tasks.",5.6, (411,"https://m.media-amazon.com/images/M/MV5BYWY0MGI4NzMtOTM3YS00YzgzLTgxNmItNjE2ZTg0N2Q3ZWZkXkEyXkFqcGc@._V1_QL75_UX90_CR0,0,90,133_.jpg",1h 34m,2024.0,A goatherd seeks help from a witch to break a curse that prevents him from taking a wife so she sets upon him a series of impossible tasks
The Haunted Apartment: Miss K,"Apartment 610 holds a dark and terrifying secret, anyone who enters will die within four days. Can Alma and her sister, Mia, somehow evade the curse?",5.6, (643,"https://m.media-amazon.com/images/M/MV5BZTlmOWY0YjgtNzVjYi00MmQwLTgxYjQtZjY4MTE3YmNjODkyXkEyXkFqcGc@._V1_QL75_UY133_CR8,0,90,133_.jpg",1h 43m,2024.0,Apartment  holds a dark and terrifying secret anyone who enters will die within four days can alma and her sister mia somehow evade the curse
The Body,"A night watchman escapes from the morgue where he works and is run over. The inspector called to investigate discovers that the body of a recently deceased woman is missing. Questioning the widower, he begins to suspect him.",6.3, (728,"https://m.media-amazon.com/images/M/MV5BMjNlNWM4ZWEtN2RmNC00MzA1LTg2NmItMWJmYmU0MTkxNGI1XkEyXkFqcGc@._V1_QL75_UY133_CR2,0,90,133_.jpg",1h 56m,2024.0,A night watchman escapes from the morgue where he works and is run over the inspector called to investigate discovers that the body of a recently deceased woman is missing questioning the widower he begins to suspect him
Shoutai,"Accused of a brutal murder, Kaburagi escapes and goes on the run across Japan. Detective Matanuki pursues him, but after 488 days missing, Kaburagi's true identity and motives remain a mystery.",6.8, (955,"https://m.media-amazon.com/images/M/MV5BOWE4M2FhNDItZWFhOC00Zjg3LTlkMmUtZjYxZjZiMjBiZmM0XkEyXkFqcGc@._V1_QL75_UY133_CR2,0,90,133_.jpg",2h,2024.0,Accused of a brutal murder kaburagi escapes and goes on the run across japan detective matanuki pursues him but after  days missing kaburagis true identity and motives remain a mystery
Mr. Manhattan,Mason Bradley's life turns upside-down when he unexpectedly becomes the sole guardian of his late brother's kids after prioritizing his law career and ending his engagement.,6.8, (538,"https://m.media-amazon.com/images/M/MV5BNDViOGMwM2QtY2JmNC00MTliLWJjZTgtOGQ4ZGFmYmI4N2U2XkEyXkFqcGc@._V1_QL75_UX90_CR0,1,90,133_.jpg",1h 50m,2024.0,Mason bradleys life turns upsidedown when he unexpectedly becomes the sole guardian of his late brothers kids after prioritizing his law career and ending his engagement
Janaka Aithe Ganaka,"A young married man rejects parenthood, calculating costs for a child's upbringing. He determines his income insufficient for education, quality of life, and other expenses, leading to his decision against having children at that time.",7.5, (2.7K,"https://m.media-amazon.com/images/M/MV5BYWJlNThjZTYtYjllZi00ZDNjLThlYzctNzYxZDdlMWFlNWFjXkEyXkFqcGc@._V1_QL75_UY133_CR8,0,90,133_.jpg",2h 18m,2024.0,A young married man rejects parenthood calculating costs for a childs upbringing he determines his income insufficient for education quality of life and other expenses leading to his decision against having children at that time
The Boy with Pink Trousers,"The story of Andrea Spezzacatena, who, in 2012, decided to take his own life because of the continuous bullying of some classmates.",6.7, (1.3K,"https://m.media-amazon.com/images/M/MV5BZjQ3ZDRkZmYtYTc4Yi00NTc0LWFiYzQtMjczZjY3ZTU3MGIxXkEyXkFqcGc@._V1_QL75_UY133_CR2,0,90,133_.jpg",1h 54m,2024.0,The story of andrea spezzacatena who in  decided to take his own life because of the continuous bullying of some classmates
100 litraa sahtia,"Two middle-aged sisters in a Finnish village promise to brew beer for a wedding but drink their entire batch. In a hilarious race against time, they struggle with hangovers while trying to make more beer and save their reputations.",6.4, (1.3K,"https://m.media-amazon.com/images/M/MV5BNTE5ZWQxMzctMjEwYy00OTcyLTkyYWEtOWM2MTQxZmMwOWVmXkEyXkFqcGc@._V1_QL75_UX90_CR0,0,90,133_.jpg",1h 28m,2024.0,Two middleaged sisters in a finnish village promise to brew beer for a wedding but drink their entire batch in a hilarious race against time they struggle with hangovers while trying to make more beer and save their reputations
Viva La Vida,"A young woman who needs a kidney transplant wants to marry someone who will be able to donate a kidney, and meets a young man who has a brain disease.",7.6, (1.1K,"https://m.media-amazon.com/images/M/MV5BYmJiOGY3Y2UtOGQwYy00ZDBmLThhNGYtNTI1NDdhZTMyMDYwXkEyXkFqcGc@._V1_QL75_UY133_CR3,0,90,133_.jpg",2h 10m,2024.0,A young woman who needs a kidney transplant wants to marry someone who will be able to donate a kidney and meets a young man who has a brain disease
31st Movie,"After being raped by her boyfriend on New Year's Eve, Kinjal faces police indifference and takes her life. Her sister fights a legal battle for justice. Will she succeed?",8.4, (43,"https://m.media-amazon.com/images/M/MV5BY2MyOWNjNmQtYjBkMy00MGIxLThiNTEtMDA0NDQ5MjIxMGRkXkEyXkFqcGc@._V1_QL75_UY133_CR5,0,90,133_.jpg",2h 25m,2024.0,After being raped by her boyfriend on new years eve kinjal faces police indifference and takes her life her sister fights a legal battle for justice will she succeed
Street Trash,A group of homeless misfits must fight for survival when they discover a plot to exterminate every homeless person in the city.,4.5, (1.2K,"https://m.media-amazon.com/images/M/MV5BODI5NzRkZDctYzA3ZC00OWM0LWE0NGMtZTE0MzgxZjJlZjQ2XkEyXkFqcGc@._V1_QL75_UX90_CR0,1,90,133_.jpg",1h 25m,2024.0,A group of homeless misfits must fight for survival when they discover a plot to exterminate every homeless person in the city
Gundi: Legend of Love,"Explore Georgi Asparuhov's rise from Sofia's outskirts to a football legend and his profound love for his wife Lita, set against 1960s Bulgaria's turmoil.",8.9, (5.9K,"https://m.media-amazon.com/images/M/MV5BYjAyZWVhOTgtMThmMS00Y2Y4LThkZjMtYjkwZjJmYTYwNzQxXkEyXkFqcGc@._V1_QL75_UY133_CR8,0,90,133_.jpg",2h 46m,2024.0,Explore georgi asparuhovs rise from sofias outskirts to a football legend and his profound love for his wife lita set against s bulgarias turmoil
Water Brother,"'Water Brother' is a feature documentary that follows the life of Sid Abbruzzi, an East Coast legend and culture icon.",9.6, (43,"https://m.media-amazon.com/images/M/MV5BMTI2OGQwZWMtYWU1Mi00MDBjLWE2MzgtNjljZWJkZDM0ODMxXkEyXkFqcGc@._V1_QL75_UX90_CR0,0,90,133_.jpg",1h 28m,2024.0,Water brother is a feature documentary that follows the life of sid abbruzzi an east coast legend and culture icon
Rats!,"In Fresno, Texas, graffiti artist Raphael's arrest leads to his involvement in a chain of events involving a sting operation, suicide, drug deals, criminal suspicions, weapons, a newswoman, and a plutonium deal gone wrong, creating chaos.",6.4, (376,"https://m.media-amazon.com/images/M/MV5BYzNlYjZmYzAtMWE5OC00ZDE4LWIxNDQtMWEyZGJkZjRkMzFhXkEyXkFqcGc@._V1_QL75_UX90_CR0,0,90,133_.jpg",1h 25m,2024.0,In fresno texas graffiti artist raphaels arrest leads to his involvement in a chain of events involving a sting operation suicide drug deals criminal suspicions weapons a newswoman and a plutonium deal gone wrong creating chaos
Unsinkable,Award-winning film about the political intrigue and drama during the inquiry and investigation into the sinking of Titanic.,5.5, (275,"https://m.media-amazon.com/images/M/MV5BZmZlMWJkNWQtMGM2Ni00MGRmLWI3YWYtNmEyZjdjNDUyNWZhXkEyXkFqcGc@._V1_QL75_UY133_CR4,0,90,133_.jpg",1h 40m,2024.0,Awardwinning film about the political intrigue and drama during the inquiry and investigation into the sinking of titanic
American Dream: The 21 Savage Story,Follows 21 Savage's journey from UK birth to US upbringing where he conquers adversity like poverty and crime to attain success in rap music.,8.0, (33,"https://m.media-amazon.com/images/M/MV5BYTdhZThlYmYtZTQ5NS00NDM0LTgwYjQtODE1YzY0YWQwMDlmXkEyXkFqcGc@._V1_QL75_UY133_CR73,0,90,133_.jpg",,2024.0,Follows  savages journey from uk birth to us upbringing where he conquers adversity like poverty and crime to attain success in rap music
Bitter Gold,"Pacífico's injury thrusts his daughter Carola into leading his mining crew, navigating greed, misogyny, and threats while trying to secure their future.",7.0, (142,"https://m.media-amazon.com/images/M/MV5BZTNiOTA4M2ItMWZlOS00MjY5LThiODQtODdlN2NhNzM0YzM3XkEyXkFqcGc@._V1_QL75_UY133_CR3,0,90,133_.jpg",1h 23m,2024.0,Pacficos injury thrusts his daughter carola into leading his mining crew navigating greed misogyny and threats while trying to secure their future
Good Grief,"After her mother suddenly dies, a pushover painter must battle through the opinions and expectations of family, ""friends,"" and a toxic boyfriend to plan her funeral.",,,"https://m.media-amazon.com/images/M/MV5BMmRmYTA3MjQtYTBiZC00YTkxLWFlNmMtZWNmNmZlYWQxYmE4XkEyXkFqcGc@._V1_QL75_UY133_CR2,0,90,133_.jpg",,2024.0,After her mother suddenly dies a pushover painter must battle through the opinions and expectations of family friends and a toxic boyfriend to plan her funeral
"Hello, Love, Again","After fighting for their love to conquer the time, distance and a global shutdown that kept them apart, Joy and Ethan meet again in Canada but realize that they have also changed a lot, individually.",6.7, (1K,"https://m.media-amazon.com/images/M/MV5BZTdkM2Q3OWItY2QzZC00MzEwLTgzMmUtMjVhYmEyNDA1ZTMxXkEyXkFqcGc@._V1_QL75_UY133_CR0,0,90,133_.jpg",2h 2m,2024.0,After fighting for their love to conquer the time distance and a global shutdown that kept them apart joy and ethan meet again in canada but realize that they have also changed a lot individually
The Ghost Trap,A young lobsterman is forced to choose between right and wrong when his girlfriend suffers a traumatic head injury and a rival lobstering family sabotages his gear.,5.2, (220,"https://m.media-amazon.com/images/M/MV5BZGFkYThhZjUtOGQwMS00YWE0LWFlODItNDQ3MjRhMGFjNWY0XkEyXkFqcGc@._V1_QL75_UX90_CR0,1,90,133_.jpg",1h 46m,2024.0,A young lobsterman is forced to choose between right and wrong when his girlfriend suffers a traumatic head injury and a rival lobstering family sabotages his gear
Linda,"Self-assured Linda begins working for a wealthy Buenos Aires family. Her charm ignites sexual tension, exposing the fragility beneath their happy facade.",4.9, (482,"https://m.media-amazon.com/images/M/MV5BNjkzZDIzNmMtY2JhNC00OGI0LTg3YzEtNzRkZTc1MjlkYjY3XkEyXkFqcGc@._V1_QL75_UX90_CR0,0,90,133_.jpg",1h 40m,2024.0,Selfassured linda begins working for a wealthy buenos aires family her charm ignites sexual tension exposing the fragility beneath their happy facade
Wisdom of Happiness,"Dalai Lama, talks directly to camera about inner peace, happiness, and potential for peaceful, happy 21st century.",7.1, (401,"https://m.media-amazon.com/images/M/MV5BOTVjZWI2MWItYTk5NC00YzFkLWI2OTYtNmZjMmIzYTk1MTMyXkEyXkFqcGc@._V1_QL75_UY133_CR2,0,90,133_.jpg",1h 30m,2024.0,Dalai lama talks directly to camera about inner peace happiness and potential for peaceful happy st century
Nefarious,"A fast moving, funny and ultimately tragic European road movie about two hedonistic outlaws and their quest to open up a coffeeshop in Amsterdam.",7.2, (66,"https://m.media-amazon.com/images/M/MV5BMTE5M2M2NDQtMTZlMS00NjNiLWEzYjQtYzljNzI3ZmVlZTc3XkEyXkFqcGc@._V1_QL75_UY133_CR7,0,90,133_.jpg",1h 25m,2024.0,A fast moving funny and ultimately tragic european road movie about two hedonistic outlaws and their quest to open up a coffeeshop in amsterdam
Her Story,"Wang Tiemei, a single mother, loses her job and moves, befriending neighbor Xiaoye who appears cheerful but is depressed. Their bond grows as Tiemei navigates relationships with her ex-husband causing trouble.",7.5, (2.4K,"https://m.media-amazon.com/images/M/MV5BOTVkOWU1NWUtZjYxMy00YmFmLTliYjQtZDFjZmZkZmE3YWVjXkEyXkFqcGc@._V1_QL75_UX90_CR0,1,90,133_.jpg",2h 3m,2024.0,Wang tiemei a single mother loses her job and moves befriending neighbor xiaoye who appears cheerful but is depressed their bond grows as tiemei navigates relationships with her exhusband causing trouble
Viduthalai Part 2,"An unassuming school teacher faces extreme circumstances, forcing him to take up arms and lead a fiery rebellion against oppression, becoming an unlikely leader.",7.6, (18K,"https://m.media-amazon.com/images/M/MV5BM2ZjNTZjNWYtMDk2MC00YWFhLTg5MGEtMDM3OGIyMWI3YTA0XkEyXkFqcGc@._V1_QL75_UX90_CR0,3,90,133_.jpg",2h 50m,2024.0,An unassuming school teacher faces extreme circumstances forcing him to take up arms and lead a fiery rebellion against oppression becoming an unlikely leader
Heaven is Beneath Mother's Feet,"Adil, mentally 8-year-old, lives with elderly mother Raikhan. Believing pilgrimage to Mecca on foot ensures Raikhan's heaven entry, Adil travels across Kazakh steppe facing obstacles. Mother-son journey's hardships depicted.",7.5, (436,"https://m.media-amazon.com/images/M/MV5BYTgyN2RiZTAtMGZjYy00OGIzLTk3YjAtZWI1YzExMTZkMzU0XkEyXkFqcGc@._V1_QL75_UY133_CR1,0,90,133_.jpg",2h 20m,2024.0,Adil mentally yearold lives with elderly mother raikhan believing pilgrimage to mecca on foot ensures raikhans heaven entry adil travels across kazakh steppe facing obstacles motherson journeys hardships depicted
If You See Something,"In the throes of a new love, an Iraqi immigrant seeking political asylum and an ambitious American woman start to build their life together in New York. When a crisis strikes, they are forced to navigate its impact on their relationship.",6.5, (28,"https://m.media-amazon.com/images/M/MV5BODQwZDgyMmMtMWQ5Mi00NTkzLTk1YjYtMGFhMmZkYjNhNjM5XkEyXkFqcGc@._V1_QL75_UX90_CR0,0,90,133_.jpg",1h 48m,2024.0,In the throes of a new love an iraqi immigrant seeking political asylum and an ambitious american woman start to build their life together in new york when a crisis strikes they are forced to navigate its impact on their relationship
Skincare,"Famed aesthetician Hope Goldman's skincare business faces sabotage when rival Angel Vergara opens a boutique across the street. Aided by friend Jordan, Hope seeks to uncover who's trying to ruin her reputation.",5.7, (5.9K,"https://m.media-amazon.com/images/M/MV5BYTJkMjJiOGEtMWM5MS00NjhiLTllZmUtNTRlMWU1NDk5N2E4XkEyXkFqcGc@._V1_QL75_UX90_CR0,0,90,133_.jpg",1h 36m,2024.0,Famed aesthetician hope goldmans skincare business faces sabotage when rival angel vergara opens a boutique across the street aided by friend jordan hope seeks to uncover whos trying to ruin her reputation
Group Therapy,"A witty exploration of mental health challenges through relatable conversations, striking a balance between depth and levity.",6.7, (234,"https://m.media-amazon.com/images/M/MV5BOTQ0NGNhYTYtODM5MS00ZTY0LWI0ZWEtNTZkMGEzMDJlOWJmXkEyXkFqcGc@._V1_QL75_UY133_CR22,0,90,133_.jpg",1h 26m,2024.0,A witty exploration of mental health challenges through relatable conversations striking a balance between depth and levity
Upstream,"Gao Zhilei's impulsive decision to become a stay-at-home husband leads to unforeseen challenges. As life takes a reverse turn, he's forced to face responsibilities as the family's breadwinner, ultimately finding himself and starting anew.",7.1, (1.5K,"https://m.media-amazon.com/images/M/MV5BZjNjNmZiZTYtMmQwNi00ODRjLWI5NzEtODFhNGJmOGQxNDUwXkEyXkFqcGc@._V1_QL75_UX90_CR0,5,90,133_.jpg",2h 1m,2024.0,Gao zhileis impulsive decision to become a stayathome husband leads to unforeseen challenges as life takes a reverse turn hes forced to face responsibilities as the familys breadwinner ultimately finding himself and starting anew
Ghost Trail,"Hamid joins a secret group tracking Syrian war criminals on the run. His mission takes him to Strasbourg, pursuing his former torturer for a fateful confrontation.",6.6, (1.2K,"https://m.media-amazon.com/images/M/MV5BOTA1OGMxMWItM2IyZS00MDNkLWE4ZjgtY2IxN2IzNGVhMGQ1XkEyXkFqcGc@._V1_QL75_UX90_CR0,0,90,133_.jpg",1h 46m,2024.0,Hamid joins a secret group tracking syrian war criminals on the run his mission takes him to strasbourg pursuing his former torturer for a fateful confrontation
I Am Nevenka,"Centers on true happenings of Nevenka Fernández, a young woman in 1990s Spain who courageously reported sexual harassment by her employer. Her tenacity pioneered the fight against workplace misconduct in her country.",7.0, (1.5K,"https://m.media-amazon.com/images/M/MV5BYTYyNzdjMTktNmY0Zi00ZWFkLWFlZTEtMjY4YzFlNzAyMGJjXkEyXkFqcGc@._V1_QL75_UY133_CR8,0,90,133_.jpg",1h 52m,2024.0,Centers on true happenings of nevenka fernndez a young woman in s spain who courageously reported sexual harassment by her employer her tenacity pioneered the fight against workplace misconduct in her country
Oak,"A group of teenagers touch a cursed tree in their neighborhood which they thought was only a legend, turns out the curse and what comes after you is very real.",4.8, (85,"https://m.media-amazon.com/images/M/MV5BNjNhNDg2MzAtMmI5YS00OTQ2LWFlMDItZmY3NzUyOTU0YTU2XkEyXkFqcGc@._V1_QL75_UY133_CR10,0,90,133_.jpg",,2024.0,A group of teenagers touch a cursed tree in their neighborhood which they thought was only a legend turns out the curse and what comes after you is very real
I Don't Understand You,"Stranded in rural Italy without transportation or language skills, an American couple on the verge of adopting tries to reconnect during a disastrous vacation, as their fears and relationship problems threaten to boil over.",5.4, (2.2K,"https://m.media-amazon.com/images/M/MV5BYTZkZTNmMzUtM2FiYy00YjEyLWFiMDktOWVhOWVmZGZmNDkwXkEyXkFqcGc@._V1_QL75_UX90_CR0,0,90,133_.jpg",1h 37m,2024.0,Stranded in rural italy without transportation or language skills an american couple on the verge of adopting tries to reconnect during a disastrous vacation as their fears and relationship problems threaten to boil over
Un/Happy for You,"Chef Juancho reunites with ex-girlfriend Zy, visiting hometown. Initially seeking revenge against her engagement, he unexpectedly redevelops feelings.",5.8, (471,"https://m.media-amazon.com/images/M/MV5BMGFjYjk4M2ItYjVjNS00NjExLTg1YzUtNzc1ZDE2ZmQ5YzI0XkEyXkFqcGc@._V1_QL75_UY133_CR1,0,90,133_.jpg",1h 50m,2024.0,Chef juancho reunites with exgirlfriend zy visiting hometown initially seeking revenge against her engagement he unexpectedly redevelops feelings
Kifn,"Teenage Peri's arranged marriage faces troubles. To resolve issues, she revisits family archives from when relatives recorded memories in 2000s Sulaimani after her mother's early death.",5.9, (903,"https://m.media-amazon.com/images/M/MV5BY2EwZWJlNTAtNTEyNy00MTUxLWI2YmYtMzhkYWNiZTk0NjFmXkEyXkFqcGc@._V1_QL75_UY133_CR8,0,90,133_.jpg",1h 43m,2024.0,Teenage peris arranged marriage faces troubles to resolve issues she revisits family archives from when relatives recorded memories in s sulaimani after her mothers early death
Devil,"Hema married to Alex meets Arun in accident, bond grows. Will Proximity causes strain on Hema's relationship with Alex.",4.5, (1.6K,"https://m.media-amazon.com/images/M/MV5BYzQ1OWQ2NmEtZTQ5OC00ZTQ4LWFmOTUtNThkOTI5NjhjNGYxXkEyXkFqcGc@._V1_QL75_UY133_CR8,0,90,133_.jpg",1h 58m,2024.0,Hema married to alex meets arun in accident bond grows will proximity causes strain on hemas relationship with alex
God & Country,"Looks at the implications of Christian Nationalism and how it distorts not only the constitutional republic, but Christianity itself.",6.4, (1.3K,"https://m.media-amazon.com/images/M/MV5BNTA4YzNjNjctYmE0Yi00N2RhLWIwZGItMzUwMDk0ODVhZmI4XkEyXkFqcGc@._V1_QL75_UY133_CR0,0,90,133_.jpg",1h 30m,2024.0,Looks at the implications of christian nationalism and how it distorts not only the constitutional republic but christianity itself
Marcello Mio,"Chiara is an actress and daughter of Marcello Mastroianni and Catherine Deneuve. One summer, she decides to live like her father. She dresses, speaks, and breathes like him with such conviction that others start calling her ""Marcello"".",5.8, (1.1K,"https://m.media-amazon.com/images/M/MV5BNzE4MDU5NGYtNWUwNy00NDY2LWE5ZDQtOGEwYzMwYjUzYjUzXkEyXkFqcGc@._V1_QL75_UY133_CR4,0,90,133_.jpg",2h,2024.0,Chiara is an actress and daughter of marcello mastroianni and catherine deneuve one summer she decides to live like her father she dresses speaks and breathes like him with such conviction that others start calling her marcello
Por,"Journey that delves deep into the complexities of friendship. Set against the backdrop of a vibrant college festival, the movie explores the intricate dynamics between two friends whose paths diverge and ignite a fierce competition.",5.0, (654,"https://m.media-amazon.com/images/M/MV5BMjU5YzBkNDEtZDZlMi00YjE3LWI5MTktYzU3YjVmOWFkMGMwXkEyXkFqcGc@._V1_QL75_UY133_CR8,0,90,133_.jpg",2h 34m,2024.0,Journey that delves deep into the complexities of friendship set against the backdrop of a vibrant college festival the movie explores the intricate dynamics between two friends whose paths diverge and ignite a fierce competition
Nie Xiaoqian,"Nie Xiaoqian was betrayed and died with hatred. She turned into a ghost after death and was imprisoned in Lanruo Temple. Ning Sheng went to Capital to take examination and stayed here, and accidentally saved Xiaoqian.",6.4, (25,"https://m.media-amazon.com/images/M/MV5BMGY3MjFkYzktNGQwZi00YjhlLTgyMjgtOTZjNTVlZDVmYTU2XkEyXkFqcGc@._V1_QL75_UY133_CR3,0,90,133_.jpg",1h 52m,2024.0,Nie xiaoqian was betrayed and died with hatred she turned into a ghost after death and was imprisoned in lanruo temple ning sheng went to capital to take examination and stayed here and accidentally saved xiaoqian
Victory,"A high school dance duo and a soccer team on a remote island. Two girls create a cheer leading club to pursue their love of dance, but they soon find themselves enthusiastically cheering on the soccer team and the entire island.",6.4, (436,"https://m.media-amazon.com/images/M/MV5BNjQ1MzI0OTQtMTYwNy00NjRiLWJmODMtNWIzY2FjZGVjOGY5XkEyXkFqcGc@._V1_QL75_UY133_CR2,0,90,133_.jpg",2h,2024.0,A high school dance duo and a soccer team on a remote island two girls create a cheer leading club to pursue their love of dance but they soon find themselves enthusiastically cheering on the soccer team and the entire island
Spark,"Aaron gets stuck in a time loop after meeting Trevor. Seeking love, he tries to break free by unraveling Trevor's potential involvement while reliving the same day repeatedly.",5.5, (91,"https://m.media-amazon.com/images/M/MV5BODM2NjNjYWYtYmMwMi00OGIyLWE0N2YtZjRiM2JkODRhNTNkXkEyXkFqcGc@._V1_QL75_UX90_CR0,1,90,133_.jpg",1h 29m,2024.0,Aaron gets stuck in a time loop after meeting trevor seeking love he tries to break free by unraveling trevors potential involvement while reliving the same day repeatedly
My Boo,Very Thai and very romantic story about love between a boy and a ghost girl.,6.2, (825,"https://m.media-amazon.com/images/M/MV5BYTJiYzM5YzYtMmExNS00M2M3LWEyZjMtYTNjYjZmNjUxMjIwXkEyXkFqcGc@._V1_QL75_UY133_CR8,0,90,133_.jpg",2h 5m,2024.0,Very thai and very romantic story about love between a boy and a ghost girl
Ballot,A teacher pays an increasingly steep price for defending the democratic process of the election.,6.2, (420,"https://m.media-amazon.com/images/M/MV5BMzNjNDI0NzMtZDg4NC00OTdmLWJmNWUtODE3YzQ5YzZjZjEzXkEyXkFqcGc@._V1_QL75_UX90_CR0,0,90,133_.jpg",1h 42m,2024.0,A teacher pays an increasingly steep price for defending the democratic process of the election
Bougainvillea,A family entangled in a police investigation surrounding the mysterious disappearance of tourists in Kerala.,6.4, (3.8K,"https://m.media-amazon.com/images/M/MV5BN2I4NzkwMTgtNmExYy00YzgxLTlmZjItMGVjMzNjZDc4ODVkXkEyXkFqcGc@._V1_QL75_UY133_CR8,0,90,133_.jpg",2h 18m,2024.0,A family entangled in a police investigation surrounding the mysterious disappearance of tourists in kerala
Devo,"In 1980, new wave band Devo scored a hit with ""Whip It"" and gained mainstream success with their message of societal ""de-evolution"", formed in response to the 1970 Kent State shootings.",7.6, (1.5K,"https://m.media-amazon.com/images/M/MV5BNTM5NDFhZDAtOGY2MS00YTIwLWE2MzgtNmJmZTNiYTk5NjkyXkEyXkFqcGc@._V1_QL75_UX90_CR0,1,90,133_.jpg",1h 34m,2024.0,In  new wave band devo scored a hit with whip it and gained mainstream success with their message of societal deevolution formed in response to the  kent state shootings
Grand Maison Paris,"Famous Japanese chef Obana opens a restaurant in Paris, seeking third Michelin star. Faces challenges as outsider, sourcing ingredients. Tensions rise with staff over ambitious menu.",6.4, (385,"https://m.media-amazon.com/images/M/MV5BZjIwNWJiYjctOGYyMC00NjFkLWIxMjUtNzgxODg1ZjQ1ZTFlXkEyXkFqcGc@._V1_QL75_UY133_CR2,0,90,133_.jpg",1h 51m,2024.0,Famous japanese chef obana opens a restaurant in paris seeking third michelin star faces challenges as outsider sourcing ingredients tensions rise with staff over ambitious menu
Concerto for Abigail,A pianist confronts progressive hearing loss as she falls for someone new. She must decide whether to shut herself off or let her love in and face the challenge together,7.0, (391,"https://m.media-amazon.com/images/M/MV5BNzY3MzYxMGUtOTgyZi00ZWQ5LWI4ZGEtN2Q4MDkwZDllNTk2XkEyXkFqcGc@._V1_QL75_UX90_CR0,0,90,133_.jpg",1h 22m,2024.0,A pianist confronts progressive hearing loss as she falls for someone new she must decide whether to shut herself off or let her love in and face the challenge together
Across the Sea,"Nour a 27-year-old emigrates illegally to Marseille and lives off petty crime with friends leading marginal lives, and partying hard.",6.2, (174,"https://m.media-amazon.com/images/M/MV5BMjU1YTAyMmYtZDFmMy00NTYzLWIxNjgtNDM1NWYwMjUxMDA5XkEyXkFqcGc@._V1_QL75_UY133_CR4,0,90,133_.jpg",1h 52m,2024.0,Nour a yearold emigrates illegally to marseille and lives off petty crime with friends leading marginal lives and partying hard
Swatantrya Veer Savarkar,"The life journey of Indian freedom fighter and reformer Vinayak Damodar Savarkar, popularly known as Veer Savarkar.",7.7, (18K,"https://m.media-amazon.com/images/M/MV5BNjI4N2E5YTYtMDhlZC00OGU5LThhMjYtYjY1OTI4OGQ1ZTNhXkEyXkFqcGc@._V1_QL75_UY133_CR8,0,90,133_.jpg",2h 56m,2024.0,The life journey of indian freedom fighter and reformer vinayak damodar savarkar popularly known as veer savarkar
Logout,"Set in Delhi, LOGOUT follows 26-year-old Pratyush, a social media influencer on the brink of reaching 10 million followers. However, his ambitions take a terrifying turn when an obsessive fan gains access to his all-important phone.",7.2, (1.6K,"https://m.media-amazon.com/images/M/MV5BZGRkZjQ0ODAtNjQzYy00Yzg2LTkzNjAtYzIzYzc1NGIxNDkyXkEyXkFqcGc@._V1_QL75_UY133_CR1,0,90,133_.jpg",1h 48m,2024.0,Set in delhi logout follows yearold pratyush a social media influencer on the brink of reaching  million followers however his ambitions take a terrifying turn when an obsessive fan gains access to his allimportant phone
A Mother's Embrace,"During massive 1996 Rio storm, firefighter Ana and her firefighter team must evacuate a collapsing nursing home, but the mysterious residents have other sinister plans.",5.8, (767,"https://m.media-amazon.com/images/M/MV5BNzQ0YjA3ZDUtMGM2ZC00YzU4LTg0OGYtZGRjZDBjYjdkMzQyXkEyXkFqcGc@._V1_QL75_UX90_CR0,1,90,133_.jpg",1h 30m,2024.0,During massive  rio storm firefighter ana and her firefighter team must evacuate a collapsing nursing home but the mysterious residents have other sinister plans
The Vampire Next Door,"Introverted Cameron, is desperately in love with his high school crush Diane. But his romantic pursuit is halted when Victoria, a female vampire moves in next door. Cameron soon discovers he's in the middle of a life-and-death adventure.",4.7, (997,"https://m.media-amazon.com/images/M/MV5BZWJiODgyZDctM2ExYS00Y2E1LWFjOWEtYmI1MjFjOTU0ZDdiXkEyXkFqcGc@._V1_QL75_UX90_CR0,1,90,133_.jpg",1h 50m,2024.0,Introverted cameron is desperately in love with his high school crush diane but his romantic pursuit is halted when victoria a female vampire moves in next door cameron soon discovers hes in the middle of a lifeanddeath adventure
Jack and Ava,"Two lovers, an orphan and a victim, find themselves in the most dangerous 72 hours of their lives when a heist goes wrong.",6.4, (109,"https://m.media-amazon.com/images/M/MV5BNGNkOWU1NjgtOGMxNC00MGJkLWE3Y2UtN2FmZTdiZmM5NTBmXkEyXkFqcGc@._V1_QL75_UY133_CR1,0,90,133_.jpg",,2024.0,Two lovers an orphan and a victim find themselves in the most dangerous  hours of their lives when a heist goes wrong
Given 3: To the Sea,"The final installment of the Given series, Given 3 takes place after the events of Hiiragi Mix and focuses on the continuing relationships between the core characters.",7.7, (345,"https://m.media-amazon.com/images/M/MV5BNTk3NmE1MDUtNjA0ZC00ZDg1LWI5NzktYmI4M2I2OWI2OTJjXkEyXkFqcGc@._V1_QL75_UY133_CR2,0,90,133_.jpg",1h 20m,2024.0,The final installment of the given series given  takes place after the events of hiiragi mix and focuses on the continuing relationships between the core characters
Men of War,"A former U.S. Green Beret is recruited to remove Venezuela's president and after the mission fails, he is pursued by the government he faithfully served.",7.0, (88,"https://m.media-amazon.com/images/M/MV5BODA1OTJhMDYtY2MyMC00MDFlLWI0ZDgtZTFmMGZlYjBhOTgyXkEyXkFqcGc@._V1_QL75_UY133_CR0,0,90,133_.jpg",1h 38m,2024.0,A former us green beret is recruited to remove venezuelas president and after the mission fails he is pursued by the government he faithfully served
Memory Lane,"A bitter-aged man reluctantly drives to Spain to pay a last visit to a dying friend, along with his wife who's suffering from dementia. But as their journey unfolds, he slowly starts to soften up and rediscovers the meaning of love.",7.4, (2.1K,"https://m.media-amazon.com/images/M/MV5BY2FiZDY3NzQtYmFjNy00MDg4LWExMzQtNDVjMGIxYmFhZjMyXkEyXkFqcGc@._V1_QL75_UY133_CR2,0,90,133_.jpg",1h 38m,2024.0,A bitteraged man reluctantly drives to spain to pay a last visit to a dying friend along with his wife whos suffering from dementia but as their journey unfolds he slowly starts to soften up and rediscovers the meaning of love
Breakup Season,"A young man brings his girlfriend to his rural Oregon hometown to introduce her to his family, only for things to go terribly wrong upon arrival.",6.1, (653,"https://m.media-amazon.com/images/M/MV5BMzQ5OWZiNGEtODMxMS00YjlmLTg5NjUtM2NiOWZjMGNkNTY0XkEyXkFqcGc@._V1_QL75_UX90_CR0,0,90,133_.jpg",1h 42m,2024.0,A young man brings his girlfriend to his rural oregon hometown to introduce her to his family only for things to go terribly wrong upon arrival
Between the Mountain and the Sky,"An inspiring story of love and resilience after tragedy strikes humanitarian Maggie Doyne, mother to over 50 Nepalese children.",9.0, (75,"https://m.media-amazon.com/images/M/MV5BY2M0OGNmOGUtODExZS00MWRhLTk1Y2YtY2Y3ZTU2OWM0ZTA0XkEyXkFqcGc@._V1_QL75_UY133_CR0,0,90,133_.jpg",1h 32m,2024.0,An inspiring story of love and resilience after tragedy strikes humanitarian maggie doyne mother to over  nepalese children
Good Bad Things,"An entrepreneur with a physical disability reluctantly tries a dating app, leading him on a profound journey of love and self-discovery.",5.8, (281,"https://m.media-amazon.com/images/M/MV5BZGJlODg1ZTMtZGQ5MC00MmQwLTkwM2QtMjliOTY3MmZmMTA1XkEyXkFqcGc@._V1_QL75_UX90_CR0,0,90,133_.jpg",1h 36m,2024.0,An entrepreneur with a physical disability reluctantly tries a dating app leading him on a profound journey of love and selfdiscovery
A Million Minutes,"Vera and Wolf Küper, parents to Nina and Simon, navigate work and family stress. Their world gets shaken with Nina's motor disorder diagnosis, reminding Wolf of her wish for a million minutes, just for the really nice things.",6.5, (1.3K,"https://m.media-amazon.com/images/M/MV5BMWVlNDJiYWItMGE0Zi00ZGViLTlmNTMtOTE0MDZhY2M5YzM0XkEyXkFqcGc@._V1_QL75_UY133_CR2,0,90,133_.jpg",2h 5m,2024.0,Vera and wolf kper parents to nina and simon navigate work and family stress their world gets shaken with ninas motor disorder diagnosis reminding wolf of her wish for a million minutes just for the really nice things
Green Plum Season,"A romantic film that follows the development and demise of several love stories at once. The beginning of this framework occurs when Ata, a judge, submits his resignation request and decides to take refuge in the family villa on the outskirts of the city. In this home, his wife, Giti, is processing the divorce and his son Farhad, a university student and social activist, returns from prison. Father and son experience a distant and cold reunion. A car accident jeopardizes the family dynamic that will be stabilized through deception and perpetuated by other incidents.",5.7, (23,,,2024.0,A romantic film that follows the development and demise of several love stories at once the beginning of this framework occurs when ata a judge submits his resignation request and decides to take refuge in the family villa on the outskirts of the city in this home his wife giti is processing the divorce and his son farhad a university student and social activist returns from prison father and son experience a distant and cold reunion a car accident jeopardizes the family dynamic that will be stabilized through deception and perpetuated by other incidents
Zeitgeist: Requiem,"Peter Joseph explorers the fundamental incompatibility of our economy and the culture it has created with our future survival as a species, while posing solutions based on system's science/cybernetics. This film will be released in 2026.",9.2, (88,"https://m.media-amazon.com/images/M/MV5BNDI2NDVmMGEtODIzZi00ZTY3LTlhNDYtYTJiNDkyZDZhYThmXkEyXkFqcGc@._V1_QL75_UY133_CR27,0,90,133_.jpg",1h 30m,2024.0,Peter joseph explorers the fundamental incompatibility of our economy and the culture it has created with our future survival as a species while posing solutions based on systems sciencecybernetics this film will be released in 
The Ring,"Arnon Noble is a religious man with a strong bond to his mother, a Holocaust survivor. When the mother's health deteriorates, he travels to her old hometown, Budapest to search for the mythological ring that saved her life in the past.",7.4, (227,"https://m.media-amazon.com/images/M/MV5BZDVkMTE0ZmEtNDAyNi00MTgxLTliODMtN2UwYmZmMTllNDhlXkEyXkFqcGc@._V1_QL75_UY133_CR2,0,90,133_.jpg",2h,2024.0,Arnon noble is a religious man with a strong bond to his mother a holocaust survivor when the mothers health deteriorates he travels to her old hometown budapest to search for the mythological ring that saved her life in the past
Camera,"Follows nine-year-old Oscar, a non-verbal child who struggles to fit in, as he meets Eric, a kind repair shop owner, and become unlikely friends after being brought together by a damaged film format camera.",6.7, (482,"https://m.media-amazon.com/images/M/MV5BMDAyMWZiMzctY2MyOS00ZDI4LWFjOTQtOGE2MTA1MDdhMWNmXkEyXkFqcGc@._V1_QL75_UY133_CR5,0,90,133_.jpg",1h 52m,2024.0,Follows nineyearold oscar a nonverbal child who struggles to fit in as he meets eric a kind repair shop owner and become unlikely friends after being brought together by a damaged film format camera
Something to Stand for with Mike Rowe,"Join America's favorite storyteller on an epic journey to the heart of Washington DC. This cinematic tour de force will take viewers to the frontlines of the American Revolution, World War II, the Civil Rights movement, and more.",8.5, (342,"https://m.media-amazon.com/images/M/MV5BODYyYzdmZGYtMDJjZS00NmI0LThmYjUtZjgwZDA2YjliYzgwXkEyXkFqcGc@._V1_QL75_UX90_CR0,1,90,133_.jpg",1h 36m,2024.0,Join americas favorite storyteller on an epic journey to the heart of washington dc this cinematic tour de force will take viewers to the frontlines of the american revolution world war ii the civil rights movement and more
Mary,"In this timeless coming-of-age story, Mary is shunned following an otherworldly conception and forced to flee when Herod's insatiable thirst for power ignites a murderous pursuit for the newborn.",5.2, (9K,"https://m.media-amazon.com/images/M/MV5BMDM5YWJlNjgtYzUyNy00MTc4LWFkZTAtMTdlNDM2MDcwYTcyXkEyXkFqcGc@._V1_QL75_UY133_CR8,0,90,133_.jpg",1h 52m,2024.0,In this timeless comingofage story mary is shunned following an otherworldly conception and forced to flee when herods insatiable thirst for power ignites a murderous pursuit for the newborn
Jatt & Juliet 3,Two police officers from Punjab travel to London on a mission that proves more complicated than expected.,5.3, (1.9K,"https://m.media-amazon.com/images/M/MV5BYzA5YWZkYjAtMmI2Ni00YzhiLTkyNmItNjlmZWIzMGFiYzNmXkEyXkFqcGc@._V1_QL75_UY133_CR9,0,90,133_.jpg",2h 15m,2024.0,Two police officers from punjab travel to london on a mission that proves more complicated than expected
What We Wrote Together,"Mariano and Juan, a long-term couple, move from the city to start a plant nursery after Juan's writing career takes off. Their new rural life is interrupted by a visit from Juan's best friend bearing pivotal news.",5.8, (138,"https://m.media-amazon.com/images/M/MV5BOGRjMjZjYWItOTA3NC00MWNmLThiYzEtZmY1N2JjMTBmM2RjXkEyXkFqcGc@._V1_QL75_UY133_CR2,0,90,133_.jpg",1h 33m,2024.0,Mariano and juan a longterm couple move from the city to start a plant nursery after juans writing career takes off their new rural life is interrupted by a visit from juans best friend bearing pivotal news
Major Grom: The Game,"A year has passed since the defeat of the Plague Doctor, and Igor Grom has become a hero for the whole city. But now he is waiting for a fight with a new supervillain.",6.2, (2K,"https://m.media-amazon.com/images/M/MV5BMTFkYjNkYTYtYzI5My00ZTUzLWIyM2EtMWJkNzg4NTA1NDc4XkEyXkFqcGc@._V1_QL75_UX90_CR0,1,90,133_.jpg",2h 48m,2024.0,A year has passed since the defeat of the plague doctor and igor grom has become a hero for the whole city but now he is waiting for a fight with a new supervillain
2B Honest,"Murder, love, insurance policies. On the run from the law, Kato Roberts stumbles into a secret community that throws him into a world of chaos.",4.1, (121,"https://m.media-amazon.com/images/M/MV5BNDk0NGU2ZjctYzM1YS00NTZkLWE2ODYtNjE5MjViNWViMDg2XkEyXkFqcGc@._V1_QL75_UX90_CR0,1,90,133_.jpg",2h 5m,2024.0,Murder love insurance policies on the run from the law kato roberts stumbles into a secret community that throws him into a world of chaos
The Hungarian Dressmaker,"Marika, a Hungarian widow dressmaker shelters a Jewish boy in her home on the Slovak-Hungarian border during the turbulent years of WW2 and the Wartime Slovak State.",5.8, (322,"https://m.media-amazon.com/images/M/MV5BMmVlODdiNDYtNzQ2NS00OGVkLTkzNGItNjhkNThkNzZkMWZmXkEyXkFqcGc@._V1_QL75_UX90_CR0,0,90,133_.jpg",2h 9m,2024.0,Marika a hungarian widow dressmaker shelters a jewish boy in her home on the slovakhungarian border during the turbulent years of ww and the wartime slovak state
Space Cadet,"Rex, a Florida party girl, turns out to be the only hope for the NASA space program after a fluke puts her in training with other candidates who may have better resumés, but don't have her smarts, heart, and moxie.",5.0, (11K,"https://m.media-amazon.com/images/M/MV5BNjYwNWMxN2UtMWI1NC00ZWI5LTkzYzgtMmYzNDEyODMyYmE3XkEyXkFqcGc@._V1_QL75_UX90_CR0,1,90,133_.jpg",1h 50m,2024.0,Rex a florida party girl turns out to be the only hope for the nasa space program after a fluke puts her in training with other candidates who may have better resums but dont have her smarts heart and moxie
The M Factor: Shredding the Silence on Menopause,"Menopause is a silent epidemic affecting the health and well-being of millions of women. This film confronts this neglected crisis, challenges societal and medical shortcomings and advocates for a revolutionary approach to women's health.",8.5, (61,"https://m.media-amazon.com/images/M/MV5BZjUwYjQ1NDEtYmFhZC00MWQ5LTk4ZjgtOWFhMmFmYTk5ZjZjXkEyXkFqcGc@._V1_QL75_UX90_CR0,1,90,133_.jpg",57m,2024.0,Menopause is a silent epidemic affecting the health and wellbeing of millions of women this film confronts this neglected crisis challenges societal and medical shortcomings and advocates for a revolutionary approach to womens health
A Dog's Will 2,"After 20 years missing, João Grilo returns to Taperoá to join his old friend Chicó and, after his story of resurrection spreads, he is disputed as an electoral candidate by the two most powerful politicians in the city.",6.1, (3.6K,"https://m.media-amazon.com/images/M/MV5BMWM3Y2FkMTMtMzMxMy00MDZhLWI3OWUtNjlmM2ZjNWIxNTNjXkEyXkFqcGc@._V1_QL75_UY133_CR1,0,90,133_.jpg",1h 44m,2024.0,After  years missing joo grilo returns to tapero to join his old friend chic and after his story of resurrection spreads he is disputed as an electoral candidate by the two most powerful politicians in the city
Russian Consul,"Year 1973, turmoil between Kosovo Serbs and Albanians in Autonomous province of Kosovo. A story that describes the beginning of the crisis in Kosovo.",7.4, (765,"https://m.media-amazon.com/images/M/MV5BNmQ0NmE0ZDYtNzA5Mi00MTBmLWE0YzUtMzNkMDBjNjQ3NWZiXkEyXkFqcGc@._V1_QL75_UY133_CR8,0,90,133_.jpg",2h 27m,2024.0,Year  turmoil between kosovo serbs and albanians in autonomous province of kosovo a story that describes the beginning of the crisis in kosovo
Bitconned,"In this true-crime documentary, three guys exploit the freewheeling cryptocurrency market to scam millions from investors and bankroll lavish lifestyles.",6.5, (4.3K,"https://m.media-amazon.com/images/M/MV5BNjdkYjNkMGEtMDdmZC00MWVkLWE0NWEtNzdhYTFlM2E4ODNjXkEyXkFqcGc@._V1_QL75_UY133_CR8,0,90,133_.jpg",1h 33m,2024.0,In this truecrime documentary three guys exploit the freewheeling cryptocurrency market to scam millions from investors and bankroll lavish lifestyles
Custom,A couple producing custom erotic films is dragged into a nightmarish conspiracy when they start working for a mysterious client.,5.5, (94,"https://m.media-amazon.com/images/M/MV5BOTg3MGMwYjAtYTg5YS00Y2RmLTkzMWMtZDM0NDZiMmJhOTg0XkEyXkFqcGc@._V1_QL75_UX90_CR0,0,90,133_.jpg",1h 16m,2024.0,A couple producing custom erotic films is dragged into a nightmarish conspiracy when they start working for a mysterious client
Faye,Faye Dunaway reflects on her life and candidly discusses the triumphs and challenges of her illustrious career.,7.1, (3.2K,"https://m.media-amazon.com/images/M/MV5BMWM3MTlhOTgtZmRhZC00MWNkLWI3YjQtMjMxNmNkYTNiMDI0XkEyXkFqcGc@._V1_QL75_UX90_CR0,0,90,133_.jpg",1h 31m,2024.0,Faye dunaway reflects on her life and candidly discusses the triumphs and challenges of her illustrious career
The Antisocial Network: Memes to Mayhem,"A group of lonely teenagers formed an online community and bonded over their isolation, but their collective beliefs warped reality.",6.4, (2.9K,"https://m.media-amazon.com/images/M/MV5BMDAwNzZiOGUtMTM4MC00Yjc2LWE1M2QtZmVjNzJlMTI4MGU1XkEyXkFqcGc@._V1_QL75_UY133_CR3,0,90,133_.jpg",1h 25m,2024.0,A group of lonely teenagers formed an online community and bonded over their isolation but their collective beliefs warped reality
What a Feeling,Love between cultures and conventions: There is no straight path for Marie Theres and Fa. A heartfelt and clever romantic comedy about two middle aged women who refuse to be pushed to the sideline of life.,6.5, (297,"https://m.media-amazon.com/images/M/MV5BZTVhYzk3ZjEtNTkyMS00YmJiLThmNDItMDc5MGFmMjg3OWZjXkEyXkFqcGc@._V1_QL75_UY133_CR2,0,90,133_.jpg",1h 50m,2024.0,Love between cultures and conventions there is no straight path for marie theres and fa a heartfelt and clever romantic comedy about two middle aged women who refuse to be pushed to the sideline of life
Thelma the Unicorn,"A singing pony who dreams of stardom finds instant fame when she transforms into a sparkly unicorn, but becoming a celebrity is one wild ride.",5.7, (3.3K,"https://m.media-amazon.com/images/M/MV5BMzY4Mjg2Y2MtZmQxMC00N2FjLTlmMzctYWMxNmRhYWY5Yjk3XkEyXkFqcGc@._V1_QL75_UX90_CR0,0,90,133_.jpg",1h 33m,2024.0,A singing pony who dreams of stardom finds instant fame when she transforms into a sparkly unicorn but becoming a celebrity is one wild ride
Hemme'nin öldügü günlerden biri,"After going bankrupt, Eyüp leaves Izmir to work at a tomato field. Unpaid wages frustrate Eyüp, leading to a confrontation with his foreman Hemme. He decides to kill him but is unwittingly diverted in town, cooling his anger.",6.2, (1.4K,"https://m.media-amazon.com/images/M/MV5BYjkyMTZmMjctMTg0NS00ZjBiLWI0MzgtNDUxNGZjMzMyNzQyXkEyXkFqcGc@._V1_QL75_UX90_CR0,0,90,133_.jpg",1h 23m,2024.0,After going bankrupt eyp leaves izmir to work at a tomato field unpaid wages frustrate eyp leading to a confrontation with his foreman hemme he decides to kill him but is unwittingly diverted in town cooling his anger
Cash for Gold,"Struggling to save her home from foreclosure and stay sober after her military husband's death, Grace goes to work for her small town's only Muslim family and is forced to come face-to-face with the demons that threaten to pull her under.",7.9, (64,"https://m.media-amazon.com/images/M/MV5BN2E0NDUwYTYtODA3Ni00NWZkLThiNmItZTMwMmEwMjU2OTQwXkEyXkFqcGc@._V1_QL75_UX90_CR0,1,90,133_.jpg",1h 33m,2024.0,Struggling to save her home from foreclosure and stay sober after her military husbands death grace goes to work for her small towns only muslim family and is forced to come facetoface with the demons that threaten to pull her under
Skeletons in the Closet,"Haunted by a malevolent spirit since childhood, a desperate mother allows herself to become possessed in order to save the life of her terminally ill daughter.",3.0, (595,"https://m.media-amazon.com/images/M/MV5BZmFjNzVkMGUtYmZmOS00ZTI2LWI0NTEtYzgyMzgxNjljYjM0XkEyXkFqcGc@._V1_QL75_UX90_CR0,1,90,133_.jpg",1h 32m,2024.0,Haunted by a malevolent spirit since childhood a desperate mother allows herself to become possessed in order to save the life of her terminally ill daughter
Diciannove,"A curious student embarks on a journey of self-discovery, learning that the path, no matter how unfamiliar or daunting, is worthwhile.",6.3, (367,"https://m.media-amazon.com/images/M/MV5BMDRkMWNjNTUtNTM0Yi00NjM4LTkxNGMtOGIyYmE0NjQzYzhlXkEyXkFqcGc@._V1_QL75_UX90_CR0,0,90,133_.jpg",1h 48m,2024.0,A curious student embarks on a journey of selfdiscovery learning that the path no matter how unfamiliar or daunting is worthwhile
This Is Me... Now,This narrative-driven odyssey that coincides with the release of her same-named album tells the story of Jennifer Lopez's journey to love through her own eyes.,4.1, (7.4K,"https://m.media-amazon.com/images/M/MV5BOWNmODgzNjUtNzAzMC00YmZhLWIyODktYTEzOTQ2YjlmYzdhXkEyXkFqcGc@._V1_QL75_UY133_CR5,0,90,133_.jpg",1h 5m,2024.0,This narrativedriven odyssey that coincides with the release of her samenamed album tells the story of jennifer lopezs journey to love through her own eyes
Chief of Station,"After learning that the death of his wife was not an accident, a former CIA Station Chief is forced back into the espionage underworld, teaming up with an adversary to unravel a conspiracy that challenges everything he thought he knew.",4.7, (5.4K,"https://m.media-amazon.com/images/M/MV5BYTQ2MWIyNWEtZDZmMi00ZTUwLTk0YjgtNGFiYzAyODlmZjZjXkEyXkFqcGc@._V1_QL75_UY133_CR0,0,90,133_.jpg",1h 37m,2024.0,After learning that the death of his wife was not an accident a former cia station chief is forced back into the espionage underworld teaming up with an adversary to unravel a conspiracy that challenges everything he thought he knew
El Hawa Sultan,"Sara and Ali have been close friends since childhood, and together, they face many different situations and problems with their friends and families, but some changes suddenly occur in their relationship.",6.6, (1.2K,"https://m.media-amazon.com/images/M/MV5BYmNlNzM5NjAtYTgxZC00YjJlLWJhZDUtMTZkYWFlNGIxMmE4XkEyXkFqcGc@._V1_QL75_UY133_CR3,0,90,133_.jpg",2h 16m,2024.0,Sara and ali have been close friends since childhood and together they face many different situations and problems with their friends and families but some changes suddenly occur in their relationship
At the Bench,A bench at a riverside park is host to a variety of people and their daily lives.,7.2, (219,"https://m.media-amazon.com/images/M/MV5BZDM0ODBkMGMtY2UzNS00ODI2LWI0YmUtNDc1ZTk1N2JmZjg2XkEyXkFqcGc@._V1_QL75_UY133_CR2,0,90,133_.jpg",1h 26m,2024.0,A bench at a riverside park is host to a variety of people and their daily lives
Aliens Expanded,An in-depth and innovative documentary that explores the story behind James Cameron's beloved sci-fi epic Aliens (1986) and its incredible impact.,8.1, (824,"https://m.media-amazon.com/images/M/MV5BNzM2YmYxYjEtNThlNS00NmNiLTg1ZGYtNGQ5MTYyZGRlMTA5XkEyXkFqcGc@._V1_QL75_UY133_CR2,0,90,133_.jpg",4h 42m,2024.0,An indepth and innovative documentary that explores the story behind james camerons beloved scifi epic aliens  and its incredible impact
Trust,Based on the book by Domenico Starnone,6.6, (1.2K,"https://m.media-amazon.com/images/M/MV5BOWRiZjFlYTktYzJiZi00NDk3LTg3MTYtNjQxNGFhOWRkODVjXkEyXkFqcGc@._V1_QL75_UY133_CR3,0,90,133_.jpg",2h 16m,2024.0,Based on the book by domenico starnone
Doctor X: The Movie,"Michiko Daimon is a freelance surgeon who never fails. She does not appear or act like a typical surgeon, but she is highly skilled. The story of her mysterious and solitary background is soon revealed and she also faces the worst crises ever. How will Michiko respond?",6.5, (156,"https://m.media-amazon.com/images/M/MV5BNGE5Yjg2MGEtOGEwMC00NjczLWFmNWYtMTEyODE1NzI0MzRhXkEyXkFqcGc@._V1_QL75_UY133_CR2,0,90,133_.jpg",2h 8m,2024.0,Michiko daimon is a freelance surgeon who never fails she does not appear or act like a typical surgeon but she is highly skilled the story of her mysterious and solitary background is soon revealed and she also faces the worst crises ever how will michiko respond
Tegendraads,"East of the Netherlands, 1960. Economy is booming, and the local textile-factories import workers from Italy. The integration of these Italians in the local community is not without difficulties. That's what 'Tegendraads' is about. Of course its plot also provides some love stories, some successful Italians, and a local girl breaking out to become a fashion-designer.",7.1, (283,"https://m.media-amazon.com/images/M/MV5BZDYwMGFkN2ItMTI2Yi00NzFlLWE2NzYtOWI2YzdiMTcyMmVjXkEyXkFqcGc@._V1_QL75_UY133_CR2,0,90,133_.jpg",2h 7m,2024.0,East of the netherlands  economy is booming and the local textilefactories import workers from italy the integration of these italians in the local community is not without difficulties thats what tegendraads is about of course its plot also provides some love stories some successful italians and a local girl breaking out to become a fashiondesigner
"Kyo no Sora ga Ichiban Suki, to Mada Ienai Boku wa","Meticulously captures the beauty of fleeting moments in everyday life. Her masterpiece explores new horizons, inviting viewers to appreciate life's preciousness.",6.5, (154,"https://m.media-amazon.com/images/M/MV5BMmU2ODg3ZDctMzY2OS00OTQ1LWE4YTItYTU4ODBlMTY1NWYyXkEyXkFqcGc@._V1_QL75_UY133_CR2,0,90,133_.jpg",2h 7m,2024.0,Meticulously captures the beauty of fleeting moments in everyday life her masterpiece explores new horizons inviting viewers to appreciate lifes preciousness
Boss Ma'am,"When a terror female boss was blackmailed by her assistant, she has no choice but to obey and play with her.",4.5, (290,"https://m.media-amazon.com/images/M/MV5BNzJlOTU4YmEtZTFjZS00ZjE5LWE1ZDgtMWEzNzU0Mzk4NWY3XkEyXkFqcGc@._V1_QL75_UX90_CR0,1,90,133_.jpg",1h 7m,2024.0,When a terror female boss was blackmailed by her assistant she has no choice but to obey and play with her
The Grinch that Stole Bitches,"The Grinch has to settle the score with Santa, so he decides to take a different approach.",3.7, (261,"https://m.media-amazon.com/images/M/MV5BMzVjNjU3OWMtNWNmYy00ZmMzLThhZjQtNmUyMDU3MzRhZDE0XkEyXkFqcGc@._V1_QL75_UX90_CR0,1,90,133_.jpg",1h 14m,2024.0,The grinch has to settle the score with santa so he decides to take a different approach
Sugar Mami,"Giovanni and his wife, Vanessa are the perfect couple. That is until one day when Giovanni meets a beautiful woman named Mia who starts obsessing over him, and things slowly take a turn for the worse.",7.5, (82,"https://m.media-amazon.com/images/M/MV5BMjdhMGNhYjUtNTE4ZC00MmYyLWJlZDAtNGE2MTU0ZWY4Mjc5XkEyXkFqcGc@._V1_QL75_UY133_CR2,0,90,133_.jpg",1h,2024.0,Giovanni and his wife vanessa are the perfect couple that is until one day when giovanni meets a beautiful woman named mia who starts obsessing over him and things slowly take a turn for the worse
The Great Warning,"This documentary chronicles the fact finding research of an unprecedented apocalyptic event in our earth. It's explored through the lenses of science, history, and spirituality.",5.4, (166,"https://m.media-amazon.com/images/M/MV5BYzIzNmQxNzAtNTA5OS00ZDgxLTkzOTYtYWUzMDQ0MGZkMzk5XkEyXkFqcGc@._V1_QL75_UX90_CR0,1,90,133_.jpg",1h 30m,2024.0,This documentary chronicles the fact finding research of an unprecedented apocalyptic event in our earth its explored through the lenses of science history and spirituality
Abracadaver,Three magician brothers reunite to pull off an impossible heist: stealing a priceless twin mummy from a heavily guarded location to preserve their family's legacy in the circus world.,4.8, (123,"https://m.media-amazon.com/images/M/MV5BOTdmMTU1NzAtN2M1Zi00ZjYxLWJkMDUtMThjZjk1NzgyZWIzXkEyXkFqcGc@._V1_QL75_UX90_CR0,1,90,133_.jpg",1h 54m,2024.0,Three magician brothers reunite to pull off an impossible heist stealing a priceless twin mummy from a heavily guarded location to preserve their familys legacy in the circus world
Crisis Negotiators,Senior Negotiator Cheuk Man Wai accidentally becomes the number one suspect in a murder case. He is forced to occupy the police station and take the police hostage. He also appoints former negotiator Tse Ka Chun to talk to him.,6.7, (838,"https://m.media-amazon.com/images/M/MV5BZjI5ZWI5ZTgtODY5ZC00NzdmLWJiNDQtMGI0MDQwM2ZlN2QwXkEyXkFqcGc@._V1_QL75_UY133_CR2,0,90,133_.jpg",2h,2024.0,Senior negotiator cheuk man wai accidentally becomes the number one suspect in a murder case he is forced to occupy the police station and take the police hostage he also appoints former negotiator tse ka chun to talk to him
To the Journey: Looking Back at Star Trek: Voyager,The documentary explores the legacy of Star Trek: Voyager (1995).,7.4, (58,"https://m.media-amazon.com/images/M/MV5BYjI0ZTYyZDgtNDMyZS00OGFjLWJiNzEtMjc4NzNkYzExZGNlXkEyXkFqcGc@._V1_QL75_UY133_CR95,0,90,133_.jpg",1h 49m,2024.0,The documentary explores the legacy of star trek voyager 
Allen Sunshine,"A music mogul retreats to a remote cabin to mourn his famous wife's suicide. Amid the solitude of the Canadian wilderness he struggles with grief, until an unexpected encounter ends his isolation.",6.9, (4.6K,"https://m.media-amazon.com/images/M/MV5BZGVlMDFlOGUtNWM0ZS00ZDRjLThlYWEtNjgxMDg5NTZjMDAwXkEyXkFqcGc@._V1_QL75_UX90_CR0,0,90,133_.jpg",1h 30m,2024.0,A music mogul retreats to a remote cabin to mourn his famous wifes suicide amid the solitude of the canadian wilderness he struggles with grief until an unexpected encounter ends his isolation
Spring Garden,"The story about So-hee who lost her happy family due to her husband's sudden death, and experiences strange and creepy things after visiting Neulbom Garden, a rural mansion left by her husband.",4.4, (249,"https://m.media-amazon.com/images/M/MV5BODU3NTBiZTEtYTVkMC00Y2I2LWIzNzYtMWIyNDBhZTQ2Y2QxXkEyXkFqcGc@._V1_QL75_UY133_CR2,0,90,133_.jpg",1h 30m,2024.0,The story about sohee who lost her happy family due to her husbands sudden death and experiences strange and creepy things after visiting neulbom garden a rural mansion left by her husband
Accidental Friends,"Two roommates with contrasting lifestyles, must cohabitate despite their differences. Omero's homosexuality fuels Pietro's homophobia, leading to conflicts. Over time, they learn to understand and appreciate each other beyond prejudice.",6.3, (52,"https://m.media-amazon.com/images/M/MV5BNTVkNDc0MTUtOWNjMC00YmRjLWE3MDctMTU0MDFmODQ0MjgxXkEyXkFqcGc@._V1_QL75_UY133_CR2,0,90,133_.jpg",1h 35m,2024.0,Two roommates with contrasting lifestyles must cohabitate despite their differences omeros homosexuality fuels pietros homophobia leading to conflicts over time they learn to understand and appreciate each other beyond prejudice
Paul Anka: His Way,"Born in Ottawa to immigrants, Anka exhibited early musical talent. At 16, he ambitiously headed to New York . Unlike other teen idols, he wrote his own songs. His multi-genre, multi-decade success resonates across generations.",7.5, (169,"https://m.media-amazon.com/images/M/MV5BZmJmNDM4OWMtYzRkZC00OWRjLWI4M2MtMjQyNzdkYTk4ZjQ1XkEyXkFqcGc@._V1_QL75_UX90_CR0,0,90,133_.jpg",1h 40m,2024.0,Born in ottawa to immigrants anka exhibited early musical talent at  he ambitiously headed to new york  unlike other teen idols he wrote his own songs his multigenre multidecade success resonates across generations
Meet the Leroys,A man takes his wife and their teenage children on a road trip down memory lane while facing divorce.,6.3, (1.4K,"https://m.media-amazon.com/images/M/MV5BMGUwNTUxODQtM2M3ZC00MWQ0LWJjOGQtYzVlOWRjOWIxNTEyXkEyXkFqcGc@._V1_QL75_UY133_CR4,0,90,133_.jpg",1h 42m,2024.0,A man takes his wife and their teenage children on a road trip down memory lane while facing divorce
Kix,"Two filmmakers document over a decade Sanyi, a Budapest boy's turbulent childhood in dysfunctional home, charting his path from mischievous kid to troubled adolescent amid poverty and parental neglect.",7.9, (1.3K,"https://m.media-amazon.com/images/M/MV5BNjhhYTg4OTYtYzFlNC00OGYwLWFkMTktNzJlMTgyM2ViYjVlXkEyXkFqcGc@._V1_QL75_UY133_CR2,0,90,133_.jpg",1h 34m,2024.0,Two filmmakers document over a decade sanyi a budapest boys turbulent childhood in dysfunctional home charting his path from mischievous kid to troubled adolescent amid poverty and parental neglect
Obraz,A hunted child will find refuge in the house of the enemy. The host faces a terrible choice: save the child's life or risk losing his own family.,7.8, (83,"https://m.media-amazon.com/images/M/MV5BOTZiYzRjOGEtZGJlNC00NDExLTg1YTYtODEzODQ5NTk0MjRkXkEyXkFqcGc@._V1_QL75_UY133_CR2,0,90,133_.jpg",1h 35m,2024.0,A hunted child will find refuge in the house of the enemy the host faces a terrible choice save the childs life or risk losing his own family
The Time of Fever,"Childhood friends Ho Tae and Dong Hee reunite after years. Dong Hee harbors feelings for Ho Tae, who experiences new emotions toward her but dates girls. An incident strains their relationship dynamics.",7.9, (877,"https://m.media-amazon.com/images/M/MV5BODhkM2RmZDItYWFhMi00OGIxLTkxZjktMmE1ZTMxZDhiOTc3XkEyXkFqcGc@._V1_QL75_UY133_CR2,0,90,133_.jpg",1h 41m,2024.0,Childhood friends ho tae and dong hee reunite after years dong hee harbors feelings for ho tae who experiences new emotions toward her but dates girls an incident strains their relationship dynamics
El tema del verano,,7.0, (38,"https://m.media-amazon.com/images/M/MV5BNDBkMDY0NmYtOTEyNi00ZjQ2LTg0NmMtZjczMmMxYWY3OGNiXkEyXkFqcGc@._V1_QL75_UY133_CR2,0,90,133_.jpg",1h 31m,2024.0,
First Class: Full Speed!,"The plot follows rivals Beba (Rade Cosic) and Nemac (Miodrag Radonjic) as they race iconic Yugos, chasing the national championship and their dreams of Formula 1. However, racing isn't their only source of adrenaline.",6.7, (388,"https://m.media-amazon.com/images/M/MV5BYjdjOWViYjAtNmZmZi00MjFkLTk1MTQtZGNiOGExOGU2ZTdmXkEyXkFqcGc@._V1_QL75_UY133_CR2,0,90,133_.jpg",2h,2024.0,The plot follows rivals beba rade cosic and nemac miodrag radonjic as they race iconic yugos chasing the national championship and their dreams of formula  however racing isnt their only source of adrenaline
Konchitsya leto,"After a long absence, the young guy Kesha returns to the village. His father and younger brother are waiting for him. Kesha - twenty-seven. He has time behind him. He returned and wants to just live - find some work, save up money, and then decide what to do next. His brother Tima is only seventeen. He has a school behind him, he dreams of going to college - on a ""budget"". And everything seems to be going according to plan. Tima gets high scores at the introductory, Kesha gets a job in a gold mining artel. But very quickly, Kesha is ""thrown"" by prospectors, and he is left without a job and a future and decides to take revenge. He steals the gold and goes on the run. But not alone, but together with his younger brother.",6.8, (641,"https://m.media-amazon.com/images/M/MV5BZmUwYTA0OTItODY4OS00MWE1LWJjNDAtODMwZjU5MTYyNGEyXkEyXkFqcGc@._V1_QL75_UY133_CR2,0,90,133_.jpg",1h 58m,2024.0,After a long absence the young guy kesha returns to the village his father and younger brother are waiting for him kesha  twentyseven he has time behind him he returned and wants to just live  find some work save up money and then decide what to do next his brother tima is only seventeen he has a school behind him he dreams of going to college  on a budget and everything seems to be going according to plan tima gets high scores at the introductory kesha gets a job in a gold mining artel but very quickly kesha is thrown by prospectors and he is left without a job and a future and decides to take revenge he steals the gold and goes on the run but not alone but together with his younger brother
Hidden Agenda,"Jessica, the smartest girl on campus, tutors star football player Ryan. Though popular, he has enemies. After winning the championship Ryan throws a party at his house. Campus police discover his dead body. Multiple suspects have motives.",3.4, (34,"https://m.media-amazon.com/images/M/MV5BMzQyN2Y3YzAtYmVhZS00ZTgwLWIwYTktY2YxMmZhNTkyNGQzXkEyXkFqcGc@._V1_QL75_UX90_CR0,0,90,133_.jpg",1h 39m,2024.0,Jessica the smartest girl on campus tutors star football player ryan though popular he has enemies after winning the championship ryan throws a party at his house campus police discover his dead body multiple suspects have motives
Nawi: Dear Future Me,13-year-old Nawi finds out her father is selling her to a much older man for a herd of goats. Instead of obeying tradition she chooses to fight her impending marriage and embarks on a journey to reclaim her dream of joining high school.,7.7, (212,"https://m.media-amazon.com/images/M/MV5BN2YwNjBjMjUtZjdhNy00MzgzLTlhZWMtNzBmZDJhN2I3MTI1XkEyXkFqcGc@._V1_QL75_UY133_CR2,0,90,133_.jpg",1h 43m,,Yearold nawi finds out her father is selling her to a much older man for a herd of goats instead of obeying tradition she chooses to fight her impending marriage and embarks on a journey to reclaim her dream of joining high school
The Drunken Prodigy,"Lin Yao has loved practicing martial arts since he was a child and thought he was very powerful. After experiencing deception and betrayal, he recognized who he was, regained confidence, practiced drunken boxing, and became a true hero.",6.1, (25,"https://m.media-amazon.com/images/M/MV5BYWU2NWI2ZjItY2VhOS00NDIyLTkxMzgtMTA3ODc0NzFlMDAzXkEyXkFqcGc@._V1_QL75_UY133_CR3,0,90,133_.jpg",1h 47m,2024.0,Lin yao has loved practicing martial arts since he was a child and thought he was very powerful after experiencing deception and betrayal he recognized who he was regained confidence practiced drunken boxing and became a true hero
Where Olive Trees Weep,"Where Olive Trees Weep offers a searing window into the struggles and resilience of the Palestinian people under Israeli occupation. It explores themes of loss, trauma, and the quest for justice.",8.5, (492,"https://m.media-amazon.com/images/M/MV5BYTVjODMxZTUtMTQ3Ny00ZDZkLTk3MWQtZjQxZWEyMWIzZDMxXkEyXkFqcGc@._V1_QL75_UX90_CR0,0,90,133_.jpg",1h 43m,2024.0,Where olive trees weep offers a searing window into the struggles and resilience of the palestinian people under israeli occupation it explores themes of loss trauma and the quest for justice
State of Silence,"Committed journalists in Mexico battle against narco-politics and systemic corruption, facing grave dangers and potential silencing for their vital work.",6.8, (133,"https://m.media-amazon.com/images/M/MV5BMDdjNTljMjEtMWMxZC00M2Y0LWExMjgtMTFmOTQ3OWM3MzdmXkEyXkFqcGc@._V1_QL75_UX90_CR0,1,90,133_.jpg",1h 20m,2024.0,Committed journalists in mexico battle against narcopolitics and systemic corruption facing grave dangers and potential silencing for their vital work
The Chronicles of Libidoists,"Four individuals, adrift in their pursuit of sexual gratification, find themselves inextricably linked by a shared longing for a deeper, purer connection that transcends carnal desires.",5.6, (262,"https://m.media-amazon.com/images/M/MV5BNzU0ODMxNWEtMmRhYi00OTk4LTlmZDEtMDlmNWI2ODhjMmJiXkEyXkFqcGc@._V1_QL75_UX90_CR0,1,90,133_.jpg",1h 45m,2024.0,Four individuals adrift in their pursuit of sexual gratification find themselves inextricably linked by a shared longing for a deeper purer connection that transcends carnal desires
Rumours,"The leaders of seven wealthy democracies get lost in the woods while drafting a statement on a global crisis, facing danger as they attempt to find their way out.",4.8, (6.2K,"https://m.media-amazon.com/images/M/MV5BNGQ4NTc2ZmYtNGNiMi00MDI4LWJhYTgtYTNlOGQ2ODcxNDQxXkEyXkFqcGc@._V1_QL75_UX90_CR0,1,90,133_.jpg",1h 44m,2024.0,The leaders of seven wealthy democracies get lost in the woods while drafting a statement on a global crisis facing danger as they attempt to find their way out
De wilde Noordzee,Flora and fauna in the North Sea; a spectacular underwater world unknown to most.,7.3, (388,"https://m.media-amazon.com/images/M/MV5BOTNlMTAzMTUtZWMyNS00ZTMyLWFkODYtNmZmYTI1OWZmNjk1XkEyXkFqcGc@._V1_QL75_UY133_CR2,0,90,133_.jpg",1h 28m,2024.0,Flora and fauna in the north sea a spectacular underwater world unknown to most
I'm Not Everything I Want to Be,Czech photographer seeks freedom after 1968 Prague Spring suppression. Undertakes long journey to break from repressive regime's constraints.,7.7, (351,"https://m.media-amazon.com/images/M/MV5BYzNhMDQxZjMtNjg2My00NmQ3LTliYjktODkyYmM1YTVjNDg1XkEyXkFqcGc@._V1_QL75_UY133_CR2,0,90,133_.jpg",1h 30m,2024.0,Czech photographer seeks freedom after  prague spring suppression undertakes long journey to break from repressive regimes constraints
Zurawski v Texas,"Women denied abortions in Texas despite life-threatening circumstances join forces with a lawyer to file a lawsuit against the state, aiming to restore reproductive rights for themselves and others.",7.4, (133,"https://m.media-amazon.com/images/M/MV5BNDZkOWY3ODUtMDRmOS00YWYzLWFhMGQtMDg3MjcxYzhhZDE4XkEyXkFqcGc@._V1_QL75_UX90_CR0,0,90,133_.jpg",1h 38m,2024.0,Women denied abortions in texas despite lifethreatening circumstances join forces with a lawyer to file a lawsuit against the state aiming to restore reproductive rights for themselves and others
Saint Nick of Bethlehem,"The original story about a man who lost his son, became Santa to many, reunites with his love, and brings hope to all. Distraught over losing his son, he finds closure and discovers a new purpose when he takes on the role of Santa Claus.",6.9, (159,"https://m.media-amazon.com/images/M/MV5BZmQyZjZjZmEtOTI0MS00M2MwLWE1NDMtZWExMzhiYWUwZDY2XkEyXkFqcGc@._V1_QL75_UX90_CR0,2,90,133_.jpg",1h 33m,2024.0,The original story about a man who lost his son became santa to many reunites with his love and brings hope to all distraught over losing his son he finds closure and discovers a new purpose when he takes on the role of santa claus
Laggam,A family who passes through various harsh situations in life. Every situation tests their bonding but the family tries to overcome every situation.,8.3, (5.2K,"https://m.media-amazon.com/images/M/MV5BMDZmNDhjM2ItMmMyNy00NzlhLWEwMjAtNTE4M2VlZDM5YTk1XkEyXkFqcGc@._V1_QL75_UY133_CR2,0,90,133_.jpg",2h 10m,2024.0,A family who passes through various harsh situations in life every situation tests their bonding but the family tries to overcome every situation
Shaitaan,"A family's getaway turns terrifying when an intruder possesses the teen daughter's body, putting her at the mercy of his increasingly sinister commands.",6.5, (56K,"https://m.media-amazon.com/images/M/MV5BOGI3YTcwNTgtMmY5Ny00M2Y0LWFjOWUtYjhkMzNjMjhmYjVkXkEyXkFqcGc@._V1_QL75_UY133_CR5,0,90,133_.jpg",2h 12m,2024.0,A familys getaway turns terrifying when an intruder possesses the teen daughters body putting her at the mercy of his increasingly sinister commands
Heartbreak Motel,"At a quiet motel, a rising star in the film industry must confront her past as she navigates her flourishing career and delicate personal relationships.",7.0, (359,"https://m.media-amazon.com/images/M/MV5BNTMxMjliMzMtYWUzOC00MmJjLWIzNmItNzU1M2I2NmY4NWVmXkEyXkFqcGc@._V1_QL75_UY133_CR8,0,90,133_.jpg",1h 55m,2024.0,At a quiet motel a rising star in the film industry must confront her past as she navigates her flourishing career and delicate personal relationships
Filmlovers!,"Celebrating movie theaters' magic, a film enthusiast follows the footsteps of Paul Dédalus. Memories, fiction, and discoveries intertwine in a torrential flow of cinematic imagery.",6.1, (306,"https://m.media-amazon.com/images/M/MV5BY2ZkMzAzOTQtYWVmNi00YzExLWIzOTktMDMxN2YyOTc5ZDM5XkEyXkFqcGc@._V1_QL75_UY133_CR4,0,90,133_.jpg",1h 28m,2024.0,Celebrating movie theaters magic a film enthusiast follows the footsteps of paul ddalus memories fiction and discoveries intertwine in a torrential flow of cinematic imagery
Január 2,Klára moves out of her shared home with her husband's help from friend Ági. Seven car trips convey the challenges a wife faces during separation despite a repetitive route.,6.1, (267,"https://m.media-amazon.com/images/M/MV5BM2ZiZmNiOWUtNmRkMC00YmIwLWJlMWQtZGQzMjA4ZDljYzZjXkEyXkFqcGc@._V1_QL75_UY133_CR2,0,90,133_.jpg",1h 27m,2024.0,Klra moves out of her shared home with her husbands help from friend gi seven car trips convey the challenges a wife faces during separation despite a repetitive route
El Hareefa,"Circumstances force Majed to leave his High end life, move from his private school to a public school. Over time,he gains the respect of his classmates because of his football skills",6.8, (1.4K,"https://m.media-amazon.com/images/M/MV5BMTAwMDRhOGQtNWEzNy00M2MwLThjOTAtMTJmZjYyNWExNTI2XkEyXkFqcGc@._V1_QL75_UY133_CR9,0,90,133_.jpg",1h 57m,2024.0,Circumstances force majed to leave his high end life move from his private school to a public school over timehe gains the respect of his classmates because of his football skills
Her Seyin Basi Merkür,"It tells the laughter-filled journey of a young girl named Elif, who wanted to be a war correspondent and found herself writing horoscopes in the astrology department.",3.4, (630,"https://m.media-amazon.com/images/M/MV5BNmJmNjYzZjgtYzUzNy00OTcyLTkwMDktNDZhYmZhZTAyZmVjXkEyXkFqcGc@._V1_QL75_UY133_CR2,0,90,133_.jpg",1h 45m,2024.0,It tells the laughterfilled journey of a young girl named elif who wanted to be a war correspondent and found herself writing horoscopes in the astrology department
Valley of the Shadow of Death,"Pastor Leung, who preaches God's forgiveness, finds himself in a dire situation when his church gives shelter to a young man who caused the death of his beloved daughter.",6.4, (139,"https://m.media-amazon.com/images/M/MV5BZjg5YjVjNjgtNDQ2NS00MGJmLWJjNGMtNjVlOWZlMDE1Y2VhXkEyXkFqcGc@._V1_QL75_UY133_CR2,0,90,133_.jpg",1h 24m,2024.0,Pastor leung who preaches gods forgiveness finds himself in a dire situation when his church gives shelter to a young man who caused the death of his beloved daughter
Two Blue Hearts,"Reunited after years apart, a young couple faces a new chapter of parenthood as they negative challenges in raising their 4-year-old son together.",7.5, (557,"https://m.media-amazon.com/images/M/MV5BYWE0NDg4MjQtMTUyYS00MzhlLTg5OTItNzQ3OTE2NGVlMWI2XkEyXkFqcGc@._V1_QL75_UX90_CR0,1,90,133_.jpg",1h 46m,2024.0,Reunited after years apart a young couple faces a new chapter of parenthood as they negative challenges in raising their yearold son together
Another End,"Two people who have loved each other, and continue to love each other, even after one of them dies.",6.4, (1.1K,"https://m.media-amazon.com/images/M/MV5BMzk4ODMwZTgtMjZiYy00NjgyLTliY2YtYWFmZDVlZjY5OWUyXkEyXkFqcGc@._V1_QL75_UY133_CR2,0,90,133_.jpg",1h 59m,2024.0,Two people who have loved each other and continue to love each other even after one of them dies
Love Li,Follows an orphan who later becomes a gangster when he grows up,6.6, (15K,"https://m.media-amazon.com/images/M/MV5BNWRmNjMyNGQtNzAzMi00NjgyLWE3NGItNzhmMGM3MjI4ZjZjXkEyXkFqcGc@._V1_QL75_UX90_CR0,34,90,133_.jpg",2h 48m,2024.0,Follows an orphan who later becomes a gangster when he grows up
Tre menn til Vilma,"Vilma Veierød lives alone. She shuns social media and worries too much - most of all about death. One day, the handsome priest Ivar and the pathologist Robert appear on her doorstep with a letter and the news of her fathers passing.",6.3, (350,"https://m.media-amazon.com/images/M/MV5BOThjMGY0NjYtNzdjYy00ODEzLTk1YTgtZmVkNmEyZDhiYzJiXkEyXkFqcGc@._V1_QL75_UY133_CR1,0,90,133_.jpg",1h 32m,2024.0,Vilma veierd lives alone she shuns social media and worries too much  most of all about death one day the handsome priest ivar and the pathologist robert appear on her doorstep with a letter and the news of her fathers passing
The Landlord,"Macy, a writer, moves to a new house with eccentric landlord Katie, who becomes fixated on her. Despite her friends' jealousy, Macy decides to move, unsure of her survival.",,,"https://m.media-amazon.com/images/M/MV5BOTY4ZTIwZTgtNWQxYi00NTIxLWIyOWMtNTI3ZWNkOTQ1OGM2XkEyXkFqcGc@._V1_QL75_UY133_CR1,0,90,133_.jpg",,2024.0,Macy a writer moves to a new house with eccentric landlord katie who becomes fixated on her despite her friends jealousy macy decides to move unsure of her survival
Amityville: Where the Echo Lives,"When paranormal investigator Heather West receives a call from a terrified woman who claims her house is inhabited by a ghost, she discovers the building has a horrifying history.",1.4, (568,"https://m.media-amazon.com/images/M/MV5BYzU5MTVkNDQtMzc3Ni00YzA1LWIxNWUtODMzYjFkZjllMzU5XkEyXkFqcGc@._V1_QL75_UY133_CR4,0,90,133_.jpg",1h 29m,2024.0,When paranormal investigator heather west receives a call from a terrified woman who claims her house is inhabited by a ghost she discovers the building has a horrifying history
Salawahan,"Melaine can't get enough with the two men in her life. When a new man arrives, she gives in to temptation.",4.3, (522,"https://m.media-amazon.com/images/M/MV5BMTc3ZmE0MzMtMjBiYS00YjU1LWIxMjQtYWZiYTg4OTk0N2E2XkEyXkFqcGc@._V1_QL75_UX90_CR0,1,90,133_.jpg",1h 56m,2024.0,Melaine cant get enough with the two men in her life when a new man arrives she gives in to temptation
Resident Orca,"A decades-long mission to free Lolita, a captive orca held in America's smallest whale tank, unites Indigenous leaders, experts, and activists. As her health declines, they race against time to reunite her with her wild family.",6.7, (58,"https://m.media-amazon.com/images/M/MV5BODAxYTZkMDEtMWIyOS00ZTM3LWIzMGItNjM0MDM2YzFjNTRkXkEyXkFqcGc@._V1_QL75_UX90_CR0,0,90,133_.jpg",1h 37m,2024.0,A decadeslong mission to free lolita a captive orca held in americas smallest whale tank unites indigenous leaders experts and activists as her health declines they race against time to reunite her with her wild family
ReEmigrantai 2,"Grandmother dies and all her belongings need to be brought from England to Lithuania. Few things go wrong and quadruple ends up with not only grandmothers belongings, but the grandmother herself in a van on the road through Europe.",6.3, (201,"https://m.media-amazon.com/images/M/MV5BYWNjNGEyYjctMDgyMy00MmUwLWE2YTUtNDdhYzFhMzQ2ZDY5XkEyXkFqcGc@._V1_QL75_UY133_CR2,0,90,133_.jpg",1h 35m,2024.0,Grandmother dies and all her belongings need to be brought from england to lithuania few things go wrong and quadruple ends up with not only grandmothers belongings but the grandmother herself in a van on the road through europe
Adrianne & the Castle,"Alan built a castle in rural Illinois with his late love. Facing life alone, he revisits their fantasy through musical re-enactments transporting him to the world they shared.",7.5, (38,"https://m.media-amazon.com/images/M/MV5BMWYyYWM3YTktMTU0My00NDZlLTk4MzAtZDg3MGE5OTIyNTZkXkEyXkFqcGc@._V1_QL75_UX90_CR0,0,90,133_.jpg",1h 26m,2024.0,Alan built a castle in rural illinois with his late love facing life alone he revisits their fantasy through musical reenactments transporting him to the world they shared
Promise I'll Be Fine,A carefree summer in a Slovakian valley is forever changed for 15-year-old Enrique when he uncovers unpleasant news about his mother that force him to question his family's ties and the path ahead.,7.7, (57,"https://m.media-amazon.com/images/M/MV5BMDYzYThiNjYtNzhlMy00ZjRhLTk3M2YtYTliZTg4YTMwMTBiXkEyXkFqcGc@._V1_QL75_UY133_CR3,0,90,133_.jpg",1h 32m,2024.0,A carefree summer in a slovakian valley is forever changed for yearold enrique when he uncovers unpleasant news about his mother that force him to question his familys ties and the path ahead
Stripped: Nashville,"This observational documentary follows the lives of Nashville's most dynamic exotic dancers over the course of several days - highlighting their skills as dancers, upbringing, personal relationships and business acumen.",5.7, (117,"https://m.media-amazon.com/images/M/MV5BYzI4YzdmYWUtYzlmYS00ZTM4LWIxZDUtYzEyYzc2YzEzMWNlXkEyXkFqcGc@._V1_QL75_UY133_CR2,0,90,133_.jpg",1h 22m,2024.0,This observational documentary follows the lives of nashvilles most dynamic exotic dancers over the course of several days  highlighting their skills as dancers upbringing personal relationships and business acumen
Secret Shadow,"27 year old twin brothers Nathan and Robert live together. After admitting Nathan walked into the woods of danger, things get spooky when Nathan mentions statues appearing, bikes getting stolen and brought to their yard, and teenage girls breaking into people's homes to throw a party and kill the owners.",7.2, (20,"https://m.media-amazon.com/images/M/MV5BM2Y5ZmZjMjEtNjBhMC00MTU1LWFmZDUtZDIzNDgzMTg1N2Q1XkEyXkFqcGc@._V1_QL75_UY133_CR6,0,90,133_.jpg",1h 22m,2024.0, year old twin brothers nathan and robert live together after admitting nathan walked into the woods of danger things get spooky when nathan mentions statues appearing bikes getting stolen and brought to their yard and teenage girls breaking into peoples homes to throw a party and kill the owners
Janji Darah,"Two people who once tied a promise to each other, face a very impossible problem after death separates them, because their promise is to always protect each other wherever they are.",4.4, (182,"https://m.media-amazon.com/images/M/MV5BYjE3YjQ4MjUtNDRhZS00YjUzLThhYjUtNmJiOGU1ODQ2M2RjXkEyXkFqcGc@._V1_QL75_UY133_CR8,0,90,133_.jpg",1h 44m,2024.0,Two people who once tied a promise to each other face a very impossible problem after death separates them because their promise is to always protect each other wherever they are
Bienvenidos al paraíso,"A chocolatier facing money woes and a rebellious partner meet, fall in love. Six months later, they plan a lavish Caribbean wedding. However, jealousy consumes their relationship during the holidays, leading to disastrous consequences.",5.0, (27,"https://m.media-amazon.com/images/M/MV5BM2IxZDc0MzctNDNhMy00NWI1LTllZTktNTc1MjkwYzkxOTA4XkEyXkFqcGc@._V1_QL75_UY133_CR8,0,90,133_.jpg",1h 40m,2024.0,A chocolatier facing money woes and a rebellious partner meet fall in love six months later they plan a lavish caribbean wedding however jealousy consumes their relationship during the holidays leading to disastrous consequences
Father There is Only One 4,,5.2, (831,"https://m.media-amazon.com/images/M/MV5BNjdlZjdiNTAtN2U0YS00N2E1LWFiZDktODQ0YzhkNDhlMGEzXkEyXkFqcGc@._V1_QL75_UY133_CR8,0,90,133_.jpg",1h 30m,2024.0,
Init,"When a young barrio lass moves in to the city to study, she lives in a boarding house with other college students. Unknown to them, behind her shy and timid personality is a woman with insatiable hunger for sex.",4.4, (291,"https://m.media-amazon.com/images/M/MV5BZDI4NDM0NmItZmE0My00ZWNhLWIwZTgtNDE3NGY4YjhlYjcxXkEyXkFqcGc@._V1_QL75_UX90_CR0,0,90,133_.jpg",49m,2024.0,When a young barrio lass moves in to the city to study she lives in a boarding house with other college students unknown to them behind her shy and timid personality is a woman with insatiable hunger for sex
Happy Birthday to Me,"The birthday plan goes haywire when Puneeth, the birthday boy finds his friend fallen dead in the apartment floor. The situation worsens, when unexpected people arrive to his apartment leading to chaos.",8.2, (92,"https://m.media-amazon.com/images/M/MV5BMjM2ZTMxZmUtYmIzNy00ZDdiLTg4YjktYTQxZDJiOTdlZjJiXkEyXkFqcGc@._V1_QL75_UY133_CR8,0,90,133_.jpg",1h 52m,2024.0,The birthday plan goes haywire when puneeth the birthday boy finds his friend fallen dead in the apartment floor the situation worsens when unexpected people arrive to his apartment leading to chaos
The Greatest of All Time,"Gandhi is a hostage negotiator, field agent, and spy working for the Special Anti-Terrorist Squad (SATS). After years of service, he is called back for a critical mission that sets him on a dangerous collision course with his own past.",5.7, (26K,"https://m.media-amazon.com/images/M/MV5BYjc1NDJmMjAtMTJmYi00ZGJmLWFhZTItNThmOTQyMzU4MGM3XkEyXkFqcGc@._V1_QL75_UX90_CR0,1,90,133_.jpg",3h 3m,2024.0,Gandhi is a hostage negotiator field agent and spy working for the special antiterrorist squad sats after years of service he is called back for a critical mission that sets him on a dangerous collision course with his own past
Lover,"Arun and Divya's six-year relationship starts unraveling as they drift apart, raising the question of whether love can withstand such differences.",7.1, (3.4K,"https://m.media-amazon.com/images/M/MV5BZmUwODkyNWMtNDE2Ni00YTg3LTg5ZjUtM2EwN2FmNWIyZGRkXkEyXkFqcGc@._V1_QL75_UX90_CR0,8,90,133_.jpg",2h 25m,2024.0,Arun and divyas sixyear relationship starts unraveling as they drift apart raising the question of whether love can withstand such differences
Baby John,Revolves around a DCP who transforms and travels to a different place in order to safeguard his family.,5.0, (19K,"https://m.media-amazon.com/images/M/MV5BMTM2NmVmOTYtNTBmMi00ZTliLWE2MDktZDM1ZWEwN2M5YmYzXkEyXkFqcGc@._V1_QL75_UX90_CR0,0,90,133_.jpg",2h 39m,2024.0,Revolves around a dcp who transforms and travels to a different place in order to safeguard his family
Top 1,"Azi and Dex are both vying to be their batch valedictorian but Dex is always behind Azi. He then plans to make her fall in love to be a distraction, but his plan is a double-edged sword.",5.0, (310,"https://m.media-amazon.com/images/M/MV5BOTI1M2NhNWYtY2FmYy00MzVhLThmMzAtNGZmZjM1NzlkN2UyXkEyXkFqcGc@._V1_QL75_UX90_CR0,1,90,133_.jpg",1h 38m,2024.0,Azi and dex are both vying to be their batch valedictorian but dex is always behind azi he then plans to make her fall in love to be a distraction but his plan is a doubleedged sword
Crew,Follows three hard-working women as their destinies lead to some unwarranted situations and they end up caught in a web of lies.,5.8, (39K,"https://m.media-amazon.com/images/M/MV5BNGRmYjBmOWQtMmY1NS00Njk3LWFkYWYtZWY3ODQ0N2U2NTBhXkEyXkFqcGc@._V1_QL75_UY133_CR8,0,90,133_.jpg",1h 58m,2024.0,Follows three hardworking women as their destinies lead to some unwarranted situations and they end up caught in a web of lies
Sex-Positive,"Virginia tumbles into a wild and thrilling new world of sexual liberation when she moves in with a group of polyamorous party animals, including the charming but commitment-phobic Jake.",4.1, (904,"https://m.media-amazon.com/images/M/MV5BNzZjMjM2MjEtNGNlYy00NGY4LWJmYzgtZTQzODBkNDk1M2M1XkEyXkFqcGc@._V1_QL75_UX90_CR0,0,90,133_.jpg",1h 25m,2024.0,Virginia tumbles into a wild and thrilling new world of sexual liberation when she moves in with a group of polyamorous party animals including the charming but commitmentphobic jake
Yodha,"After terrorists hijack a passenger plane, an off-duty soldier aboard devises a strategy to defeat the hijackers and ensure the passengers' survival when the engine fails.",5.8, (9.3K,"https://m.media-amazon.com/images/M/MV5BZjAyYjZmMjQtNGZlNi00ZGQ0LTkxNTUtNWQ2YzA3MWJjYjc2XkEyXkFqcGc@._V1_QL75_UY133_CR8,0,90,133_.jpg",2h 10m,2024.0,After terrorists hijack a passenger plane an offduty soldier aboard devises a strategy to defeat the hijackers and ensure the passengers survival when the engine fails
A Legend,An archeologist noticed that the texture of the relics discovered during the excavation of a glacier closely resembled a jade pendant seen in one of his dreams. He and his team then embark on an expedition into the depths of the glacier.,4.7, (1.3K,"https://m.media-amazon.com/images/M/MV5BNjg1MTQ0MmUtY2Y1Ni00MDE5LTg3NjctOTYxNzc5OWFmNWJkXkEyXkFqcGc@._V1_QL75_UY133_CR3,0,90,133_.jpg",2h 9m,2024.0,An archeologist noticed that the texture of the relics discovered during the excavation of a glacier closely resembled a jade pendant seen in one of his dreams he and his team then embark on an expedition into the depths of the glacier
Private Tutor,"Joy, a struggling teacher, tutors Erica. Erica's wealthy widower father Gordon and Erica develop feelings for Joy, who is dissatisfied with her partner Vigo's lack of support.",4.7, (287,"https://m.media-amazon.com/images/M/MV5BMTVjNjdkM2QtMmI1ZS00NTI1LTg0MzctODhmM2M5M2Y5M2MyXkEyXkFqcGc@._V1_QL75_UX90_CR0,0,90,133_.jpg",1h 5m,2024.0,Joy a struggling teacher tutors erica ericas wealthy widower father gordon and erica develop feelings for joy who is dissatisfied with her partner vigos lack of support
Bonhoeffer: Pastor. Spy. Assassin.,"As the world teeters on the brink of annihilation, Dietrich Bonhoeffer joins a deadly plot to assassinate Hitler, risking his faith and fate to save millions of Jews from genocide.",6.2, (4.6K,"https://m.media-amazon.com/images/M/MV5BMmU2MzcyNDUtYjFmMC00NzQwLTgzODUtNWQ2OTExN2ExOTdiXkEyXkFqcGc@._V1_QL75_UX90_CR0,0,90,133_.jpg",2h 13m,2024.0,As the world teeters on the brink of annihilation dietrich bonhoeffer joins a deadly plot to assassinate hitler risking his faith and fate to save millions of jews from genocide
School of Magical Animals 3,"Children with magical animal companions at Winterstein School experience adventures spanning a forest and fashion show, encountering a snobbish cat and vegan crocodile while navigating friendship and first love.",5.7, (512,"https://m.media-amazon.com/images/M/MV5BNDhjZmRmYTAtZDdhMC00NzNlLTgyYmQtMzUwYjdiNWU4MGQzXkEyXkFqcGc@._V1_QL75_UY133_CR2,0,90,133_.jpg",1h 45m,2024.0,Children with magical animal companions at winterstein school experience adventures spanning a forest and fashion show encountering a snobbish cat and vegan crocodile while navigating friendship and first love
Zero,"Two Americans end up in Dakar, Senegal with bombs strapped to their chests and ten hours to find out why.",5.2, (158,"https://m.media-amazon.com/images/M/MV5BZTI4OWMyZmYtMGJmYS00NDc0LTk0YTItYjFiYjkzYzAxZDQ5XkEyXkFqcGc@._V1_QL75_UX90_CR0,0,90,133_.jpg",1h 28m,2024.0,Two americans end up in dakar senegal with bombs strapped to their chests and ten hours to find out why
Vicky Vidya Ka Woh Wala Video,"A newly married couple's relationship and reputation are put at risk when their private video CD is stolen. The story follows their roller coaster journey to recover the CD, navigating a series of unexpected difficulties along the way.",5.2, (12K,"https://m.media-amazon.com/images/M/MV5BNDViYjk4ZmYtNjhhYS00OGQ0LWFlNTktZTYwMzcyZDUwODcwXkEyXkFqcGc@._V1_QL75_UY133_CR8,0,90,133_.jpg",2h 32m,2024.0,A newly married couples relationship and reputation are put at risk when their private video cd is stolen the story follows their roller coaster journey to recover the cd navigating a series of unexpected difficulties along the way
The Family Star,"The highs and lows of family relationships in a Indian middle-class family. The life of Govardhan, who wants to achieve greatness in life but has to navigate through a myriad of relationship/trust/ego issues.",5.4, (6K,"https://m.media-amazon.com/images/M/MV5BZjUyZjdmYjMtODgxNC00NGQxLWFkNjEtNDQ4M2ZhN2ZiZGVmXkEyXkFqcGc@._V1_QL75_UX90_CR0,3,90,133_.jpg",2h 39m,2024.0,The highs and lows of family relationships in a indian middleclass family the life of govardhan who wants to achieve greatness in life but has to navigate through a myriad of relationshiptrustego issues
Mittran Da Challeya Truck Ni,"Satta, a truck driver, wants a practical wife to organize his life. Jindi, an independent woman, desires wealth and luxury. Their clashing paths lead to an unconventional relationship defying traditional romance norms.",7.6, (1.2K,"https://m.media-amazon.com/images/M/MV5BODIxNDllZjQtYTZmYi00MGUyLWE1YzQtYzg2MDhjYmE5OGRkXkEyXkFqcGc@._V1_QL75_UX90_CR0,0,90,133_.jpg",2h 11m,2024.0,Satta a truck driver wants a practical wife to organize his life jindi an independent woman desires wealth and luxury their clashing paths lead to an unconventional relationship defying traditional romance norms
A True Gentleman,It follows a gigolo as he falls in love with a young girl.,4.5, (2.8K,"https://m.media-amazon.com/images/M/MV5BMmVlMDcwYzctNjU1Ny00ZWUyLTk4MzEtOTk4MWE3NzFlMDNlXkEyXkFqcGc@._V1_QL75_UY133_CR3,0,90,133_.jpg",1h 50m,2024.0,It follows a gigolo as he falls in love with a young girl
Wanted Man,"Follows a police officer who must retrieve an eyewitness and escort her after a cartel shooting leaves several DEA agents dead, but then he must decide who to trust when they discover that the attack was executed by American forces.",4.9, (3K,"https://m.media-amazon.com/images/M/MV5BNWIxYzZlMzUtZTg1YS00MDhjLWIwOWEtY2Y5ZmFmZTQ3YzA1XkEyXkFqcGc@._V1_QL75_UY133_CR0,0,90,133_.jpg",1h 25m,2024.0,Follows a police officer who must retrieve an eyewitness and escort her after a cartel shooting leaves several dea agents dead but then he must decide who to trust when they discover that the attack was executed by american forces
Operation: Raqqa,"In 2014, on the streets of Raqa, an international spy Haibala (aka El Saharawi) tries to hunt down El Jordano, one of the most wanted ISIS leaders.",5.6, (581,"https://m.media-amazon.com/images/M/MV5BMDkzMDU5NTYtNjk4ZC00YTcwLTkyMjgtYjc2YTRkYzE4OTBlXkEyXkFqcGc@._V1_QL75_UY133_CR2,0,90,133_.jpg",1h 47m,2024.0,In  on the streets of raqa an international spy haibala aka el saharawi tries to hunt down el jordano one of the most wanted isis leaders
Scurry,"Two strangers who find themselves trapped underground when the city is attacked by a monstrous threat. Badly injured with limited resources they must navigate a treacherous, narrowing tunnel in hopes of finding an exit.",3.7, (901,"https://m.media-amazon.com/images/M/MV5BZDliOTBhMWUtMDU5Ny00ZmExLTk5YTMtMTFkYWIwMjg3NmFkXkEyXkFqcGc@._V1_QL75_UX90_CR0,0,90,133_.jpg",1h 40m,2024.0,Two strangers who find themselves trapped underground when the city is attacked by a monstrous threat badly injured with limited resources they must navigate a treacherous narrowing tunnel in hopes of finding an exit
The Contract,"Following up on a murder investigation, failed journalist Giuseppe falls into the trap of the devil.",6.6, (116,"https://m.media-amazon.com/images/M/MV5BZmM1NTA3YmItMGE5Yy00NzZhLTlkNDgtYTM5YjVhMTY4NmE4XkEyXkFqcGc@._V1_QL75_UY133_CR2,0,90,133_.jpg",1h 45m,2024.0,Following up on a murder investigation failed journalist giuseppe falls into the trap of the devil
TL,"Brenda, a top agent in a BPO company, is always overlooked for promotion. But not this time; as she gets more than intimate with her TL. Is her long awaited position within her reach? Or did she just put herself in a bad situation?",4.5, (236,"https://m.media-amazon.com/images/M/MV5BNTg1MDlkMTYtNGVmNC00YzViLWIyYTQtODQwZDc2ZDY0YWEwXkEyXkFqcGc@._V1_QL75_UX90_CR0,1,90,133_.jpg",46m,2024.0,Brenda a top agent in a bpo company is always overlooked for promotion but not this time as she gets more than intimate with her tl is her long awaited position within her reach or did she just put herself in a bad situation
French Girl,"Gordon Kinski, a high school teacher from Brooklyn, goes with his girlfriend and chef Sophie Tremblay to her hometown of Quebec City where she is testing for the Michelin 3-star restaurant of super-chef Ruby Collins.",5.5, (3.1K,"https://m.media-amazon.com/images/M/MV5BYmMwMzE0NTMtY2NlMi00OTMxLTlhOWYtMDhlNGQ0NzE1ZGMxXkEyXkFqcGc@._V1_QL75_UX90_CR0,0,90,133_.jpg",1h 46m,2024.0,Gordon kinski a high school teacher from brooklyn goes with his girlfriend and chef sophie tremblay to her hometown of quebec city where she is testing for the michelin star restaurant of superchef ruby collins
Legend of the White Dragon,"In the Aftermath, the city was left decimated. A past reminder of the great battle and fall of heroes. The heroes were blamed, stripped of their titles and hunted.",7.9, (54,"https://m.media-amazon.com/images/M/MV5BMmRkNTdhMTQtZDVkYS00MTQzLWJiYjYtYmRlZjIzNzM2ZmY2XkEyXkFqcGc@._V1_QL75_UX90_CR0,0,90,133_.jpg",1h 30m,2024.0,In the aftermath the city was left decimated a past reminder of the great battle and fall of heroes the heroes were blamed stripped of their titles and hunted
Hijack '93,"In an effort to dismantle their military-backed government, four men hijack an airplane, leveraging passengers on board in the name of social change.",3.8, (1.1K,"https://m.media-amazon.com/images/M/MV5BYzNkNDI5NjYtNDRhOC00MDU1LWJkZmEtNzJiOWY1ZDk3ZTIyXkEyXkFqcGc@._V1_QL75_UY133_CR15,0,90,133_.jpg",1h 27m,2024.0,In an effort to dismantle their militarybacked government four men hijack an airplane leveraging passengers on board in the name of social change
Persona,"A Man forms a passionate and sensual relationship with a woman in his dreams, upon waking up he must deceive his surreal hallucinations and Insomnia to find a way to re-unite with her again.",,,,,2024.0,A man forms a passionate and sensual relationship with a woman in his dreams upon waking up he must deceive his surreal hallucinations and insomnia to find a way to reunite with her again
The Underdoggs,"Jaycen ""Two Js"" Jennings is a washed-up ex-professional football star who has hit rock bottom. When Jaycen is sentenced to community service coaching an unruly pee-wee football team, he sees it as an opportunity to turn his life around.",5.6, (4.9K,"https://m.media-amazon.com/images/M/MV5BNWY0MDBmYzEtZDJjNC00MTQ0LWJkZTgtZjQ3YTAyNjU4ZTdhXkEyXkFqcGc@._V1_QL75_UX90_CR0,0,90,133_.jpg",1h 36m,2024.0,Jaycen two js jennings is a washedup exprofessional football star who has hit rock bottom when jaycen is sentenced to community service coaching an unruly peewee football team he sees it as an opportunity to turn his life around
Mylanji,"Surya, a National Geographic photographer with a speech disorder, travels to Ooty to photograph a rare bird. He meets Charu, an orphan escaping forced marriage by choosing another man, but she unknowingly falls for him instead.",9.0, (328,"https://m.media-amazon.com/images/M/MV5BNGQwNmM1MmItODg4NS00MTVhLWI5MzUtZmQ2YWY5OWY4ZWViXkEyXkFqcGc@._V1_QL75_UX90_CR0,1,90,133_.jpg",1h,2024.0,Surya a national geographic photographer with a speech disorder travels to ooty to photograph a rare bird he meets charu an orphan escaping forced marriage by choosing another man but she unknowingly falls for him instead
Tura!,"Documentary on the life of Faster, Pussycat. Kill. Kill. star/Asian American actress Tura Satana. A wild ride chronicling Tura's brutal childhood, burlesque career, cult movie stardom, and impact as a female icon and cinema pioneer.",7.1, (157,"https://m.media-amazon.com/images/M/MV5BN2YwYTU2OTYtNTAxNS00MjFjLTg5NDMtY2MwZmU3MDE0NmVhXkEyXkFqcGc@._V1_QL75_UX90_CR0,1,90,133_.jpg",1h 45m,2024.0,Documentary on the life of faster pussycat kill kill starasian american actress tura satana a wild ride chronicling turas brutal childhood burlesque career cult movie stardom and impact as a female icon and cinema pioneer
The Curse of the Necklace,Family navigates turbulent 1960s dynamics. Mom separates from alcoholic husband. Daughters grapple with changes. Dad's antique gift hides dark force that imperils all.,4.4, (1.9K,"https://m.media-amazon.com/images/M/MV5BNjgwOTVlYzEtNGRhZi00YjliLTlhZGUtOWQxYjg0YTc2MjU1XkEyXkFqcGc@._V1_QL75_UY133_CR2,0,90,133_.jpg",1h 39m,2024.0,Family navigates turbulent s dynamics mom separates from alcoholic husband daughters grapple with changes dads antique gift hides dark force that imperils all
Wake,"Desperate for a lead role in a Hollywood remake, a struggling actress tracks down the lead of the original film who's now a mysterious recluse. Strange occurrences quickly turn the meeting into a nightmare.",3.4, (324,"https://m.media-amazon.com/images/M/MV5BZDI2NTFhZmQtODYzNi00N2I3LTkzOTAtNjY3ZWU2ZmIzZWVmXkEyXkFqcGc@._V1_QL75_UX90_CR0,1,90,133_.jpg",1h 25m,2024.0,Desperate for a lead role in a hollywood remake a struggling actress tracks down the lead of the original film whos now a mysterious recluse strange occurrences quickly turn the meeting into a nightmare
Bardovi,"Anant, a hearse driver, discovers his late mother and grandmother were involved in a mysterious experiment after having strange dreams about them.",7.0, (79,"https://m.media-amazon.com/images/M/MV5BYWI5NGU1YjAtZjkwYS00MjE3LTk0YWItMzEyODk2YmQ2NDMxXkEyXkFqcGc@._V1_QL75_UX90_CR0,1,90,133_.jpg",2h 30m,2024.0,Anant a hearse driver discovers his late mother and grandmother were involved in a mysterious experiment after having strange dreams about them
Katas,"Carmina works as a maid in a mansion and soon learns about the dirty secret of their masters, Alex and Grace.",4.6, (328,"https://m.media-amazon.com/images/M/MV5BMDYzMzA1ODAtMzMyOS00OGFlLWIxN2MtMmYxODUwM2I3YTA5XkEyXkFqcGc@._V1_QL75_UX90_CR0,1,90,133_.jpg",1h 41m,2024.0,Carmina works as a maid in a mansion and soon learns about the dirty secret of their masters alex and grace
The Corpse Washer,"Lela, a mortician, grapples with uncovering the truth behind her mother's mysterious deaths while haunted by spirits and burdened by the weight of untold secrets.",6.1, (1.6K,"https://m.media-amazon.com/images/M/MV5BNzUwMTE1YTUtYzU0NS00M2I3LTk2YjItOWRjNWI2NzBjYjExXkEyXkFqcGc@._V1_QL75_UY133_CR2,0,90,133_.jpg",1h 47m,2024.0,Lela a mortician grapples with uncovering the truth behind her mothers mysterious deaths while haunted by spirits and burdened by the weight of untold secrets
Donselya,"An 18-year-old virgin, Iris, enters a marriage of convenience with wealthy widower Joaquin for financial gain. However, the discovery of her deceit regarding her purity leads to a disastrous honeymoon.",5.5, (106,"https://m.media-amazon.com/images/M/MV5BYjk1ZjM4N2QtNTI2ZC00ZDdjLWJhYmEtMTBkM2IxNDJlY2JkXkEyXkFqcGc@._V1_QL75_UX90_CR0,1,90,133_.jpg",1h 40m,2024.0,An yearold virgin iris enters a marriage of convenience with wealthy widower joaquin for financial gain however the discovery of her deceit regarding her purity leads to a disastrous honeymoon
Don't Open the Door,"Far from civilization, in a frozen forest on an inhospitable mountainside, a group of researchers is attacked by an unidentified figure. The sole survivor, a young biologist, takes refuge in the isolated cabin of a mysterious man must live",6.5, (8.4K,"https://m.media-amazon.com/images/M/MV5BNjJhYTY3ZDAtNDM1Ny00NGM2LTk4YjMtZTk5ZTdiODA0ZmM0XkEyXkFqcGc@._V1_QL75_UY133_CR2,0,90,133_.jpg",1h 27m,2024.0,Far from civilization in a frozen forest on an inhospitable mountainside a group of researchers is attacked by an unidentified figure the sole survivor a young biologist takes refuge in the isolated cabin of a mysterious man must live
Uhaw,A wife learns that her husband who's in coma had an affair. She confronts the other woman but instead finds solace in her. She then realizes she's falling for her husband's mistress.,4.2, (176,"https://m.media-amazon.com/images/M/MV5BZjg1MTE2ZGMtNTExZS00MjU4LWIyOTctZTkyOTIwY2E4N2FmXkEyXkFqcGc@._V1_QL75_UX90_CR0,1,90,133_.jpg",1h 52m,2024.0,A wife learns that her husband whos in coma had an affair she confronts the other woman but instead finds solace in her she then realizes shes falling for her husbands mistress
Krista,"Krista is happy with the simple life she's living with the husband she loves very much. But her ambitious husband ends up losing big at cockfighting, forcing him to commit a crime, and leading Krista to use her body to save him.",5.3, (84,"https://m.media-amazon.com/images/M/MV5BMTFhNDViOTgtNjA5ZS00ZjNkLTk3NDQtYWZmMmZiYmRmYWUxXkEyXkFqcGc@._V1_QL75_UY133_CR8,0,90,133_.jpg",58m,2024.0,Krista is happy with the simple life shes living with the husband she loves very much but her ambitious husband ends up losing big at cockfighting forcing him to commit a crime and leading krista to use her body to save him
Woody Woodpecker Goes to Camp,"Woody Woodpecker must find a new home after being kicked out of the forest. At Camp Woo Hoo, he thinks he's found a forever home, but there's an inspector on the loose who wants to shut down the camp.",4.5, (2.9K,"https://m.media-amazon.com/images/M/MV5BMDg5YjAzNDAtOGJlOC00NmQ4LTkwY2EtOTg5OWJkOGJiY2NhXkEyXkFqcGc@._V1_QL75_UY133_CR8,0,90,133_.jpg",1h 40m,2024.0,Woody woodpecker must find a new home after being kicked out of the forest at camp woo hoo he thinks hes found a forever home but theres an inspector on the loose who wants to shut down the camp
Bull Run,"In the wilds of Wall Street, one junior banker discovers that the only thing more dangerous than billion-dollar deals are the men signing them.",4.2, (259,"https://m.media-amazon.com/images/M/MV5BNWRkMjBkZjYtNjI1My00ZTgxLWJjZjctMjYyNmI1ODM1ZmQ0XkEyXkFqcGc@._V1_QL75_UY133_CR1,0,90,133_.jpg",1h 37m,2024.0,In the wilds of wall street one junior banker discovers that the only thing more dangerous than billiondollar deals are the men signing them
Justice,"A discharged police officer is given a chance to regain his former life by capturing a bank robbery crew. Teaming up with a young policewoman, the ex-cop must act swiftly before the heist draws unwanted scrutiny from the new authorities.",6.3, (4.5K,"https://m.media-amazon.com/images/M/MV5BZmM1MjNjZDQtZjNhNS00YzI1LWIwYzUtNzM4MjU1ODliNjVlXkEyXkFqcGc@._V1_QL75_UX90_CR0,0,90,133_.jpg",1h 53m,2024.0,A discharged police officer is given a chance to regain his former life by capturing a bank robbery crew teaming up with a young policewoman the excop must act swiftly before the heist draws unwanted scrutiny from the new authorities
Striking Rescue,A veteran Muay Thai expert goes on a take-no-prisoners mission of revenge after his wife and daughter are brutally murdered by mysterious forces.,5.7, (1.3K,"https://m.media-amazon.com/images/M/MV5BYWIxNzdhNWQtNjAzYi00MTk4LTlmNTAtZDdiOGQ4ZWI0ZGU2XkEyXkFqcGc@._V1_QL75_UY133_CR0,0,90,133_.jpg",1h 51m,2024.0,A veteran muay thai expert goes on a takenoprisoners mission of revenge after his wife and daughter are brutally murdered by mysterious forces
Hitpig,A bounty hunter pig finds himself trekking the globe with a free-spirited elephant he intended to capture.,5.2, (1.3K,"https://m.media-amazon.com/images/M/MV5BYjdlYTJjNWEtYjdkOS00ODUzLWEwMGItYjY3OWNkNWM2ZDc1XkEyXkFqcGc@._V1_QL75_UY133_CR0,0,90,133_.jpg",1h 26m,2024.0,A bounty hunter pig finds himself trekking the globe with a freespirited elephant he intended to capture
Parallel,"Follows the journey of Vanessa, a grief-stricken woman who mysteriously finds herself navigating between parallel spaces.",5.3, (2.3K,"https://m.media-amazon.com/images/M/MV5BOTkyZjJiZmQtM2I1Zi00MjhkLWIwZWItNTUzMDQ5NzAyMmZiXkEyXkFqcGc@._V1_QL75_UX90_CR0,0,90,133_.jpg",1h 28m,2024.0,Follows the journey of vanessa a griefstricken woman who mysteriously finds herself navigating between parallel spaces
Anunnakiler,"In Istanbul, the creator of a powerful aphrodisiac and several people mysteriously disappear. The police question Kasim, who mentions an alien named Agulu from the planet Nibiru. Agulu is smuggling Earth's aphrodisiac resources to Nibiru. When Hamdi and his crew reveal this secret, they are eliminated by the Anunnaki.",2.5, (518,"https://m.media-amazon.com/images/M/MV5BMGEwMDczOWQtOGEwNC00N2RmLTgzOTItMzk3YzQ3MDZmMjlmXkEyXkFqcGc@._V1_QL75_UX90_CR0,1,90,133_.jpg",1h 16m,2024.0,In istanbul the creator of a powerful aphrodisiac and several people mysteriously disappear the police question kasim who mentions an alien named agulu from the planet nibiru agulu is smuggling earths aphrodisiac resources to nibiru when hamdi and his crew reveal this secret they are eliminated by the anunnaki
Saint Clare,"In a small town a solitary woman is haunted by voices that lead her to assassinate ill intended people and get away with it, until her last kill sucks her down a rabbit hole riddled with corruption, trafficking and visions from the beyond.",4.6, (1.2K,"https://m.media-amazon.com/images/M/MV5BMTlhOTI3Y2EtODUzYy00NmJkLTk5NDQtNDdiMTg1Yzg0ZDhkXkEyXkFqcGc@._V1_QL75_UX90_CR0,0,90,133_.jpg",1h 32m,2024.0,In a small town a solitary woman is haunted by voices that lead her to assassinate ill intended people and get away with it until her last kill sucks her down a rabbit hole riddled with corruption trafficking and visions from the beyond
Dead Sea,"Stranded in the open sea after a fatal accident, a young woman and her two friends are rescued by a fishing vessel's captain, unaware that the ship harbors a chilling secret.",5.2, (6K,"https://m.media-amazon.com/images/M/MV5BNGZiOGFhZDUtNDUyMi00ODhjLWIwZGQtNzQyMmQwNGMzMWZiXkEyXkFqcGc@._V1_QL75_UX90_CR0,0,90,133_.jpg",1h 28m,2024.0,Stranded in the open sea after a fatal accident a young woman and her two friends are rescued by a fishing vessels captain unaware that the ship harbors a chilling secret
Ardaas Sarbat De Bhalle Di,"Gurmukh Singh and diverse individuals embark on a pilgrimage to Sri Hazur Sahib, and during their bus journey, their personal prayers become a shared Ardaas.",8.0, (456,"https://m.media-amazon.com/images/M/MV5BNDBhMWEyZjMtZGU0Ni00YzZjLThmNTAtZGRkNmFhMWM1NTMwXkEyXkFqcGc@._V1_QL75_UY133_CR22,0,90,133_.jpg",2h 13m,2024.0,Gurmukh singh and diverse individuals embark on a pilgrimage to sri hazur sahib and during their bus journey their personal prayers become a shared ardaas
Kill Em All 2,Phillip comes face to face with a Russian-French terrorist who comes exact vengeance on him for killing his brother.,4.1, (1.6K,"https://m.media-amazon.com/images/M/MV5BMTFjZTg5ZjQtZDgwYy00M2EwLWJiZjItMGMyNzE4YTcyMTIwXkEyXkFqcGc@._V1_QL75_UY133_CR5,0,90,133_.jpg",1h 28m,2024.0,Phillip comes face to face with a russianfrench terrorist who comes exact vengeance on him for killing his brother
